name,team,sport,stat,matchup,projection,line,edge,direction,reason
Ryan Waldschmidt,ARI,mlb,H,ARI@STL,1.08,0.0,1.08,OVER,Targeting Ryan Waldschmidt OVER 0.0 H. Model projects 1.1 (1.08 edge). Recent trends and opponent weakness support this play.
Ryan Waldschmidt,ARI,mlb,HR,ARI@STL,0.1,0.0,0.1,OVER,"Marginal +EV opportunity: Ryan Waldschmidt is projected for 0.1 HR vs a line of 0.0, giving a OVER edge of 0.10. Based on recent form, opponent matchup, and game context."
Ryan Waldschmidt,ARI,mlb,RBI,ARI@STL,0.57,0.0,0.57,OVER,Targeting Ryan Waldschmidt OVER 0.0 RBI. Model projects 0.6 (0.57 edge). Recent trends and opponent weakness support this play.
Ryan Waldschmidt,ARI,mlb,R,ARI@STL,0.47,0.0,0.47,OVER,"Marginal +EV opportunity: Ryan Waldschmidt is projected for 0.5 R vs a line of 0.0, giving a OVER edge of 0.47. Based on recent form, opponent matchup, and game context."
Ryan Waldschmidt,ARI,mlb,SB,ARI@STL,0.14,0.0,0.14,OVER,Targeting Ryan Waldschmidt OVER 0.0 SB. Model projects 0.1 (0.14 edge). Recent trends and opponent weakness support this play.
Ryan Waldschmidt,ARI,mlb,TB,ARI@STL,1.73,0.0,1.73,OVER,"Moderate +EV opportunity: Ryan Waldschmidt is projected for 1.7 TB vs a line of 0.0, giving a OVER edge of 1.73. Based on recent form, opponent matchup, and game context."
Ryan Waldschmidt,ARI,mlb,BB,ARI@STL,0.34,0.0,0.34,OVER,Ryan Waldschmidt shows OVER value at 0.0 BB. TC projection: 0.3 — edge: 0.34. Marginal conviction based on usage rate and defensive matchup.
Ryan Waldschmidt,ARI,mlb,K,ARI@STL,0.9,0.0,0.9,OVER,Targeting Ryan Waldschmidt OVER 0.0 K. Model projects 0.9 (0.90 edge). Recent trends and opponent weakness support this play.
Ryan Waldschmidt,ARI,mlb,AVG,ARI@STL,0.229,0.0,0.229,OVER,"Marginal +EV opportunity: Ryan Waldschmidt is projected for 0.2 AVG vs a line of 0.0, giving a OVER edge of 0.23. Based on recent form, opponent matchup, and game context."
Ildemaro Vargas,ARI,mlb,H,ARI@STL,1.13,0.0,1.13,OVER,Targeting Ildemaro Vargas OVER 0.0 H. Model projects 1.1 (1.13 edge). Recent trends and opponent weakness support this play.
Ildemaro Vargas,ARI,mlb,HR,ARI@STL,0.14,0.0,0.14,OVER,Targeting Ildemaro Vargas OVER 0.0 HR. Model projects 0.1 (0.14 edge). Recent trends and opponent weakness support this play.
Ildemaro Vargas,ARI,mlb,RBI,ARI@STL,0.44,0.0,0.44,OVER,Targeting Ildemaro Vargas OVER 0.0 RBI. Model projects 0.4 (0.44 edge). Recent trends and opponent weakness support this play.
Ildemaro Vargas,ARI,mlb,R,ARI@STL,0.47,0.0,0.47,OVER,Ildemaro Vargas shows OVER value at 0.0 R. TC projection: 0.5 — edge: 0.47. Marginal conviction based on usage rate and defensive matchup.
Ildemaro Vargas,ARI,mlb,SB,ARI@STL,0.12,0.0,0.12,OVER,Ildemaro Vargas shows OVER value at 0.0 SB. TC projection: 0.1 — edge: 0.12. Marginal conviction based on usage rate and defensive matchup.
Ildemaro Vargas,ARI,mlb,TB,ARI@STL,1.9,0.0,1.9,OVER,"Moderate +EV opportunity: Ildemaro Vargas is projected for 1.9 TB vs a line of 0.0, giving a OVER edge of 1.90. Based on recent form, opponent matchup, and game context."
Ildemaro Vargas,ARI,mlb,BB,ARI@STL,0.43,0.0,0.43,OVER,Targeting Ildemaro Vargas OVER 0.0 BB. Model projects 0.4 (0.43 edge). Recent trends and opponent weakness support this play.
Ildemaro Vargas,ARI,mlb,K,ARI@STL,0.8,0.0,0.8,OVER,Targeting Ildemaro Vargas OVER 0.0 K. Model projects 0.8 (0.80 edge). Recent trends and opponent weakness support this play.
Ildemaro Vargas,ARI,mlb,AVG,ARI@STL,0.286,0.0,0.286,OVER,"Marginal +EV opportunity: Ildemaro Vargas is projected for 0.3 AVG vs a line of 0.0, giving a OVER edge of 0.29. Based on recent form, opponent matchup, and game context."
Gabriel Moreno,ARI,mlb,H,ARI@STL,0.91,0.0,0.91,OVER,Targeting Gabriel Moreno OVER 0.0 H. Model projects 0.9 (0.91 edge). Recent trends and opponent weakness support this play.
Gabriel Moreno,ARI,mlb,HR,ARI@STL,0.11,0.0,0.11,OVER,"Marginal +EV opportunity: Gabriel Moreno is projected for 0.1 HR vs a line of 0.0, giving a OVER edge of 0.11. Based on recent form, opponent matchup, and game context."
Gabriel Moreno,ARI,mlb,RBI,ARI@STL,0.54,0.0,0.54,OVER,Targeting Gabriel Moreno OVER 0.0 RBI. Model projects 0.5 (0.54 edge). Recent trends and opponent weakness support this play.
Gabriel Moreno,ARI,mlb,R,ARI@STL,0.49,0.0,0.49,OVER,Gabriel Moreno shows OVER value at 0.0 R. TC projection: 0.5 — edge: 0.49. Marginal conviction based on usage rate and defensive matchup.
Gabriel Moreno,ARI,mlb,SB,ARI@STL,0.1,0.0,0.1,OVER,Targeting Gabriel Moreno OVER 0.0 SB. Model projects 0.1 (0.10 edge). Recent trends and opponent weakness support this play.
Gabriel Moreno,ARI,mlb,TB,ARI@STL,1.58,0.0,1.58,OVER,Gabriel Moreno shows OVER value at 0.0 TB. TC projection: 1.6 — edge: 1.58. Moderate conviction based on usage rate and defensive matchup.
Gabriel Moreno,ARI,mlb,BB,ARI@STL,0.44,0.0,0.44,OVER,Targeting Gabriel Moreno OVER 0.0 BB. Model projects 0.4 (0.44 edge). Recent trends and opponent weakness support this play.
Gabriel Moreno,ARI,mlb,K,ARI@STL,0.9,0.0,0.9,OVER,Targeting Gabriel Moreno OVER 0.0 K. Model projects 0.9 (0.90 edge). Recent trends and opponent weakness support this play.
Gabriel Moreno,ARI,mlb,AVG,ARI@STL,0.295,0.0,0.295,OVER,"Marginal +EV opportunity: Gabriel Moreno is projected for 0.3 AVG vs a line of 0.0, giving a OVER edge of 0.29. Based on recent form, opponent matchup, and game context."
Geraldo Perdomo,ARI,mlb,H,ARI@STL,0.93,0.0,0.93,OVER,"Marginal +EV opportunity: Geraldo Perdomo is projected for 0.9 H vs a line of 0.0, giving a OVER edge of 0.93. Based on recent form, opponent matchup, and game context."
Geraldo Perdomo,ARI,mlb,HR,ARI@STL,0.1,0.0,0.1,OVER,Geraldo Perdomo shows OVER value at 0.0 HR. TC projection: 0.1 — edge: 0.10. Marginal conviction based on usage rate and defensive matchup.
Geraldo Perdomo,ARI,mlb,RBI,ARI@STL,0.63,0.0,0.63,OVER,"Marginal +EV opportunity: Geraldo Perdomo is projected for 0.6 RBI vs a line of 0.0, giving a OVER edge of 0.63. Based on recent form, opponent matchup, and game context."
Geraldo Perdomo,ARI,mlb,R,ARI@STL,0.48,0.0,0.48,OVER,Geraldo Perdomo shows OVER value at 0.0 R. TC projection: 0.5 — edge: 0.48. Marginal conviction based on usage rate and defensive matchup.
Geraldo Perdomo,ARI,mlb,SB,ARI@STL,0.1,0.0,0.1,OVER,Geraldo Perdomo shows OVER value at 0.0 SB. TC projection: 0.1 — edge: 0.10. Marginal conviction based on usage rate and defensive matchup.
Geraldo Perdomo,ARI,mlb,TB,ARI@STL,1.77,0.0,1.77,OVER,Geraldo Perdomo shows OVER value at 0.0 TB. TC projection: 1.8 — edge: 1.77. Moderate conviction based on usage rate and defensive matchup.
Geraldo Perdomo,ARI,mlb,BB,ARI@STL,0.41,0.0,0.41,OVER,"Marginal +EV opportunity: Geraldo Perdomo is projected for 0.4 BB vs a line of 0.0, giving a OVER edge of 0.41. Based on recent form, opponent matchup, and game context."
Geraldo Perdomo,ARI,mlb,K,ARI@STL,1.0,0.0,1.0,OVER,"Marginal +EV opportunity: Geraldo Perdomo is projected for 1.0 K vs a line of 0.0, giving a OVER edge of 1.00. Based on recent form, opponent matchup, and game context."
Geraldo Perdomo,ARI,mlb,AVG,ARI@STL,0.232,0.0,0.232,OVER,Geraldo Perdomo shows OVER value at 0.0 AVG. TC projection: 0.2 — edge: 0.23. Marginal conviction based on usage rate and defensive matchup.
Jimmy Crooks,STL,mlb,H,ARI@STL,0.88,0.0,0.88,OVER,"Marginal +EV opportunity: Jimmy Crooks is projected for 0.9 H vs a line of 0.0, giving a OVER edge of 0.88. Based on recent form, opponent matchup, and game context."
Jimmy Crooks,STL,mlb,HR,ARI@STL,0.14,0.0,0.14,OVER,Targeting Jimmy Crooks OVER 0.0 HR. Model projects 0.1 (0.14 edge). Recent trends and opponent weakness support this play.
Jimmy Crooks,STL,mlb,RBI,ARI@STL,0.55,0.0,0.55,OVER,Targeting Jimmy Crooks OVER 0.0 RBI. Model projects 0.6 (0.55 edge). Recent trends and opponent weakness support this play.
Jimmy Crooks,STL,mlb,R,ARI@STL,0.63,0.0,0.63,OVER,"Marginal +EV opportunity: Jimmy Crooks is projected for 0.6 R vs a line of 0.0, giving a OVER edge of 0.63. Based on recent form, opponent matchup, and game context."
Jimmy Crooks,STL,mlb,SB,ARI@STL,0.13,0.0,0.13,OVER,Targeting Jimmy Crooks OVER 0.0 SB. Model projects 0.1 (0.13 edge). Recent trends and opponent weakness support this play.
Jimmy Crooks,STL,mlb,TB,ARI@STL,1.59,0.0,1.59,OVER,Jimmy Crooks shows OVER value at 0.0 TB. TC projection: 1.6 — edge: 1.59. Moderate conviction based on usage rate and defensive matchup.
Jimmy Crooks,STL,mlb,BB,ARI@STL,0.45,0.0,0.45,OVER,Jimmy Crooks shows OVER value at 0.0 BB. TC projection: 0.5 — edge: 0.45. Marginal conviction based on usage rate and defensive matchup.
Jimmy Crooks,STL,mlb,K,ARI@STL,0.9,0.0,0.9,OVER,Targeting Jimmy Crooks OVER 0.0 K. Model projects 0.9 (0.90 edge). Recent trends and opponent weakness support this play.
Jimmy Crooks,STL,mlb,AVG,ARI@STL,0.236,0.0,0.236,OVER,Targeting Jimmy Crooks OVER 0.0 AVG. Model projects 0.2 (0.24 edge). Recent trends and opponent weakness support this play.
Ivan Herrera,STL,mlb,H,ARI@STL,0.82,0.0,0.82,OVER,Ivan Herrera shows OVER value at 0.0 H. TC projection: 0.8 — edge: 0.82. Marginal conviction based on usage rate and defensive matchup.
Ivan Herrera,STL,mlb,HR,ARI@STL,0.1,0.0,0.1,OVER,"Marginal +EV opportunity: Ivan Herrera is projected for 0.1 HR vs a line of 0.0, giving a OVER edge of 0.10. Based on recent form, opponent matchup, and game context."
Ivan Herrera,STL,mlb,RBI,ARI@STL,0.6,0.0,0.6,OVER,Targeting Ivan Herrera OVER 0.0 RBI. Model projects 0.6 (0.60 edge). Recent trends and opponent weakness support this play.
Ivan Herrera,STL,mlb,R,ARI@STL,0.64,0.0,0.64,OVER,"Marginal +EV opportunity: Ivan Herrera is projected for 0.6 R vs a line of 0.0, giving a OVER edge of 0.64. Based on recent form, opponent matchup, and game context."
Ivan Herrera,STL,mlb,SB,ARI@STL,0.11,0.0,0.11,OVER,"Marginal +EV opportunity: Ivan Herrera is projected for 0.1 SB vs a line of 0.0, giving a OVER edge of 0.11. Based on recent form, opponent matchup, and game context."
Ivan Herrera,STL,mlb,TB,ARI@STL,1.39,0.0,1.39,OVER,Ivan Herrera shows OVER value at 0.0 TB. TC projection: 1.4 — edge: 1.39. Moderate conviction based on usage rate and defensive matchup.
Ivan Herrera,STL,mlb,BB,ARI@STL,0.47,0.0,0.47,OVER,Ivan Herrera shows OVER value at 0.0 BB. TC projection: 0.5 — edge: 0.47. Marginal conviction based on usage rate and defensive matchup.
Ivan Herrera,STL,mlb,K,ARI@STL,1.0,0.0,1.0,OVER,Ivan Herrera shows OVER value at 0.0 K. TC projection: 1.0 — edge: 1.00. Marginal conviction based on usage rate and defensive matchup.
Ivan Herrera,STL,mlb,AVG,ARI@STL,0.212,0.0,0.212,OVER,Targeting Ivan Herrera OVER 0.0 AVG. Model projects 0.2 (0.21 edge). Recent trends and opponent weakness support this play.
Jordan Walker,STL,mlb,H,ARI@STL,0.88,0.0,0.88,OVER,Jordan Walker shows OVER value at 0.0 H. TC projection: 0.9 — edge: 0.88. Marginal conviction based on usage rate and defensive matchup.
Jordan Walker,STL,mlb,HR,ARI@STL,0.13,0.0,0.13,OVER,Targeting Jordan Walker OVER 0.0 HR. Model projects 0.1 (0.13 edge). Recent trends and opponent weakness support this play.
Jordan Walker,STL,mlb,RBI,ARI@STL,0.53,0.0,0.53,OVER,Targeting Jordan Walker OVER 0.0 RBI. Model projects 0.5 (0.53 edge). Recent trends and opponent weakness support this play.
Jordan Walker,STL,mlb,R,ARI@STL,0.61,0.0,0.61,OVER,Targeting Jordan Walker OVER 0.0 R. Model projects 0.6 (0.61 edge). Recent trends and opponent weakness support this play.
Jordan Walker,STL,mlb,SB,ARI@STL,0.13,0.0,0.13,OVER,Jordan Walker shows OVER value at 0.0 SB. TC projection: 0.1 — edge: 0.13. Marginal conviction based on usage rate and defensive matchup.
Jordan Walker,STL,mlb,TB,ARI@STL,1.44,0.0,1.44,OVER,Jordan Walker shows OVER value at 0.0 TB. TC projection: 1.4 — edge: 1.44. Moderate conviction based on usage rate and defensive matchup.
Jordan Walker,STL,mlb,BB,ARI@STL,0.36,0.0,0.36,OVER,Jordan Walker shows OVER value at 0.0 BB. TC projection: 0.4 — edge: 0.36. Marginal conviction based on usage rate and defensive matchup.
Jordan Walker,STL,mlb,K,ARI@STL,1.0,0.0,1.0,OVER,"Marginal +EV opportunity: Jordan Walker is projected for 1.0 K vs a line of 0.0, giving a OVER edge of 1.00. Based on recent form, opponent matchup, and game context."
Jordan Walker,STL,mlb,AVG,ARI@STL,0.21,0.0,0.21,OVER,Targeting Jordan Walker OVER 0.0 AVG. Model projects 0.2 (0.21 edge). Recent trends and opponent weakness support this play.
Lars Nootbaar,STL,mlb,H,ARI@STL,1.19,0.0,1.19,OVER,"Moderate +EV opportunity: Lars Nootbaar is projected for 1.2 H vs a line of 0.0, giving a OVER edge of 1.19. Based on recent form, opponent matchup, and game context."
Lars Nootbaar,STL,mlb,HR,ARI@STL,0.11,0.0,0.11,OVER,Targeting Lars Nootbaar OVER 0.0 HR. Model projects 0.1 (0.11 edge). Recent trends and opponent weakness support this play.
Lars Nootbaar,STL,mlb,RBI,ARI@STL,0.45,0.0,0.45,OVER,"Marginal +EV opportunity: Lars Nootbaar is projected for 0.5 RBI vs a line of 0.0, giving a OVER edge of 0.45. Based on recent form, opponent matchup, and game context."
Lars Nootbaar,STL,mlb,R,ARI@STL,0.48,0.0,0.48,OVER,Targeting Lars Nootbaar OVER 0.0 R. Model projects 0.5 (0.48 edge). Recent trends and opponent weakness support this play.
Lars Nootbaar,STL,mlb,SB,ARI@STL,0.14,0.0,0.14,OVER,Targeting Lars Nootbaar OVER 0.0 SB. Model projects 0.1 (0.14 edge). Recent trends and opponent weakness support this play.
Lars Nootbaar,STL,mlb,TB,ARI@STL,1.68,0.0,1.68,OVER,Targeting Lars Nootbaar OVER 0.0 TB. Model projects 1.7 (1.68 edge). Recent trends and opponent weakness support this play.
Lars Nootbaar,STL,mlb,BB,ARI@STL,0.39,0.0,0.39,OVER,Lars Nootbaar shows OVER value at 0.0 BB. TC projection: 0.4 — edge: 0.39. Marginal conviction based on usage rate and defensive matchup.
Lars Nootbaar,STL,mlb,K,ARI@STL,0.7,0.0,0.7,OVER,"Marginal +EV opportunity: Lars Nootbaar is projected for 0.7 K vs a line of 0.0, giving a OVER edge of 0.70. Based on recent form, opponent matchup, and game context."
Lars Nootbaar,STL,mlb,AVG,ARI@STL,0.208,0.0,0.208,OVER,Targeting Lars Nootbaar OVER 0.0 AVG. Model projects 0.2 (0.21 edge). Recent trends and opponent weakness support this play.
Michael Massey,KC,mlb,H,KC@DET,0.93,0.0,0.93,OVER,"Marginal +EV opportunity: Michael Massey is projected for 0.9 H vs a line of 0.0, giving a OVER edge of 0.93. Based on recent form, opponent matchup, and game context."
Michael Massey,KC,mlb,HR,KC@DET,0.1,0.0,0.1,OVER,Targeting Michael Massey OVER 0.0 HR. Model projects 0.1 (0.10 edge). Recent trends and opponent weakness support this play.
Michael Massey,KC,mlb,RBI,KC@DET,0.65,0.0,0.65,OVER,Targeting Michael Massey OVER 0.0 RBI. Model projects 0.7 (0.65 edge). Recent trends and opponent weakness support this play.
Michael Massey,KC,mlb,R,KC@DET,0.63,0.0,0.63,OVER,Michael Massey shows OVER value at 0.0 R. TC projection: 0.6 — edge: 0.63. Marginal conviction based on usage rate and defensive matchup.
Michael Massey,KC,mlb,SB,KC@DET,0.14,0.0,0.14,OVER,Michael Massey shows OVER value at 0.0 SB. TC projection: 0.1 — edge: 0.14. Marginal conviction based on usage rate and defensive matchup.
Michael Massey,KC,mlb,TB,KC@DET,1.96,0.0,1.96,OVER,Targeting Michael Massey OVER 0.0 TB. Model projects 2.0 (1.96 edge). Recent trends and opponent weakness support this play.
Michael Massey,KC,mlb,BB,KC@DET,0.44,0.0,0.44,OVER,"Marginal +EV opportunity: Michael Massey is projected for 0.4 BB vs a line of 0.0, giving a OVER edge of 0.44. Based on recent form, opponent matchup, and game context."
Michael Massey,KC,mlb,K,KC@DET,1.0,0.0,1.0,OVER,Michael Massey shows OVER value at 0.0 K. TC projection: 1.0 — edge: 1.00. Marginal conviction based on usage rate and defensive matchup.
Michael Massey,KC,mlb,AVG,KC@DET,0.262,0.0,0.262,OVER,Michael Massey shows OVER value at 0.0 AVG. TC projection: 0.3 — edge: 0.26. Marginal conviction based on usage rate and defensive matchup.
Lane Thomas,CLE,mlb,H,KC@DET,1.14,0.0,1.14,OVER,Lane Thomas shows OVER value at 0.0 H. TC projection: 1.1 — edge: 1.14. Moderate conviction based on usage rate and defensive matchup.
Lane Thomas,CLE,mlb,HR,KC@DET,0.1,0.0,0.1,OVER,Lane Thomas shows OVER value at 0.0 HR. TC projection: 0.1 — edge: 0.10. Marginal conviction based on usage rate and defensive matchup.
Lane Thomas,CLE,mlb,RBI,KC@DET,0.53,0.0,0.53,OVER,Targeting Lane Thomas OVER 0.0 RBI. Model projects 0.5 (0.53 edge). Recent trends and opponent weakness support this play.
Lane Thomas,CLE,mlb,R,KC@DET,0.5,0.0,0.5,OVER,Lane Thomas shows OVER value at 0.0 R. TC projection: 0.5 — edge: 0.50. Marginal conviction based on usage rate and defensive matchup.
Lane Thomas,CLE,mlb,SB,KC@DET,0.13,0.0,0.13,OVER,Lane Thomas shows OVER value at 0.0 SB. TC projection: 0.1 — edge: 0.13. Marginal conviction based on usage rate and defensive matchup.
Lane Thomas,CLE,mlb,TB,KC@DET,1.61,0.0,1.61,OVER,Lane Thomas shows OVER value at 0.0 TB. TC projection: 1.6 — edge: 1.61. Moderate conviction based on usage rate and defensive matchup.
Lane Thomas,CLE,mlb,BB,KC@DET,0.46,0.0,0.46,OVER,Targeting Lane Thomas OVER 0.0 BB. Model projects 0.5 (0.46 edge). Recent trends and opponent weakness support this play.
Lane Thomas,CLE,mlb,K,KC@DET,0.8,0.0,0.8,OVER,"Marginal +EV opportunity: Lane Thomas is projected for 0.8 K vs a line of 0.0, giving a OVER edge of 0.80. Based on recent form, opponent matchup, and game context."
Lane Thomas,CLE,mlb,AVG,KC@DET,0.231,0.0,0.231,OVER,Targeting Lane Thomas OVER 0.0 AVG. Model projects 0.2 (0.23 edge). Recent trends and opponent weakness support this play.
Carter Jensen,KC,mlb,H,KC@DET,0.88,0.0,0.88,OVER,"Marginal +EV opportunity: Carter Jensen is projected for 0.9 H vs a line of 0.0, giving a OVER edge of 0.88. Based on recent form, opponent matchup, and game context."
Carter Jensen,KC,mlb,HR,KC@DET,0.13,0.0,0.13,OVER,Targeting Carter Jensen OVER 0.0 HR. Model projects 0.1 (0.13 edge). Recent trends and opponent weakness support this play.
Carter Jensen,KC,mlb,RBI,KC@DET,0.59,0.0,0.59,OVER,Carter Jensen shows OVER value at 0.0 RBI. TC projection: 0.6 — edge: 0.59. Marginal conviction based on usage rate and defensive matchup.
Carter Jensen,KC,mlb,R,KC@DET,0.53,0.0,0.53,OVER,Carter Jensen shows OVER value at 0.0 R. TC projection: 0.5 — edge: 0.53. Marginal conviction based on usage rate and defensive matchup.
Carter Jensen,KC,mlb,SB,KC@DET,0.11,0.0,0.11,OVER,"Marginal +EV opportunity: Carter Jensen is projected for 0.1 SB vs a line of 0.0, giving a OVER edge of 0.11. Based on recent form, opponent matchup, and game context."
Carter Jensen,KC,mlb,TB,KC@DET,1.35,0.0,1.35,OVER,"Moderate +EV opportunity: Carter Jensen is projected for 1.4 TB vs a line of 0.0, giving a OVER edge of 1.35. Based on recent form, opponent matchup, and game context."
Carter Jensen,KC,mlb,BB,KC@DET,0.33,0.0,0.33,OVER,Targeting Carter Jensen OVER 0.0 BB. Model projects 0.3 (0.33 edge). Recent trends and opponent weakness support this play.
Carter Jensen,KC,mlb,K,KC@DET,0.9,0.0,0.9,OVER,Targeting Carter Jensen OVER 0.0 K. Model projects 0.9 (0.90 edge). Recent trends and opponent weakness support this play.
Carter Jensen,KC,mlb,AVG,KC@DET,0.229,0.0,0.229,OVER,"Marginal +EV opportunity: Carter Jensen is projected for 0.2 AVG vs a line of 0.0, giving a OVER edge of 0.23. Based on recent form, opponent matchup, and game context."
Jac Caglianone,KC,mlb,H,KC@DET,0.8,0.0,0.8,OVER,"Marginal +EV opportunity: Jac Caglianone is projected for 0.8 H vs a line of 0.0, giving a OVER edge of 0.80. Based on recent form, opponent matchup, and game context."
Jac Caglianone,KC,mlb,HR,KC@DET,0.11,0.0,0.11,OVER,Jac Caglianone shows OVER value at 0.0 HR. TC projection: 0.1 — edge: 0.11. Marginal conviction based on usage rate and defensive matchup.
Jac Caglianone,KC,mlb,RBI,KC@DET,0.5,0.0,0.5,OVER,Jac Caglianone shows OVER value at 0.0 RBI. TC projection: 0.5 — edge: 0.50. Marginal conviction based on usage rate and defensive matchup.
Jac Caglianone,KC,mlb,R,KC@DET,0.57,0.0,0.57,OVER,Targeting Jac Caglianone OVER 0.0 R. Model projects 0.6 (0.57 edge). Recent trends and opponent weakness support this play.
Jac Caglianone,KC,mlb,SB,KC@DET,0.14,0.0,0.14,OVER,Jac Caglianone shows OVER value at 0.0 SB. TC projection: 0.1 — edge: 0.14. Marginal conviction based on usage rate and defensive matchup.
Jac Caglianone,KC,mlb,TB,KC@DET,1.5,0.0,1.5,OVER,Jac Caglianone shows OVER value at 0.0 TB. TC projection: 1.5 — edge: 1.50. Moderate conviction based on usage rate and defensive matchup.
Jac Caglianone,KC,mlb,BB,KC@DET,0.46,0.0,0.46,OVER,"Marginal +EV opportunity: Jac Caglianone is projected for 0.5 BB vs a line of 0.0, giving a OVER edge of 0.46. Based on recent form, opponent matchup, and game context."
Jac Caglianone,KC,mlb,K,KC@DET,0.7,0.0,0.7,OVER,Jac Caglianone shows OVER value at 0.0 K. TC projection: 0.7 — edge: 0.70. Marginal conviction based on usage rate and defensive matchup.
Jac Caglianone,KC,mlb,AVG,KC@DET,0.247,0.0,0.247,OVER,Jac Caglianone shows OVER value at 0.0 AVG. TC projection: 0.2 — edge: 0.25. Marginal conviction based on usage rate and defensive matchup.
Riley Greene,DET,mlb,H,KC@DET,0.85,0.0,0.85,OVER,Targeting Riley Greene OVER 0.0 H. Model projects 0.8 (0.85 edge). Recent trends and opponent weakness support this play.
Riley Greene,DET,mlb,HR,KC@DET,0.1,0.0,0.1,OVER,Riley Greene shows OVER value at 0.0 HR. TC projection: 0.1 — edge: 0.10. Marginal conviction based on usage rate and defensive matchup.
Riley Greene,DET,mlb,RBI,KC@DET,0.53,0.0,0.53,OVER,Targeting Riley Greene OVER 0.0 RBI. Model projects 0.5 (0.53 edge). Recent trends and opponent weakness support this play.
Riley Greene,DET,mlb,R,KC@DET,0.64,0.0,0.64,OVER,"Marginal +EV opportunity: Riley Greene is projected for 0.6 R vs a line of 0.0, giving a OVER edge of 0.64. Based on recent form, opponent matchup, and game context."
Riley Greene,DET,mlb,SB,KC@DET,0.13,0.0,0.13,OVER,"Marginal +EV opportunity: Riley Greene is projected for 0.1 SB vs a line of 0.0, giving a OVER edge of 0.13. Based on recent form, opponent matchup, and game context."
Riley Greene,DET,mlb,TB,KC@DET,1.74,0.0,1.74,OVER,Riley Greene shows OVER value at 0.0 TB. TC projection: 1.7 — edge: 1.74. Moderate conviction based on usage rate and defensive matchup.
Riley Greene,DET,mlb,BB,KC@DET,0.39,0.0,0.39,OVER,"Marginal +EV opportunity: Riley Greene is projected for 0.4 BB vs a line of 0.0, giving a OVER edge of 0.39. Based on recent form, opponent matchup, and game context."
Riley Greene,DET,mlb,K,KC@DET,0.8,0.0,0.8,OVER,Targeting Riley Greene OVER 0.0 K. Model projects 0.8 (0.80 edge). Recent trends and opponent weakness support this play.
Riley Greene,DET,mlb,AVG,KC@DET,0.229,0.0,0.229,OVER,"Marginal +EV opportunity: Riley Greene is projected for 0.2 AVG vs a line of 0.0, giving a OVER edge of 0.23. Based on recent form, opponent matchup, and game context."
Zach McKinstry,DET,mlb,H,KC@DET,1.19,0.0,1.19,OVER,"Moderate +EV opportunity: Zach McKinstry is projected for 1.2 H vs a line of 0.0, giving a OVER edge of 1.19. Based on recent form, opponent matchup, and game context."
Zach McKinstry,DET,mlb,HR,KC@DET,0.1,0.0,0.1,OVER,"Marginal +EV opportunity: Zach McKinstry is projected for 0.1 HR vs a line of 0.0, giving a OVER edge of 0.10. Based on recent form, opponent matchup, and game context."
Zach McKinstry,DET,mlb,RBI,KC@DET,0.48,0.0,0.48,OVER,Targeting Zach McKinstry OVER 0.0 RBI. Model projects 0.5 (0.48 edge). Recent trends and opponent weakness support this play.
Zach McKinstry,DET,mlb,R,KC@DET,0.54,0.0,0.54,OVER,"Marginal +EV opportunity: Zach McKinstry is projected for 0.5 R vs a line of 0.0, giving a OVER edge of 0.54. Based on recent form, opponent matchup, and game context."
Zach McKinstry,DET,mlb,SB,KC@DET,0.13,0.0,0.13,OVER,"Marginal +EV opportunity: Zach McKinstry is projected for 0.1 SB vs a line of 0.0, giving a OVER edge of 0.13. Based on recent form, opponent matchup, and game context."
Zach McKinstry,DET,mlb,TB,KC@DET,1.79,0.0,1.79,OVER,Zach McKinstry shows OVER value at 0.0 TB. TC projection: 1.8 — edge: 1.79. Moderate conviction based on usage rate and defensive matchup.
Zach McKinstry,DET,mlb,BB,KC@DET,0.43,0.0,0.43,OVER,Targeting Zach McKinstry OVER 0.0 BB. Model projects 0.4 (0.43 edge). Recent trends and opponent weakness support this play.
Zach McKinstry,DET,mlb,K,KC@DET,0.8,0.0,0.8,OVER,Targeting Zach McKinstry OVER 0.0 K. Model projects 0.8 (0.80 edge). Recent trends and opponent weakness support this play.
Zach McKinstry,DET,mlb,AVG,KC@DET,0.283,0.0,0.283,OVER,Zach McKinstry shows OVER value at 0.0 AVG. TC projection: 0.3 — edge: 0.28. Marginal conviction based on usage rate and defensive matchup.
Hao-Yu Lee,DET,mlb,H,KC@DET,1.09,0.0,1.09,OVER,Targeting Hao-Yu Lee OVER 0.0 H. Model projects 1.1 (1.09 edge). Recent trends and opponent weakness support this play.
Hao-Yu Lee,DET,mlb,HR,KC@DET,0.11,0.0,0.11,OVER,"Marginal +EV opportunity: Hao-Yu Lee is projected for 0.1 HR vs a line of 0.0, giving a OVER edge of 0.11. Based on recent form, opponent matchup, and game context."
Hao-Yu Lee,DET,mlb,RBI,KC@DET,0.64,0.0,0.64,OVER,Targeting Hao-Yu Lee OVER 0.0 RBI. Model projects 0.6 (0.64 edge). Recent trends and opponent weakness support this play.
Hao-Yu Lee,DET,mlb,R,KC@DET,0.6,0.0,0.6,OVER,Hao-Yu Lee shows OVER value at 0.0 R. TC projection: 0.6 — edge: 0.60. Marginal conviction based on usage rate and defensive matchup.
Hao-Yu Lee,DET,mlb,SB,KC@DET,0.11,0.0,0.11,OVER,Targeting Hao-Yu Lee OVER 0.0 SB. Model projects 0.1 (0.11 edge). Recent trends and opponent weakness support this play.
Hao-Yu Lee,DET,mlb,TB,KC@DET,1.48,0.0,1.48,OVER,"Moderate +EV opportunity: Hao-Yu Lee is projected for 1.5 TB vs a line of 0.0, giving a OVER edge of 1.48. Based on recent form, opponent matchup, and game context."
Hao-Yu Lee,DET,mlb,BB,KC@DET,0.36,0.0,0.36,OVER,Targeting Hao-Yu Lee OVER 0.0 BB. Model projects 0.4 (0.36 edge). Recent trends and opponent weakness support this play.
Hao-Yu Lee,DET,mlb,K,KC@DET,0.7,0.0,0.7,OVER,Targeting Hao-Yu Lee OVER 0.0 K. Model projects 0.7 (0.70 edge). Recent trends and opponent weakness support this play.
Hao-Yu Lee,DET,mlb,AVG,KC@DET,0.272,0.0,0.272,OVER,"Marginal +EV opportunity: Hao-Yu Lee is projected for 0.3 AVG vs a line of 0.0, giving a OVER edge of 0.27. Based on recent form, opponent matchup, and game context."
Dillon Dingler,DET,mlb,H,KC@DET,0.87,0.0,0.87,OVER,Dillon Dingler shows OVER value at 0.0 H. TC projection: 0.9 — edge: 0.87. Marginal conviction based on usage rate and defensive matchup.
Dillon Dingler,DET,mlb,HR,KC@DET,0.11,0.0,0.11,OVER,"Marginal +EV opportunity: Dillon Dingler is projected for 0.1 HR vs a line of 0.0, giving a OVER edge of 0.11. Based on recent form, opponent matchup, and game context."
Dillon Dingler,DET,mlb,RBI,KC@DET,0.61,0.0,0.61,OVER,"Marginal +EV opportunity: Dillon Dingler is projected for 0.6 RBI vs a line of 0.0, giving a OVER edge of 0.61. Based on recent form, opponent matchup, and game context."
Dillon Dingler,DET,mlb,R,KC@DET,0.56,0.0,0.56,OVER,"Marginal +EV opportunity: Dillon Dingler is projected for 0.6 R vs a line of 0.0, giving a OVER edge of 0.56. Based on recent form, opponent matchup, and game context."
Dillon Dingler,DET,mlb,SB,KC@DET,0.11,0.0,0.11,OVER,Dillon Dingler shows OVER value at 0.0 SB. TC projection: 0.1 — edge: 0.11. Marginal conviction based on usage rate and defensive matchup.
Dillon Dingler,DET,mlb,TB,KC@DET,1.61,0.0,1.61,OVER,Targeting Dillon Dingler OVER 0.0 TB. Model projects 1.6 (1.61 edge). Recent trends and opponent weakness support this play.
Dillon Dingler,DET,mlb,BB,KC@DET,0.33,0.0,0.33,OVER,Dillon Dingler shows OVER value at 0.0 BB. TC projection: 0.3 — edge: 0.33. Marginal conviction based on usage rate and defensive matchup.
Dillon Dingler,DET,mlb,K,KC@DET,0.8,0.0,0.8,OVER,Targeting Dillon Dingler OVER 0.0 K. Model projects 0.8 (0.80 edge). Recent trends and opponent weakness support this play.
Dillon Dingler,DET,mlb,AVG,KC@DET,0.203,0.0,0.203,OVER,"Marginal +EV opportunity: Dillon Dingler is projected for 0.2 AVG vs a line of 0.0, giving a OVER edge of 0.20. Based on recent form, opponent matchup, and game context."
Brooks Lee,MIN,mlb,H,MIN@CLE,0.93,0.0,0.93,OVER,Targeting Brooks Lee OVER 0.0 H. Model projects 0.9 (0.93 edge). Recent trends and opponent weakness support this play.
Brooks Lee,MIN,mlb,HR,MIN@CLE,0.12,0.0,0.12,OVER,"Marginal +EV opportunity: Brooks Lee is projected for 0.1 HR vs a line of 0.0, giving a OVER edge of 0.12. Based on recent form, opponent matchup, and game context."
Brooks Lee,MIN,mlb,RBI,MIN@CLE,0.65,0.0,0.65,OVER,Brooks Lee shows OVER value at 0.0 RBI. TC projection: 0.7 — edge: 0.65. Marginal conviction based on usage rate and defensive matchup.
Brooks Lee,MIN,mlb,R,MIN@CLE,0.64,0.0,0.64,OVER,"Marginal +EV opportunity: Brooks Lee is projected for 0.6 R vs a line of 0.0, giving a OVER edge of 0.64. Based on recent form, opponent matchup, and game context."
Brooks Lee,MIN,mlb,SB,MIN@CLE,0.13,0.0,0.13,OVER,Brooks Lee shows OVER value at 0.0 SB. TC projection: 0.1 — edge: 0.13. Marginal conviction based on usage rate and defensive matchup.
Brooks Lee,MIN,mlb,TB,MIN@CLE,1.44,0.0,1.44,OVER,Brooks Lee shows OVER value at 0.0 TB. TC projection: 1.4 — edge: 1.44. Moderate conviction based on usage rate and defensive matchup.
Brooks Lee,MIN,mlb,BB,MIN@CLE,0.43,0.0,0.43,OVER,Brooks Lee shows OVER value at 0.0 BB. TC projection: 0.4 — edge: 0.43. Marginal conviction based on usage rate and defensive matchup.
Brooks Lee,MIN,mlb,K,MIN@CLE,1.0,0.0,1.0,OVER,"Marginal +EV opportunity: Brooks Lee is projected for 1.0 K vs a line of 0.0, giving a OVER edge of 1.00. Based on recent form, opponent matchup, and game context."
Brooks Lee,MIN,mlb,AVG,MIN@CLE,0.224,0.0,0.224,OVER,"Marginal +EV opportunity: Brooks Lee is projected for 0.2 AVG vs a line of 0.0, giving a OVER edge of 0.22. Based on recent form, opponent matchup, and game context."
Kody Clemens,MIN,mlb,H,MIN@CLE,0.94,0.0,0.94,OVER,"Marginal +EV opportunity: Kody Clemens is projected for 0.9 H vs a line of 0.0, giving a OVER edge of 0.94. Based on recent form, opponent matchup, and game context."
Kody Clemens,MIN,mlb,HR,MIN@CLE,0.11,0.0,0.11,OVER,Targeting Kody Clemens OVER 0.0 HR. Model projects 0.1 (0.11 edge). Recent trends and opponent weakness support this play.
Kody Clemens,MIN,mlb,RBI,MIN@CLE,0.59,0.0,0.59,OVER,"Marginal +EV opportunity: Kody Clemens is projected for 0.6 RBI vs a line of 0.0, giving a OVER edge of 0.59. Based on recent form, opponent matchup, and game context."
Kody Clemens,MIN,mlb,R,MIN@CLE,0.52,0.0,0.52,OVER,"Marginal +EV opportunity: Kody Clemens is projected for 0.5 R vs a line of 0.0, giving a OVER edge of 0.52. Based on recent form, opponent matchup, and game context."
Kody Clemens,MIN,mlb,SB,MIN@CLE,0.13,0.0,0.13,OVER,Kody Clemens shows OVER value at 0.0 SB. TC projection: 0.1 — edge: 0.13. Marginal conviction based on usage rate and defensive matchup.
Kody Clemens,MIN,mlb,TB,MIN@CLE,1.86,0.0,1.86,OVER,Kody Clemens shows OVER value at 0.0 TB. TC projection: 1.9 — edge: 1.86. Moderate conviction based on usage rate and defensive matchup.
Kody Clemens,MIN,mlb,BB,MIN@CLE,0.47,0.0,0.47,OVER,Targeting Kody Clemens OVER 0.0 BB. Model projects 0.5 (0.47 edge). Recent trends and opponent weakness support this play.
Kody Clemens,MIN,mlb,K,MIN@CLE,0.7,0.0,0.7,OVER,Targeting Kody Clemens OVER 0.0 K. Model projects 0.7 (0.70 edge). Recent trends and opponent weakness support this play.
Kody Clemens,MIN,mlb,AVG,MIN@CLE,0.294,0.0,0.294,OVER,Kody Clemens shows OVER value at 0.0 AVG. TC projection: 0.3 — edge: 0.29. Marginal conviction based on usage rate and defensive matchup.
Luke Keaschall,MIN,mlb,H,MIN@CLE,0.85,0.0,0.85,OVER,Luke Keaschall shows OVER value at 0.0 H. TC projection: 0.8 — edge: 0.85. Marginal conviction based on usage rate and defensive matchup.
Luke Keaschall,MIN,mlb,HR,MIN@CLE,0.13,0.0,0.13,OVER,Luke Keaschall shows OVER value at 0.0 HR. TC projection: 0.1 — edge: 0.13. Marginal conviction based on usage rate and defensive matchup.
Luke Keaschall,MIN,mlb,RBI,MIN@CLE,0.57,0.0,0.57,OVER,Luke Keaschall shows OVER value at 0.0 RBI. TC projection: 0.6 — edge: 0.57. Marginal conviction based on usage rate and defensive matchup.
Luke Keaschall,MIN,mlb,R,MIN@CLE,0.61,0.0,0.61,OVER,Luke Keaschall shows OVER value at 0.0 R. TC projection: 0.6 — edge: 0.61. Marginal conviction based on usage rate and defensive matchup.
Luke Keaschall,MIN,mlb,SB,MIN@CLE,0.1,0.0,0.1,OVER,Targeting Luke Keaschall OVER 0.0 SB. Model projects 0.1 (0.10 edge). Recent trends and opponent weakness support this play.
Luke Keaschall,MIN,mlb,TB,MIN@CLE,1.98,0.0,1.98,OVER,"Moderate +EV opportunity: Luke Keaschall is projected for 2.0 TB vs a line of 0.0, giving a OVER edge of 1.98. Based on recent form, opponent matchup, and game context."
Luke Keaschall,MIN,mlb,BB,MIN@CLE,0.46,0.0,0.46,OVER,Targeting Luke Keaschall OVER 0.0 BB. Model projects 0.5 (0.46 edge). Recent trends and opponent weakness support this play.
Luke Keaschall,MIN,mlb,K,MIN@CLE,1.0,0.0,1.0,OVER,"Marginal +EV opportunity: Luke Keaschall is projected for 1.0 K vs a line of 0.0, giving a OVER edge of 1.00. Based on recent form, opponent matchup, and game context."
Luke Keaschall,MIN,mlb,AVG,MIN@CLE,0.293,0.0,0.293,OVER,Targeting Luke Keaschall OVER 0.0 AVG. Model projects 0.3 (0.29 edge). Recent trends and opponent weakness support this play.
Byron Buxton,MIN,mlb,H,MIN@CLE,0.96,0.0,0.96,OVER,"Marginal +EV opportunity: Byron Buxton is projected for 1.0 H vs a line of 0.0, giving a OVER edge of 0.96. Based on recent form, opponent matchup, and game context."
Byron Buxton,MIN,mlb,HR,MIN@CLE,0.12,0.0,0.12,OVER,"Marginal +EV opportunity: Byron Buxton is projected for 0.1 HR vs a line of 0.0, giving a OVER edge of 0.12. Based on recent form, opponent matchup, and game context."
Byron Buxton,MIN,mlb,RBI,MIN@CLE,0.57,0.0,0.57,OVER,Targeting Byron Buxton OVER 0.0 RBI. Model projects 0.6 (0.57 edge). Recent trends and opponent weakness support this play.
Byron Buxton,MIN,mlb,R,MIN@CLE,0.53,0.0,0.53,OVER,Byron Buxton shows OVER value at 0.0 R. TC projection: 0.5 — edge: 0.53. Marginal conviction based on usage rate and defensive matchup.
Byron Buxton,MIN,mlb,SB,MIN@CLE,0.11,0.0,0.11,OVER,"Marginal +EV opportunity: Byron Buxton is projected for 0.1 SB vs a line of 0.0, giving a OVER edge of 0.11. Based on recent form, opponent matchup, and game context."
Byron Buxton,MIN,mlb,TB,MIN@CLE,1.55,0.0,1.55,OVER,Byron Buxton shows OVER value at 0.0 TB. TC projection: 1.6 — edge: 1.55. Moderate conviction based on usage rate and defensive matchup.
Byron Buxton,MIN,mlb,BB,MIN@CLE,0.43,0.0,0.43,OVER,Byron Buxton shows OVER value at 0.0 BB. TC projection: 0.4 — edge: 0.43. Marginal conviction based on usage rate and defensive matchup.
Byron Buxton,MIN,mlb,K,MIN@CLE,0.9,0.0,0.9,OVER,"Marginal +EV opportunity: Byron Buxton is projected for 0.9 K vs a line of 0.0, giving a OVER edge of 0.90. Based on recent form, opponent matchup, and game context."
Byron Buxton,MIN,mlb,AVG,MIN@CLE,0.288,0.0,0.288,OVER,"Marginal +EV opportunity: Byron Buxton is projected for 0.3 AVG vs a line of 0.0, giving a OVER edge of 0.29. Based on recent form, opponent matchup, and game context."
Travis Bazzana,CLE,mlb,H,MIN@CLE,1.11,0.0,1.11,OVER,Travis Bazzana shows OVER value at 0.0 H. TC projection: 1.1 — edge: 1.11. Moderate conviction based on usage rate and defensive matchup.
Travis Bazzana,CLE,mlb,HR,MIN@CLE,0.12,0.0,0.12,OVER,Targeting Travis Bazzana OVER 0.0 HR. Model projects 0.1 (0.12 edge). Recent trends and opponent weakness support this play.
Travis Bazzana,CLE,mlb,RBI,MIN@CLE,0.49,0.0,0.49,OVER,Travis Bazzana shows OVER value at 0.0 RBI. TC projection: 0.5 — edge: 0.49. Marginal conviction based on usage rate and defensive matchup.
Travis Bazzana,CLE,mlb,R,MIN@CLE,0.66,0.0,0.66,OVER,Targeting Travis Bazzana OVER 0.0 R. Model projects 0.7 (0.66 edge). Recent trends and opponent weakness support this play.
Travis Bazzana,CLE,mlb,SB,MIN@CLE,0.14,0.0,0.14,OVER,"Marginal +EV opportunity: Travis Bazzana is projected for 0.1 SB vs a line of 0.0, giving a OVER edge of 0.14. Based on recent form, opponent matchup, and game context."
Travis Bazzana,CLE,mlb,TB,MIN@CLE,1.69,0.0,1.69,OVER,Targeting Travis Bazzana OVER 0.0 TB. Model projects 1.7 (1.69 edge). Recent trends and opponent weakness support this play.
Travis Bazzana,CLE,mlb,BB,MIN@CLE,0.47,0.0,0.47,OVER,Targeting Travis Bazzana OVER 0.0 BB. Model projects 0.5 (0.47 edge). Recent trends and opponent weakness support this play.
Travis Bazzana,CLE,mlb,K,MIN@CLE,1.0,0.0,1.0,OVER,Targeting Travis Bazzana OVER 0.0 K. Model projects 1.0 (1.00 edge). Recent trends and opponent weakness support this play.
Travis Bazzana,CLE,mlb,AVG,MIN@CLE,0.256,0.0,0.256,OVER,Travis Bazzana shows OVER value at 0.0 AVG. TC projection: 0.3 — edge: 0.26. Marginal conviction based on usage rate and defensive matchup.
Rhys Hoskins,MIL,mlb,H,MIN@CLE,0.96,0.0,0.96,OVER,"Marginal +EV opportunity: Rhys Hoskins is projected for 1.0 H vs a line of 0.0, giving a OVER edge of 0.96. Based on recent form, opponent matchup, and game context."
Rhys Hoskins,MIL,mlb,HR,MIN@CLE,0.11,0.0,0.11,OVER,Rhys Hoskins shows OVER value at 0.0 HR. TC projection: 0.1 — edge: 0.11. Marginal conviction based on usage rate and defensive matchup.
Rhys Hoskins,MIL,mlb,RBI,MIN@CLE,0.49,0.0,0.49,OVER,Rhys Hoskins shows OVER value at 0.0 RBI. TC projection: 0.5 — edge: 0.49. Marginal conviction based on usage rate and defensive matchup.
Rhys Hoskins,MIL,mlb,R,MIN@CLE,0.53,0.0,0.53,OVER,Rhys Hoskins shows OVER value at 0.0 R. TC projection: 0.5 — edge: 0.53. Marginal conviction based on usage rate and defensive matchup.
Rhys Hoskins,MIL,mlb,SB,MIN@CLE,0.13,0.0,0.13,OVER,Targeting Rhys Hoskins OVER 0.0 SB. Model projects 0.1 (0.13 edge). Recent trends and opponent weakness support this play.
Rhys Hoskins,MIL,mlb,TB,MIN@CLE,1.81,0.0,1.81,OVER,Targeting Rhys Hoskins OVER 0.0 TB. Model projects 1.8 (1.81 edge). Recent trends and opponent weakness support this play.
Rhys Hoskins,MIL,mlb,BB,MIN@CLE,0.46,0.0,0.46,OVER,Rhys Hoskins shows OVER value at 0.0 BB. TC projection: 0.5 — edge: 0.46. Marginal conviction based on usage rate and defensive matchup.
Rhys Hoskins,MIL,mlb,K,MIN@CLE,1.0,0.0,1.0,OVER,"Marginal +EV opportunity: Rhys Hoskins is projected for 1.0 K vs a line of 0.0, giving a OVER edge of 1.00. Based on recent form, opponent matchup, and game context."
Rhys Hoskins,MIL,mlb,AVG,MIN@CLE,0.214,0.0,0.214,OVER,Rhys Hoskins shows OVER value at 0.0 AVG. TC projection: 0.2 — edge: 0.21. Marginal conviction based on usage rate and defensive matchup.
Daniel Schneemann,CLE,mlb,H,MIN@CLE,0.86,0.0,0.86,OVER,"Marginal +EV opportunity: Daniel Schneemann is projected for 0.9 H vs a line of 0.0, giving a OVER edge of 0.86. Based on recent form, opponent matchup, and game context."
Daniel Schneemann,CLE,mlb,HR,MIN@CLE,0.1,0.0,0.1,OVER,Targeting Daniel Schneemann OVER 0.0 HR. Model projects 0.1 (0.10 edge). Recent trends and opponent weakness support this play.
Daniel Schneemann,CLE,mlb,RBI,MIN@CLE,0.65,0.0,0.65,OVER,Targeting Daniel Schneemann OVER 0.0 RBI. Model projects 0.7 (0.65 edge). Recent trends and opponent weakness support this play.
Daniel Schneemann,CLE,mlb,R,MIN@CLE,0.57,0.0,0.57,OVER,Targeting Daniel Schneemann OVER 0.0 R. Model projects 0.6 (0.57 edge). Recent trends and opponent weakness support this play.
Daniel Schneemann,CLE,mlb,SB,MIN@CLE,0.12,0.0,0.12,OVER,"Marginal +EV opportunity: Daniel Schneemann is projected for 0.1 SB vs a line of 0.0, giving a OVER edge of 0.12. Based on recent form, opponent matchup, and game context."
Daniel Schneemann,CLE,mlb,TB,MIN@CLE,1.39,0.0,1.39,OVER,Targeting Daniel Schneemann OVER 0.0 TB. Model projects 1.4 (1.39 edge). Recent trends and opponent weakness support this play.
Daniel Schneemann,CLE,mlb,BB,MIN@CLE,0.4,0.0,0.4,OVER,Targeting Daniel Schneemann OVER 0.0 BB. Model projects 0.4 (0.40 edge). Recent trends and opponent weakness support this play.
Daniel Schneemann,CLE,mlb,K,MIN@CLE,0.7,0.0,0.7,OVER,"Marginal +EV opportunity: Daniel Schneemann is projected for 0.7 K vs a line of 0.0, giving a OVER edge of 0.70. Based on recent form, opponent matchup, and game context."
Daniel Schneemann,CLE,mlb,AVG,MIN@CLE,0.281,0.0,0.281,OVER,Targeting Daniel Schneemann OVER 0.0 AVG. Model projects 0.3 (0.28 edge). Recent trends and opponent weakness support this play.
Gabriel Arias,CLE,mlb,H,MIN@CLE,1.08,0.0,1.08,OVER,Gabriel Arias shows OVER value at 0.0 H. TC projection: 1.1 — edge: 1.08. Moderate conviction based on usage rate and defensive matchup.
Gabriel Arias,CLE,mlb,HR,MIN@CLE,0.11,0.0,0.11,OVER,"Marginal +EV opportunity: Gabriel Arias is projected for 0.1 HR vs a line of 0.0, giving a OVER edge of 0.11. Based on recent form, opponent matchup, and game context."
Gabriel Arias,CLE,mlb,RBI,MIN@CLE,0.56,0.0,0.56,OVER,Gabriel Arias shows OVER value at 0.0 RBI. TC projection: 0.6 — edge: 0.56. Marginal conviction based on usage rate and defensive matchup.
Gabriel Arias,CLE,mlb,R,MIN@CLE,0.59,0.0,0.59,OVER,"Marginal +EV opportunity: Gabriel Arias is projected for 0.6 R vs a line of 0.0, giving a OVER edge of 0.59. Based on recent form, opponent matchup, and game context."
Gabriel Arias,CLE,mlb,SB,MIN@CLE,0.11,0.0,0.11,OVER,Gabriel Arias shows OVER value at 0.0 SB. TC projection: 0.1 — edge: 0.11. Marginal conviction based on usage rate and defensive matchup.
Gabriel Arias,CLE,mlb,TB,MIN@CLE,1.37,0.0,1.37,OVER,"Moderate +EV opportunity: Gabriel Arias is projected for 1.4 TB vs a line of 0.0, giving a OVER edge of 1.37. Based on recent form, opponent matchup, and game context."
Gabriel Arias,CLE,mlb,BB,MIN@CLE,0.45,0.0,0.45,OVER,"Marginal +EV opportunity: Gabriel Arias is projected for 0.5 BB vs a line of 0.0, giving a OVER edge of 0.45. Based on recent form, opponent matchup, and game context."
Gabriel Arias,CLE,mlb,K,MIN@CLE,0.7,0.0,0.7,OVER,Gabriel Arias shows OVER value at 0.0 K. TC projection: 0.7 — edge: 0.70. Marginal conviction based on usage rate and defensive matchup.
Gabriel Arias,CLE,mlb,AVG,MIN@CLE,0.228,0.0,0.228,OVER,Targeting Gabriel Arias OVER 0.0 AVG. Model projects 0.2 (0.23 edge). Recent trends and opponent weakness support this play.
Jake Cronenworth,SD,mlb,H,SD@ATL,0.91,0.0,0.91,OVER,Targeting Jake Cronenworth OVER 0.0 H. Model projects 0.9 (0.91 edge). Recent trends and opponent weakness support this play.
Jake Cronenworth,SD,mlb,HR,SD@ATL,0.12,0.0,0.12,OVER,"Marginal +EV opportunity: Jake Cronenworth is projected for 0.1 HR vs a line of 0.0, giving a OVER edge of 0.12. Based on recent form, opponent matchup, and game context."
Jake Cronenworth,SD,mlb,RBI,SD@ATL,0.52,0.0,0.52,OVER,Targeting Jake Cronenworth OVER 0.0 RBI. Model projects 0.5 (0.52 edge). Recent trends and opponent weakness support this play.
Jake Cronenworth,SD,mlb,R,SD@ATL,0.51,0.0,0.51,OVER,"Marginal +EV opportunity: Jake Cronenworth is projected for 0.5 R vs a line of 0.0, giving a OVER edge of 0.51. Based on recent form, opponent matchup, and game context."
Jake Cronenworth,SD,mlb,SB,SD@ATL,0.11,0.0,0.11,OVER,Jake Cronenworth shows OVER value at 0.0 SB. TC projection: 0.1 — edge: 0.11. Marginal conviction based on usage rate and defensive matchup.
Jake Cronenworth,SD,mlb,TB,SD@ATL,1.71,0.0,1.71,OVER,Jake Cronenworth shows OVER value at 0.0 TB. TC projection: 1.7 — edge: 1.71. Moderate conviction based on usage rate and defensive matchup.
Jake Cronenworth,SD,mlb,BB,SD@ATL,0.38,0.0,0.38,OVER,Jake Cronenworth shows OVER value at 0.0 BB. TC projection: 0.4 — edge: 0.38. Marginal conviction based on usage rate and defensive matchup.
Jake Cronenworth,SD,mlb,K,SD@ATL,0.9,0.0,0.9,OVER,Jake Cronenworth shows OVER value at 0.0 K. TC projection: 0.9 — edge: 0.90. Marginal conviction based on usage rate and defensive matchup.
Jake Cronenworth,SD,mlb,AVG,SD@ATL,0.23,0.0,0.23,OVER,Jake Cronenworth shows OVER value at 0.0 AVG. TC projection: 0.2 — edge: 0.23. Marginal conviction based on usage rate and defensive matchup.
Manny Machado,SD,mlb,H,SD@ATL,1.12,0.0,1.12,OVER,Manny Machado shows OVER value at 0.0 H. TC projection: 1.1 — edge: 1.12. Moderate conviction based on usage rate and defensive matchup.
Manny Machado,SD,mlb,HR,SD@ATL,0.12,0.0,0.12,OVER,Manny Machado shows OVER value at 0.0 HR. TC projection: 0.1 — edge: 0.12. Marginal conviction based on usage rate and defensive matchup.
Manny Machado,SD,mlb,RBI,SD@ATL,0.62,0.0,0.62,OVER,"Marginal +EV opportunity: Manny Machado is projected for 0.6 RBI vs a line of 0.0, giving a OVER edge of 0.62. Based on recent form, opponent matchup, and game context."
Manny Machado,SD,mlb,R,SD@ATL,0.46,0.0,0.46,OVER,Manny Machado shows OVER value at 0.0 R. TC projection: 0.5 — edge: 0.46. Marginal conviction based on usage rate and defensive matchup.
Manny Machado,SD,mlb,SB,SD@ATL,0.11,0.0,0.11,OVER,"Marginal +EV opportunity: Manny Machado is projected for 0.1 SB vs a line of 0.0, giving a OVER edge of 0.11. Based on recent form, opponent matchup, and game context."
Manny Machado,SD,mlb,TB,SD@ATL,1.33,0.0,1.33,OVER,"Moderate +EV opportunity: Manny Machado is projected for 1.3 TB vs a line of 0.0, giving a OVER edge of 1.33. Based on recent form, opponent matchup, and game context."
Manny Machado,SD,mlb,BB,SD@ATL,0.46,0.0,0.46,OVER,Manny Machado shows OVER value at 0.0 BB. TC projection: 0.5 — edge: 0.46. Marginal conviction based on usage rate and defensive matchup.
Manny Machado,SD,mlb,K,SD@ATL,0.9,0.0,0.9,OVER,Targeting Manny Machado OVER 0.0 K. Model projects 0.9 (0.90 edge). Recent trends and opponent weakness support this play.
Manny Machado,SD,mlb,AVG,SD@ATL,0.223,0.0,0.223,OVER,Manny Machado shows OVER value at 0.0 AVG. TC projection: 0.2 — edge: 0.22. Marginal conviction based on usage rate and defensive matchup.
Sung-Mun Song,SD,mlb,H,SD@ATL,1.13,0.0,1.13,OVER,Targeting Sung-Mun Song OVER 0.0 H. Model projects 1.1 (1.13 edge). Recent trends and opponent weakness support this play.
Sung-Mun Song,SD,mlb,HR,SD@ATL,0.11,0.0,0.11,OVER,Targeting Sung-Mun Song OVER 0.0 HR. Model projects 0.1 (0.11 edge). Recent trends and opponent weakness support this play.
Sung-Mun Song,SD,mlb,RBI,SD@ATL,0.6,0.0,0.6,OVER,Sung-Mun Song shows OVER value at 0.0 RBI. TC projection: 0.6 — edge: 0.60. Marginal conviction based on usage rate and defensive matchup.
Sung-Mun Song,SD,mlb,R,SD@ATL,0.46,0.0,0.46,OVER,Sung-Mun Song shows OVER value at 0.0 R. TC projection: 0.5 — edge: 0.46. Marginal conviction based on usage rate and defensive matchup.
Sung-Mun Song,SD,mlb,SB,SD@ATL,0.14,0.0,0.14,OVER,"Marginal +EV opportunity: Sung-Mun Song is projected for 0.1 SB vs a line of 0.0, giving a OVER edge of 0.14. Based on recent form, opponent matchup, and game context."
Sung-Mun Song,SD,mlb,TB,SD@ATL,1.75,0.0,1.75,OVER,Sung-Mun Song shows OVER value at 0.0 TB. TC projection: 1.8 — edge: 1.75. Moderate conviction based on usage rate and defensive matchup.
Sung-Mun Song,SD,mlb,BB,SD@ATL,0.39,0.0,0.39,OVER,Sung-Mun Song shows OVER value at 0.0 BB. TC projection: 0.4 — edge: 0.39. Marginal conviction based on usage rate and defensive matchup.
Sung-Mun Song,SD,mlb,K,SD@ATL,0.9,0.0,0.9,OVER,Targeting Sung-Mun Song OVER 0.0 K. Model projects 0.9 (0.90 edge). Recent trends and opponent weakness support this play.
Sung-Mun Song,SD,mlb,AVG,SD@ATL,0.234,0.0,0.234,OVER,Sung-Mun Song shows OVER value at 0.0 AVG. TC projection: 0.2 — edge: 0.23. Marginal conviction based on usage rate and defensive matchup.
Freddy Fermin,SD,mlb,H,SD@ATL,1.11,0.0,1.11,OVER,Targeting Freddy Fermin OVER 0.0 H. Model projects 1.1 (1.11 edge). Recent trends and opponent weakness support this play.
Freddy Fermin,SD,mlb,HR,SD@ATL,0.13,0.0,0.13,OVER,"Marginal +EV opportunity: Freddy Fermin is projected for 0.1 HR vs a line of 0.0, giving a OVER edge of 0.13. Based on recent form, opponent matchup, and game context."
Freddy Fermin,SD,mlb,RBI,SD@ATL,0.51,0.0,0.51,OVER,Targeting Freddy Fermin OVER 0.0 RBI. Model projects 0.5 (0.51 edge). Recent trends and opponent weakness support this play.
Freddy Fermin,SD,mlb,R,SD@ATL,0.61,0.0,0.61,OVER,"Marginal +EV opportunity: Freddy Fermin is projected for 0.6 R vs a line of 0.0, giving a OVER edge of 0.61. Based on recent form, opponent matchup, and game context."
Freddy Fermin,SD,mlb,SB,SD@ATL,0.1,0.0,0.1,OVER,Targeting Freddy Fermin OVER 0.0 SB. Model projects 0.1 (0.10 edge). Recent trends and opponent weakness support this play.
Freddy Fermin,SD,mlb,TB,SD@ATL,1.9,0.0,1.9,OVER,"Moderate +EV opportunity: Freddy Fermin is projected for 1.9 TB vs a line of 0.0, giving a OVER edge of 1.90. Based on recent form, opponent matchup, and game context."
Freddy Fermin,SD,mlb,BB,SD@ATL,0.39,0.0,0.39,OVER,Freddy Fermin shows OVER value at 0.0 BB. TC projection: 0.4 — edge: 0.39. Marginal conviction based on usage rate and defensive matchup.
Freddy Fermin,SD,mlb,K,SD@ATL,0.9,0.0,0.9,OVER,Targeting Freddy Fermin OVER 0.0 K. Model projects 0.9 (0.90 edge). Recent trends and opponent weakness support this play.
Freddy Fermin,SD,mlb,AVG,SD@ATL,0.298,0.0,0.298,OVER,"Marginal +EV opportunity: Freddy Fermin is projected for 0.3 AVG vs a line of 0.0, giving a OVER edge of 0.30. Based on recent form, opponent matchup, and game context."
Michael Harris II,ATL,mlb,H,SD@ATL,1.1,0.0,1.1,OVER,Michael Harris II shows OVER value at 0.0 H. TC projection: 1.1 — edge: 1.10. Moderate conviction based on usage rate and defensive matchup.
Michael Harris II,ATL,mlb,HR,SD@ATL,0.12,0.0,0.12,OVER,Targeting Michael Harris II OVER 0.0 HR. Model projects 0.1 (0.12 edge). Recent trends and opponent weakness support this play.
Michael Harris II,ATL,mlb,RBI,SD@ATL,0.49,0.0,0.49,OVER,Michael Harris II shows OVER value at 0.0 RBI. TC projection: 0.5 — edge: 0.49. Marginal conviction based on usage rate and defensive matchup.
Michael Harris II,ATL,mlb,R,SD@ATL,0.6,0.0,0.6,OVER,"Marginal +EV opportunity: Michael Harris II is projected for 0.6 R vs a line of 0.0, giving a OVER edge of 0.60. Based on recent form, opponent matchup, and game context."
Michael Harris II,ATL,mlb,SB,SD@ATL,0.14,0.0,0.14,OVER,Targeting Michael Harris II OVER 0.0 SB. Model projects 0.1 (0.14 edge). Recent trends and opponent weakness support this play.
Michael Harris II,ATL,mlb,TB,SD@ATL,1.7,0.0,1.7,OVER,Targeting Michael Harris II OVER 0.0 TB. Model projects 1.7 (1.70 edge). Recent trends and opponent weakness support this play.
Michael Harris II,ATL,mlb,BB,SD@ATL,0.42,0.0,0.42,OVER,Targeting Michael Harris II OVER 0.0 BB. Model projects 0.4 (0.42 edge). Recent trends and opponent weakness support this play.
Michael Harris II,ATL,mlb,K,SD@ATL,1.0,0.0,1.0,OVER,Michael Harris II shows OVER value at 0.0 K. TC projection: 1.0 — edge: 1.00. Marginal conviction based on usage rate and defensive matchup.
Michael Harris II,ATL,mlb,AVG,SD@ATL,0.231,0.0,0.231,OVER,Michael Harris II shows OVER value at 0.0 AVG. TC projection: 0.2 — edge: 0.23. Marginal conviction based on usage rate and defensive matchup.
Austin Riley,ATL,mlb,H,SD@ATL,0.92,0.0,0.92,OVER,"Marginal +EV opportunity: Austin Riley is projected for 0.9 H vs a line of 0.0, giving a OVER edge of 0.92. Based on recent form, opponent matchup, and game context."
Austin Riley,ATL,mlb,HR,SD@ATL,0.13,0.0,0.13,OVER,Targeting Austin Riley OVER 0.0 HR. Model projects 0.1 (0.13 edge). Recent trends and opponent weakness support this play.
Austin Riley,ATL,mlb,RBI,SD@ATL,0.56,0.0,0.56,OVER,Targeting Austin Riley OVER 0.0 RBI. Model projects 0.6 (0.56 edge). Recent trends and opponent weakness support this play.
Austin Riley,ATL,mlb,R,SD@ATL,0.45,0.0,0.45,OVER,Targeting Austin Riley OVER 0.0 R. Model projects 0.5 (0.45 edge). Recent trends and opponent weakness support this play.
Austin Riley,ATL,mlb,SB,SD@ATL,0.12,0.0,0.12,OVER,Austin Riley shows OVER value at 0.0 SB. TC projection: 0.1 — edge: 0.12. Marginal conviction based on usage rate and defensive matchup.
Austin Riley,ATL,mlb,TB,SD@ATL,1.95,0.0,1.95,OVER,Targeting Austin Riley OVER 0.0 TB. Model projects 1.9 (1.95 edge). Recent trends and opponent weakness support this play.
Austin Riley,ATL,mlb,BB,SD@ATL,0.44,0.0,0.44,OVER,Targeting Austin Riley OVER 0.0 BB. Model projects 0.4 (0.44 edge). Recent trends and opponent weakness support this play.
Austin Riley,ATL,mlb,K,SD@ATL,1.0,0.0,1.0,OVER,"Marginal +EV opportunity: Austin Riley is projected for 1.0 K vs a line of 0.0, giving a OVER edge of 1.00. Based on recent form, opponent matchup, and game context."
Austin Riley,ATL,mlb,AVG,SD@ATL,0.226,0.0,0.226,OVER,"Marginal +EV opportunity: Austin Riley is projected for 0.2 AVG vs a line of 0.0, giving a OVER edge of 0.23. Based on recent form, opponent matchup, and game context."
Mike Yastrzemski,ATL,mlb,H,SD@ATL,0.87,0.0,0.87,OVER,Mike Yastrzemski shows OVER value at 0.0 H. TC projection: 0.9 — edge: 0.87. Marginal conviction based on usage rate and defensive matchup.
Mike Yastrzemski,ATL,mlb,HR,SD@ATL,0.13,0.0,0.13,OVER,Mike Yastrzemski shows OVER value at 0.0 HR. TC projection: 0.1 — edge: 0.13. Marginal conviction based on usage rate and defensive matchup.
Mike Yastrzemski,ATL,mlb,RBI,SD@ATL,0.6,0.0,0.6,OVER,"Marginal +EV opportunity: Mike Yastrzemski is projected for 0.6 RBI vs a line of 0.0, giving a OVER edge of 0.60. Based on recent form, opponent matchup, and game context."
Mike Yastrzemski,ATL,mlb,R,SD@ATL,0.46,0.0,0.46,OVER,Mike Yastrzemski shows OVER value at 0.0 R. TC projection: 0.5 — edge: 0.46. Marginal conviction based on usage rate and defensive matchup.
Mike Yastrzemski,ATL,mlb,SB,SD@ATL,0.11,0.0,0.11,OVER,"Marginal +EV opportunity: Mike Yastrzemski is projected for 0.1 SB vs a line of 0.0, giving a OVER edge of 0.11. Based on recent form, opponent matchup, and game context."
Mike Yastrzemski,ATL,mlb,TB,SD@ATL,1.44,0.0,1.44,OVER,"Moderate +EV opportunity: Mike Yastrzemski is projected for 1.4 TB vs a line of 0.0, giving a OVER edge of 1.44. Based on recent form, opponent matchup, and game context."
Mike Yastrzemski,ATL,mlb,BB,SD@ATL,0.46,0.0,0.46,OVER,Targeting Mike Yastrzemski OVER 0.0 BB. Model projects 0.5 (0.46 edge). Recent trends and opponent weakness support this play.
Mike Yastrzemski,ATL,mlb,K,SD@ATL,0.8,0.0,0.8,OVER,Targeting Mike Yastrzemski OVER 0.0 K. Model projects 0.8 (0.80 edge). Recent trends and opponent weakness support this play.
Mike Yastrzemski,ATL,mlb,AVG,SD@ATL,0.228,0.0,0.228,OVER,Targeting Mike Yastrzemski OVER 0.0 AVG. Model projects 0.2 (0.23 edge). Recent trends and opponent weakness support this play.
Ozzie Albies,ATL,mlb,H,SD@ATL,1.15,0.0,1.15,OVER,Targeting Ozzie Albies OVER 0.0 H. Model projects 1.1 (1.15 edge). Recent trends and opponent weakness support this play.
Ozzie Albies,ATL,mlb,HR,SD@ATL,0.12,0.0,0.12,OVER,Ozzie Albies shows OVER value at 0.0 HR. TC projection: 0.1 — edge: 0.12. Marginal conviction based on usage rate and defensive matchup.
Ozzie Albies,ATL,mlb,RBI,SD@ATL,0.54,0.0,0.54,OVER,Ozzie Albies shows OVER value at 0.0 RBI. TC projection: 0.5 — edge: 0.54. Marginal conviction based on usage rate and defensive matchup.
Ozzie Albies,ATL,mlb,R,SD@ATL,0.65,0.0,0.65,OVER,Targeting Ozzie Albies OVER 0.0 R. Model projects 0.7 (0.65 edge). Recent trends and opponent weakness support this play.
Ozzie Albies,ATL,mlb,SB,SD@ATL,0.11,0.0,0.11,OVER,"Marginal +EV opportunity: Ozzie Albies is projected for 0.1 SB vs a line of 0.0, giving a OVER edge of 0.11. Based on recent form, opponent matchup, and game context."
Ozzie Albies,ATL,mlb,TB,SD@ATL,1.91,0.0,1.91,OVER,Ozzie Albies shows OVER value at 0.0 TB. TC projection: 1.9 — edge: 1.91. Moderate conviction based on usage rate and defensive matchup.
Ozzie Albies,ATL,mlb,BB,SD@ATL,0.46,0.0,0.46,OVER,Targeting Ozzie Albies OVER 0.0 BB. Model projects 0.5 (0.46 edge). Recent trends and opponent weakness support this play.
Ozzie Albies,ATL,mlb,K,SD@ATL,0.7,0.0,0.7,OVER,Targeting Ozzie Albies OVER 0.0 K. Model projects 0.7 (0.70 edge). Recent trends and opponent weakness support this play.
Ozzie Albies,ATL,mlb,AVG,SD@ATL,0.237,0.0,0.237,OVER,"Marginal +EV opportunity: Ozzie Albies is projected for 0.2 AVG vs a line of 0.0, giving a OVER edge of 0.24. Based on recent form, opponent matchup, and game context."
Junior Caminero,TB,mlb,H,TB@TOR,0.94,0.0,0.94,OVER,Junior Caminero shows OVER value at 0.0 H. TC projection: 0.9 — edge: 0.94. Marginal conviction based on usage rate and defensive matchup.
Junior Caminero,TB,mlb,HR,TB@TOR,0.12,0.0,0.12,OVER,"Marginal +EV opportunity: Junior Caminero is projected for 0.1 HR vs a line of 0.0, giving a OVER edge of 0.12. Based on recent form, opponent matchup, and game context."
Junior Caminero,TB,mlb,RBI,TB@TOR,0.65,0.0,0.65,OVER,Junior Caminero shows OVER value at 0.0 RBI. TC projection: 0.7 — edge: 0.65. Marginal conviction based on usage rate and defensive matchup.
Junior Caminero,TB,mlb,R,TB@TOR,0.66,0.0,0.66,OVER,Targeting Junior Caminero OVER 0.0 R. Model projects 0.7 (0.66 edge). Recent trends and opponent weakness support this play.
Junior Caminero,TB,mlb,SB,TB@TOR,0.14,0.0,0.14,OVER,Targeting Junior Caminero OVER 0.0 SB. Model projects 0.1 (0.14 edge). Recent trends and opponent weakness support this play.
Junior Caminero,TB,mlb,TB,TB@TOR,1.36,0.0,1.36,OVER,Targeting Junior Caminero OVER 0.0 TB. Model projects 1.4 (1.36 edge). Recent trends and opponent weakness support this play.
Junior Caminero,TB,mlb,BB,TB@TOR,0.36,0.0,0.36,OVER,Junior Caminero shows OVER value at 0.0 BB. TC projection: 0.4 — edge: 0.36. Marginal conviction based on usage rate and defensive matchup.
Junior Caminero,TB,mlb,K,TB@TOR,0.9,0.0,0.9,OVER,Targeting Junior Caminero OVER 0.0 K. Model projects 0.9 (0.90 edge). Recent trends and opponent weakness support this play.
Junior Caminero,TB,mlb,AVG,TB@TOR,0.297,0.0,0.297,OVER,Targeting Junior Caminero OVER 0.0 AVG. Model projects 0.3 (0.30 edge). Recent trends and opponent weakness support this play.
Jonny DeLuca,TB,mlb,H,TB@TOR,0.96,0.0,0.96,OVER,Targeting Jonny DeLuca OVER 0.0 H. Model projects 1.0 (0.96 edge). Recent trends and opponent weakness support this play.
Jonny DeLuca,TB,mlb,HR,TB@TOR,0.1,0.0,0.1,OVER,Targeting Jonny DeLuca OVER 0.0 HR. Model projects 0.1 (0.10 edge). Recent trends and opponent weakness support this play.
Jonny DeLuca,TB,mlb,RBI,TB@TOR,0.45,0.0,0.45,OVER,Jonny DeLuca shows OVER value at 0.0 RBI. TC projection: 0.5 — edge: 0.45. Marginal conviction based on usage rate and defensive matchup.
Jonny DeLuca,TB,mlb,R,TB@TOR,0.45,0.0,0.45,OVER,Jonny DeLuca shows OVER value at 0.0 R. TC projection: 0.5 — edge: 0.45. Marginal conviction based on usage rate and defensive matchup.
Jonny DeLuca,TB,mlb,SB,TB@TOR,0.13,0.0,0.13,OVER,Targeting Jonny DeLuca OVER 0.0 SB. Model projects 0.1 (0.13 edge). Recent trends and opponent weakness support this play.
Jonny DeLuca,TB,mlb,TB,TB@TOR,1.56,0.0,1.56,OVER,Jonny DeLuca shows OVER value at 0.0 TB. TC projection: 1.6 — edge: 1.56. Moderate conviction based on usage rate and defensive matchup.
Jonny DeLuca,TB,mlb,BB,TB@TOR,0.39,0.0,0.39,OVER,Targeting Jonny DeLuca OVER 0.0 BB. Model projects 0.4 (0.39 edge). Recent trends and opponent weakness support this play.
Jonny DeLuca,TB,mlb,K,TB@TOR,1.0,0.0,1.0,OVER,"Marginal +EV opportunity: Jonny DeLuca is projected for 1.0 K vs a line of 0.0, giving a OVER edge of 1.00. Based on recent form, opponent matchup, and game context."
Jonny DeLuca,TB,mlb,AVG,TB@TOR,0.207,0.0,0.207,OVER,"Marginal +EV opportunity: Jonny DeLuca is projected for 0.2 AVG vs a line of 0.0, giving a OVER edge of 0.21. Based on recent form, opponent matchup, and game context."
Victor Mesa Jr.,TB,mlb,H,TB@TOR,0.91,0.0,0.91,OVER,Targeting Victor Mesa Jr. OVER 0.0 H. Model projects 0.9 (0.91 edge). Recent trends and opponent weakness support this play.
Victor Mesa Jr.,TB,mlb,HR,TB@TOR,0.11,0.0,0.11,OVER,"Marginal +EV opportunity: Victor Mesa Jr. is projected for 0.1 HR vs a line of 0.0, giving a OVER edge of 0.11. Based on recent form, opponent matchup, and game context."
Victor Mesa Jr.,TB,mlb,RBI,TB@TOR,0.53,0.0,0.53,OVER,Victor Mesa Jr. shows OVER value at 0.0 RBI. TC projection: 0.5 — edge: 0.53. Marginal conviction based on usage rate and defensive matchup.
Victor Mesa Jr.,TB,mlb,R,TB@TOR,0.56,0.0,0.56,OVER,"Marginal +EV opportunity: Victor Mesa Jr. is projected for 0.6 R vs a line of 0.0, giving a OVER edge of 0.56. Based on recent form, opponent matchup, and game context."
Victor Mesa Jr.,TB,mlb,SB,TB@TOR,0.11,0.0,0.11,OVER,Victor Mesa Jr. shows OVER value at 0.0 SB. TC projection: 0.1 — edge: 0.11. Marginal conviction based on usage rate and defensive matchup.
Victor Mesa Jr.,TB,mlb,TB,TB@TOR,1.5,0.0,1.5,OVER,Victor Mesa Jr. shows OVER value at 0.0 TB. TC projection: 1.5 — edge: 1.50. Moderate conviction based on usage rate and defensive matchup.
Victor Mesa Jr.,TB,mlb,BB,TB@TOR,0.45,0.0,0.45,OVER,"Marginal +EV opportunity: Victor Mesa Jr. is projected for 0.5 BB vs a line of 0.0, giving a OVER edge of 0.45. Based on recent form, opponent matchup, and game context."
Victor Mesa Jr.,TB,mlb,K,TB@TOR,1.0,0.0,1.0,OVER,"Marginal +EV opportunity: Victor Mesa Jr. is projected for 1.0 K vs a line of 0.0, giving a OVER edge of 1.00. Based on recent form, opponent matchup, and game context."
Victor Mesa Jr.,TB,mlb,AVG,TB@TOR,0.228,0.0,0.228,OVER,"Marginal +EV opportunity: Victor Mesa Jr. is projected for 0.2 AVG vs a line of 0.0, giving a OVER edge of 0.23. Based on recent form, opponent matchup, and game context."
Jonathan Aranda,TB,mlb,H,TB@TOR,0.9,0.0,0.9,OVER,"Marginal +EV opportunity: Jonathan Aranda is projected for 0.9 H vs a line of 0.0, giving a OVER edge of 0.90. Based on recent form, opponent matchup, and game context."
Jonathan Aranda,TB,mlb,HR,TB@TOR,0.14,0.0,0.14,OVER,Targeting Jonathan Aranda OVER 0.0 HR. Model projects 0.1 (0.14 edge). Recent trends and opponent weakness support this play.
Jonathan Aranda,TB,mlb,RBI,TB@TOR,0.58,0.0,0.58,OVER,Jonathan Aranda shows OVER value at 0.0 RBI. TC projection: 0.6 — edge: 0.58. Marginal conviction based on usage rate and defensive matchup.
Jonathan Aranda,TB,mlb,R,TB@TOR,0.53,0.0,0.53,OVER,Targeting Jonathan Aranda OVER 0.0 R. Model projects 0.5 (0.53 edge). Recent trends and opponent weakness support this play.
Jonathan Aranda,TB,mlb,SB,TB@TOR,0.12,0.0,0.12,OVER,"Marginal +EV opportunity: Jonathan Aranda is projected for 0.1 SB vs a line of 0.0, giving a OVER edge of 0.12. Based on recent form, opponent matchup, and game context."
Jonathan Aranda,TB,mlb,TB,TB@TOR,1.67,0.0,1.67,OVER,Jonathan Aranda shows OVER value at 0.0 TB. TC projection: 1.7 — edge: 1.67. Moderate conviction based on usage rate and defensive matchup.
Jonathan Aranda,TB,mlb,BB,TB@TOR,0.37,0.0,0.37,OVER,Jonathan Aranda shows OVER value at 0.0 BB. TC projection: 0.4 — edge: 0.37. Marginal conviction based on usage rate and defensive matchup.
Jonathan Aranda,TB,mlb,K,TB@TOR,0.9,0.0,0.9,OVER,Jonathan Aranda shows OVER value at 0.0 K. TC projection: 0.9 — edge: 0.90. Marginal conviction based on usage rate and defensive matchup.
Jonathan Aranda,TB,mlb,AVG,TB@TOR,0.212,0.0,0.212,OVER,Jonathan Aranda shows OVER value at 0.0 AVG. TC projection: 0.2 — edge: 0.21. Marginal conviction based on usage rate and defensive matchup.
Myles Straw,TOR,mlb,H,TB@TOR,0.89,0.0,0.89,OVER,"Marginal +EV opportunity: Myles Straw is projected for 0.9 H vs a line of 0.0, giving a OVER edge of 0.89. Based on recent form, opponent matchup, and game context."
Myles Straw,TOR,mlb,HR,TB@TOR,0.12,0.0,0.12,OVER,Myles Straw shows OVER value at 0.0 HR. TC projection: 0.1 — edge: 0.12. Marginal conviction based on usage rate and defensive matchup.
Myles Straw,TOR,mlb,RBI,TB@TOR,0.57,0.0,0.57,OVER,Targeting Myles Straw OVER 0.0 RBI. Model projects 0.6 (0.57 edge). Recent trends and opponent weakness support this play.
Myles Straw,TOR,mlb,R,TB@TOR,0.63,0.0,0.63,OVER,Myles Straw shows OVER value at 0.0 R. TC projection: 0.6 — edge: 0.63. Marginal conviction based on usage rate and defensive matchup.
Myles Straw,TOR,mlb,SB,TB@TOR,0.14,0.0,0.14,OVER,Myles Straw shows OVER value at 0.0 SB. TC projection: 0.1 — edge: 0.14. Marginal conviction based on usage rate and defensive matchup.
Myles Straw,TOR,mlb,TB,TB@TOR,1.55,0.0,1.55,OVER,"Moderate +EV opportunity: Myles Straw is projected for 1.6 TB vs a line of 0.0, giving a OVER edge of 1.55. Based on recent form, opponent matchup, and game context."
Myles Straw,TOR,mlb,BB,TB@TOR,0.35,0.0,0.35,OVER,Myles Straw shows OVER value at 0.0 BB. TC projection: 0.3 — edge: 0.35. Marginal conviction based on usage rate and defensive matchup.
Myles Straw,TOR,mlb,K,TB@TOR,0.7,0.0,0.7,OVER,"Marginal +EV opportunity: Myles Straw is projected for 0.7 K vs a line of 0.0, giving a OVER edge of 0.70. Based on recent form, opponent matchup, and game context."
Myles Straw,TOR,mlb,AVG,TB@TOR,0.263,0.0,0.263,OVER,"Marginal +EV opportunity: Myles Straw is projected for 0.3 AVG vs a line of 0.0, giving a OVER edge of 0.26. Based on recent form, opponent matchup, and game context."
Ernie Clement,TOR,mlb,H,TB@TOR,1.18,0.0,1.18,OVER,Targeting Ernie Clement OVER 0.0 H. Model projects 1.2 (1.18 edge). Recent trends and opponent weakness support this play.
Ernie Clement,TOR,mlb,HR,TB@TOR,0.12,0.0,0.12,OVER,Targeting Ernie Clement OVER 0.0 HR. Model projects 0.1 (0.12 edge). Recent trends and opponent weakness support this play.
Ernie Clement,TOR,mlb,RBI,TB@TOR,0.59,0.0,0.59,OVER,Ernie Clement shows OVER value at 0.0 RBI. TC projection: 0.6 — edge: 0.59. Marginal conviction based on usage rate and defensive matchup.
Ernie Clement,TOR,mlb,R,TB@TOR,0.45,0.0,0.45,OVER,"Marginal +EV opportunity: Ernie Clement is projected for 0.5 R vs a line of 0.0, giving a OVER edge of 0.45. Based on recent form, opponent matchup, and game context."
Ernie Clement,TOR,mlb,SB,TB@TOR,0.12,0.0,0.12,OVER,Targeting Ernie Clement OVER 0.0 SB. Model projects 0.1 (0.12 edge). Recent trends and opponent weakness support this play.
Ernie Clement,TOR,mlb,TB,TB@TOR,1.94,0.0,1.94,OVER,Ernie Clement shows OVER value at 0.0 TB. TC projection: 1.9 — edge: 1.94. Moderate conviction based on usage rate and defensive matchup.
Ernie Clement,TOR,mlb,BB,TB@TOR,0.41,0.0,0.41,OVER,"Marginal +EV opportunity: Ernie Clement is projected for 0.4 BB vs a line of 0.0, giving a OVER edge of 0.41. Based on recent form, opponent matchup, and game context."
Ernie Clement,TOR,mlb,K,TB@TOR,1.0,0.0,1.0,OVER,Targeting Ernie Clement OVER 0.0 K. Model projects 1.0 (1.00 edge). Recent trends and opponent weakness support this play.
Ernie Clement,TOR,mlb,AVG,TB@TOR,0.283,0.0,0.283,OVER,"Marginal +EV opportunity: Ernie Clement is projected for 0.3 AVG vs a line of 0.0, giving a OVER edge of 0.28. Based on recent form, opponent matchup, and game context."
Nathan Lukes,TOR,mlb,H,TB@TOR,0.98,0.0,0.98,OVER,"Marginal +EV opportunity: Nathan Lukes is projected for 1.0 H vs a line of 0.0, giving a OVER edge of 0.98. Based on recent form, opponent matchup, and game context."
Nathan Lukes,TOR,mlb,HR,TB@TOR,0.13,0.0,0.13,OVER,Nathan Lukes shows OVER value at 0.0 HR. TC projection: 0.1 — edge: 0.13. Marginal conviction based on usage rate and defensive matchup.
Nathan Lukes,TOR,mlb,RBI,TB@TOR,0.52,0.0,0.52,OVER,Nathan Lukes shows OVER value at 0.0 RBI. TC projection: 0.5 — edge: 0.52. Marginal conviction based on usage rate and defensive matchup.
Nathan Lukes,TOR,mlb,R,TB@TOR,0.62,0.0,0.62,OVER,Targeting Nathan Lukes OVER 0.0 R. Model projects 0.6 (0.62 edge). Recent trends and opponent weakness support this play.
Nathan Lukes,TOR,mlb,SB,TB@TOR,0.13,0.0,0.13,OVER,Targeting Nathan Lukes OVER 0.0 SB. Model projects 0.1 (0.13 edge). Recent trends and opponent weakness support this play.
Nathan Lukes,TOR,mlb,TB,TB@TOR,1.88,0.0,1.88,OVER,"Moderate +EV opportunity: Nathan Lukes is projected for 1.9 TB vs a line of 0.0, giving a OVER edge of 1.88. Based on recent form, opponent matchup, and game context."
Nathan Lukes,TOR,mlb,BB,TB@TOR,0.47,0.0,0.47,OVER,"Marginal +EV opportunity: Nathan Lukes is projected for 0.5 BB vs a line of 0.0, giving a OVER edge of 0.47. Based on recent form, opponent matchup, and game context."
Nathan Lukes,TOR,mlb,K,TB@TOR,0.8,0.0,0.8,OVER,Nathan Lukes shows OVER value at 0.0 K. TC projection: 0.8 — edge: 0.80. Marginal conviction based on usage rate and defensive matchup.
Nathan Lukes,TOR,mlb,AVG,TB@TOR,0.218,0.0,0.218,OVER,Nathan Lukes shows OVER value at 0.0 AVG. TC projection: 0.2 — edge: 0.22. Marginal conviction based on usage rate and defensive matchup.
Vladimir Guerrero Jr.,TOR,mlb,H,TB@TOR,1.01,0.0,1.01,OVER,Targeting Vladimir Guerrero Jr. OVER 0.0 H. Model projects 1.0 (1.01 edge). Recent trends and opponent weakness support this play.
Vladimir Guerrero Jr.,TOR,mlb,HR,TB@TOR,0.11,0.0,0.11,OVER,"Marginal +EV opportunity: Vladimir Guerrero Jr. is projected for 0.1 HR vs a line of 0.0, giving a OVER edge of 0.11. Based on recent form, opponent matchup, and game context."
Vladimir Guerrero Jr.,TOR,mlb,RBI,TB@TOR,0.64,0.0,0.64,OVER,Targeting Vladimir Guerrero Jr. OVER 0.0 RBI. Model projects 0.6 (0.64 edge). Recent trends and opponent weakness support this play.
Vladimir Guerrero Jr.,TOR,mlb,R,TB@TOR,0.65,0.0,0.65,OVER,Targeting Vladimir Guerrero Jr. OVER 0.0 R. Model projects 0.7 (0.65 edge). Recent trends and opponent weakness support this play.
Vladimir Guerrero Jr.,TOR,mlb,SB,TB@TOR,0.14,0.0,0.14,OVER,"Marginal +EV opportunity: Vladimir Guerrero Jr. is projected for 0.1 SB vs a line of 0.0, giving a OVER edge of 0.14. Based on recent form, opponent matchup, and game context."
Vladimir Guerrero Jr.,TOR,mlb,TB,TB@TOR,1.58,0.0,1.58,OVER,Vladimir Guerrero Jr. shows OVER value at 0.0 TB. TC projection: 1.6 — edge: 1.58. Moderate conviction based on usage rate and defensive matchup.
Vladimir Guerrero Jr.,TOR,mlb,BB,TB@TOR,0.4,0.0,0.4,OVER,Targeting Vladimir Guerrero Jr. OVER 0.0 BB. Model projects 0.4 (0.40 edge). Recent trends and opponent weakness support this play.
Vladimir Guerrero Jr.,TOR,mlb,K,TB@TOR,0.7,0.0,0.7,OVER,Vladimir Guerrero Jr. shows OVER value at 0.0 K. TC projection: 0.7 — edge: 0.70. Marginal conviction based on usage rate and defensive matchup.
Vladimir Guerrero Jr.,TOR,mlb,AVG,TB@TOR,0.256,0.0,0.256,OVER,"Marginal +EV opportunity: Vladimir Guerrero Jr. is projected for 0.3 AVG vs a line of 0.0, giving a OVER edge of 0.26. Based on recent form, opponent matchup, and game context."
