sport,game,player,team,combo_type,line,actual,offset,hit
WNBA,ATL@CHI,Naz Hillmon,ATL,PRA,20.5,23,-2.5,True
WNBA,ATL@CHI,Naz Hillmon,ATL,PRA,22.5,23,0.0,True
WNBA,ATL@CHI,Naz Hillmon,ATL,PRA,25.5,23,2.5,False
WNBA,ATL@CHI,Naz Hillmon,ATL,PR,20.5,23,-2.5,True
WNBA,ATL@CHI,Naz Hillmon,ATL,PR,22.5,23,0.0,True
WNBA,ATL@CHI,Naz Hillmon,ATL,PR,25.5,23,2.5,False
WNBA,ATL@CHI,Naz Hillmon,ATL,PA,20.5,23,-2.5,True
WNBA,ATL@CHI,Naz Hillmon,ATL,PA,22.5,23,0.0,True
WNBA,ATL@CHI,Naz Hillmon,ATL,PA,25.5,23,2.5,False
WNBA,ATL@CHI,Angel Reese,ATL,PRA,35.5,38,-2.5,True
WNBA,ATL@CHI,Angel Reese,ATL,PRA,38.5,38,0.0,False
WNBA,ATL@CHI,Angel Reese,ATL,PRA,40.5,38,2.5,False
WNBA,ATL@CHI,Angel Reese,ATL,PR,35.5,38,-2.5,True
WNBA,ATL@CHI,Angel Reese,ATL,PR,38.5,38,0.0,False
WNBA,ATL@CHI,Angel Reese,ATL,PR,40.5,38,2.5,False
WNBA,ATL@CHI,Angel Reese,ATL,PA,35.5,38,-2.5,True
WNBA,ATL@CHI,Angel Reese,ATL,PA,38.5,38,0.0,False
WNBA,ATL@CHI,Angel Reese,ATL,PA,40.5,38,2.5,False
WNBA,ATL@CHI,Allisha Gray,ATL,PRA,16.5,19,-2.5,True
WNBA,ATL@CHI,Allisha Gray,ATL,PRA,18.5,19,0.0,True
WNBA,ATL@CHI,Allisha Gray,ATL,PRA,21.5,19,2.5,False
WNBA,ATL@CHI,Allisha Gray,ATL,PR,16.5,19,-2.5,True
WNBA,ATL@CHI,Allisha Gray,ATL,PR,18.5,19,0.0,True
WNBA,ATL@CHI,Allisha Gray,ATL,PR,21.5,19,2.5,False
WNBA,ATL@CHI,Allisha Gray,ATL,PA,16.5,19,-2.5,True
WNBA,ATL@CHI,Allisha Gray,ATL,PA,18.5,19,0.0,True
WNBA,ATL@CHI,Allisha Gray,ATL,PA,21.5,19,2.5,False
WNBA,ATL@CHI,Jordin Canada,ATL,PRA,18.5,21,-2.5,True
WNBA,ATL@CHI,Jordin Canada,ATL,PRA,20.5,21,0.0,True
WNBA,ATL@CHI,Jordin Canada,ATL,PRA,23.5,21,2.5,False
WNBA,ATL@CHI,Jordin Canada,ATL,PR,18.5,21,-2.5,True
WNBA,ATL@CHI,Jordin Canada,ATL,PR,20.5,21,0.0,True
WNBA,ATL@CHI,Jordin Canada,ATL,PR,23.5,21,2.5,False
WNBA,ATL@CHI,Jordin Canada,ATL,PA,18.5,21,-2.5,True
WNBA,ATL@CHI,Jordin Canada,ATL,PA,20.5,21,0.0,True
WNBA,ATL@CHI,Jordin Canada,ATL,PA,23.5,21,2.5,False
WNBA,ATL@CHI,Rhyne Howard,ATL,PRA,22.5,25,-2.5,True
WNBA,ATL@CHI,Rhyne Howard,ATL,PRA,24.5,25,0.0,True
WNBA,ATL@CHI,Rhyne Howard,ATL,PRA,27.5,25,2.5,False
WNBA,ATL@CHI,Rhyne Howard,ATL,PR,22.5,25,-2.5,True
WNBA,ATL@CHI,Rhyne Howard,ATL,PR,24.5,25,0.0,True
WNBA,ATL@CHI,Rhyne Howard,ATL,PR,27.5,25,2.5,False
WNBA,ATL@CHI,Rhyne Howard,ATL,PA,22.5,25,-2.5,True
WNBA,ATL@CHI,Rhyne Howard,ATL,PA,24.5,25,0.0,True
WNBA,ATL@CHI,Rhyne Howard,ATL,PA,27.5,25,2.5,False
WNBA,ATL@CHI,Azura Stevens,CHI,PRA,12.5,15,-2.5,True
WNBA,ATL@CHI,Azura Stevens,CHI,PRA,14.5,15,0.0,True
WNBA,ATL@CHI,Azura Stevens,CHI,PRA,17.5,15,2.5,False
WNBA,ATL@CHI,Azura Stevens,CHI,PR,12.5,15,-2.5,True
WNBA,ATL@CHI,Azura Stevens,CHI,PR,14.5,15,0.0,True
WNBA,ATL@CHI,Azura Stevens,CHI,PR,17.5,15,2.5,False
WNBA,ATL@CHI,Azura Stevens,CHI,PA,12.5,15,-2.5,True
WNBA,ATL@CHI,Azura Stevens,CHI,PA,14.5,15,0.0,True
WNBA,ATL@CHI,Azura Stevens,CHI,PA,17.5,15,2.5,False
WNBA,ATL@CHI,Kamilla Cardoso,CHI,PRA,17.5,20,-2.5,True
WNBA,ATL@CHI,Kamilla Cardoso,CHI,PRA,20.5,20,0.0,False
WNBA,ATL@CHI,Kamilla Cardoso,CHI,PRA,22.5,20,2.5,False
WNBA,ATL@CHI,Kamilla Cardoso,CHI,PR,17.5,20,-2.5,True
WNBA,ATL@CHI,Kamilla Cardoso,CHI,PR,20.5,20,0.0,False
WNBA,ATL@CHI,Kamilla Cardoso,CHI,PR,22.5,20,2.5,False
WNBA,ATL@CHI,Kamilla Cardoso,CHI,PA,17.5,20,-2.5,True
WNBA,ATL@CHI,Kamilla Cardoso,CHI,PA,20.5,20,0.0,False
WNBA,ATL@CHI,Kamilla Cardoso,CHI,PA,22.5,20,2.5,False
WNBA,ATL@CHI,Skylar Diggins,CHI,PRA,20.5,23,-2.5,True
WNBA,ATL@CHI,Skylar Diggins,CHI,PRA,22.5,23,0.0,True
WNBA,ATL@CHI,Skylar Diggins,CHI,PRA,25.5,23,2.5,False
WNBA,ATL@CHI,Skylar Diggins,CHI,PR,20.5,23,-2.5,True
WNBA,ATL@CHI,Skylar Diggins,CHI,PR,22.5,23,0.0,True
WNBA,ATL@CHI,Skylar Diggins,CHI,PR,25.5,23,2.5,False
WNBA,ATL@CHI,Skylar Diggins,CHI,PA,20.5,23,-2.5,True
WNBA,ATL@CHI,Skylar Diggins,CHI,PA,22.5,23,0.0,True
WNBA,ATL@CHI,Skylar Diggins,CHI,PA,25.5,23,2.5,False
WNBA,ATL@CHI,Jacy Sheldon,CHI,PRA,6.5,9,-2.5,True
WNBA,ATL@CHI,Jacy Sheldon,CHI,PRA,8.5,9,0.0,True
WNBA,ATL@CHI,Jacy Sheldon,CHI,PRA,11.5,9,2.5,False
WNBA,ATL@CHI,Jacy Sheldon,CHI,PR,6.5,9,-2.5,True
WNBA,ATL@CHI,Jacy Sheldon,CHI,PR,8.5,9,0.0,True
WNBA,ATL@CHI,Jacy Sheldon,CHI,PR,11.5,9,2.5,False
WNBA,ATL@CHI,Jacy Sheldon,CHI,PA,6.5,9,-2.5,True
WNBA,ATL@CHI,Jacy Sheldon,CHI,PA,8.5,9,0.0,True
WNBA,ATL@CHI,Jacy Sheldon,CHI,PA,11.5,9,2.5,False
WNBA,ATL@CHI,Natasha Cloud,CHI,PRA,25.5,28,-2.5,True
WNBA,ATL@CHI,Natasha Cloud,CHI,PRA,28.5,28,0.0,False
WNBA,ATL@CHI,Natasha Cloud,CHI,PRA,30.5,28,2.5,False
WNBA,ATL@CHI,Natasha Cloud,CHI,PR,25.5,28,-2.5,True
WNBA,ATL@CHI,Natasha Cloud,CHI,PR,28.5,28,0.0,False
WNBA,ATL@CHI,Natasha Cloud,CHI,PR,30.5,28,2.5,False
WNBA,ATL@CHI,Natasha Cloud,CHI,PA,25.5,28,-2.5,True
WNBA,ATL@CHI,Natasha Cloud,CHI,PA,28.5,28,0.0,False
WNBA,ATL@CHI,Natasha Cloud,CHI,PA,30.5,28,2.5,False
WNBA,DAL@MIN,Alysha Clark,DAL,PRA,-1.5,1,-2.5,True
WNBA,DAL@MIN,Alysha Clark,DAL,PRA,0.5,1,0.0,True
WNBA,DAL@MIN,Alysha Clark,DAL,PRA,3.5,1,2.5,False
WNBA,DAL@MIN,Alysha Clark,DAL,PR,-1.5,1,-2.5,True
WNBA,DAL@MIN,Alysha Clark,DAL,PR,0.5,1,0.0,True
WNBA,DAL@MIN,Alysha Clark,DAL,PR,3.5,1,2.5,False
WNBA,DAL@MIN,Alysha Clark,DAL,PA,-1.5,1,-2.5,True
WNBA,DAL@MIN,Alysha Clark,DAL,PA,0.5,1,0.0,True
WNBA,DAL@MIN,Alysha Clark,DAL,PA,3.5,1,2.5,False
WNBA,DAL@MIN,Li Yueru,DAL,PRA,1.5,4,-2.5,True
WNBA,DAL@MIN,Li Yueru,DAL,PRA,4.5,4,0.0,False
WNBA,DAL@MIN,Li Yueru,DAL,PRA,6.5,4,2.5,False
WNBA,DAL@MIN,Li Yueru,DAL,PR,1.5,4,-2.5,True
WNBA,DAL@MIN,Li Yueru,DAL,PR,4.5,4,0.0,False
WNBA,DAL@MIN,Li Yueru,DAL,PR,6.5,4,2.5,False
WNBA,DAL@MIN,Li Yueru,DAL,PA,1.5,4,-2.5,True
WNBA,DAL@MIN,Li Yueru,DAL,PA,4.5,4,0.0,False
WNBA,DAL@MIN,Li Yueru,DAL,PA,6.5,4,2.5,False
WNBA,DAL@MIN,Aziaha James,DAL,PRA,11.5,14,-2.5,True
WNBA,DAL@MIN,Aziaha James,DAL,PRA,14.5,14,0.0,False
WNBA,DAL@MIN,Aziaha James,DAL,PRA,16.5,14,2.5,False
WNBA,DAL@MIN,Aziaha James,DAL,PR,11.5,14,-2.5,True
WNBA,DAL@MIN,Aziaha James,DAL,PR,14.5,14,0.0,False
WNBA,DAL@MIN,Aziaha James,DAL,PR,16.5,14,2.5,False
WNBA,DAL@MIN,Aziaha James,DAL,PA,11.5,14,-2.5,True
WNBA,DAL@MIN,Aziaha James,DAL,PA,14.5,14,0.0,False
WNBA,DAL@MIN,Aziaha James,DAL,PA,16.5,14,2.5,False
WNBA,DAL@MIN,JJ Quinerly,DAL,PRA,0.5,3,-2.5,True
WNBA,DAL@MIN,JJ Quinerly,DAL,PRA,2.5,3,0.0,True
WNBA,DAL@MIN,JJ Quinerly,DAL,PRA,5.5,3,2.5,False
WNBA,DAL@MIN,JJ Quinerly,DAL,PR,0.5,3,-2.5,True
WNBA,DAL@MIN,JJ Quinerly,DAL,PR,2.5,3,0.0,True
WNBA,DAL@MIN,JJ Quinerly,DAL,PR,5.5,3,2.5,False
WNBA,DAL@MIN,JJ Quinerly,DAL,PA,0.5,3,-2.5,True
WNBA,DAL@MIN,JJ Quinerly,DAL,PA,2.5,3,0.0,True
WNBA,DAL@MIN,JJ Quinerly,DAL,PA,5.5,3,2.5,False
WNBA,DAL@MIN,Costanza Verona,DAL,PRA,3.5,6,-2.5,True
WNBA,DAL@MIN,Costanza Verona,DAL,PRA,6.5,6,0.0,False
WNBA,DAL@MIN,Costanza Verona,DAL,PRA,8.5,6,2.5,False
WNBA,DAL@MIN,Costanza Verona,DAL,PR,3.5,6,-2.5,True
WNBA,DAL@MIN,Costanza Verona,DAL,PR,6.5,6,0.0,False
WNBA,DAL@MIN,Costanza Verona,DAL,PR,8.5,6,2.5,False
WNBA,DAL@MIN,Costanza Verona,DAL,PA,3.5,6,-2.5,True
WNBA,DAL@MIN,Costanza Verona,DAL,PA,6.5,6,0.0,False
WNBA,DAL@MIN,Costanza Verona,DAL,PA,8.5,6,2.5,False
WNBA,DAL@MIN,Courtney Williams,MIN,PRA,23.5,26,-2.5,True
WNBA,DAL@MIN,Courtney Williams,MIN,PRA,26.5,26,0.0,False
WNBA,DAL@MIN,Courtney Williams,MIN,PRA,28.5,26,2.5,False
WNBA,DAL@MIN,Courtney Williams,MIN,PR,23.5,26,-2.5,True
WNBA,DAL@MIN,Courtney Williams,MIN,PR,26.5,26,0.0,False
WNBA,DAL@MIN,Courtney Williams,MIN,PR,28.5,26,2.5,False
WNBA,DAL@MIN,Courtney Williams,MIN,PA,23.5,26,-2.5,True
WNBA,DAL@MIN,Courtney Williams,MIN,PA,26.5,26,0.0,False
WNBA,DAL@MIN,Courtney Williams,MIN,PA,28.5,26,2.5,False
WNBA,DAL@MIN,Antonia Delaere,MIN,PRA,2.5,5,-2.5,True
WNBA,DAL@MIN,Antonia Delaere,MIN,PRA,4.5,5,0.0,True
WNBA,DAL@MIN,Antonia Delaere,MIN,PRA,7.5,5,2.5,False
WNBA,DAL@MIN,Antonia Delaere,MIN,PR,2.5,5,-2.5,True
WNBA,DAL@MIN,Antonia Delaere,MIN,PR,4.5,5,0.0,True
WNBA,DAL@MIN,Antonia Delaere,MIN,PR,7.5,5,2.5,False
WNBA,DAL@MIN,Antonia Delaere,MIN,PA,2.5,5,-2.5,True
WNBA,DAL@MIN,Antonia Delaere,MIN,PA,4.5,5,0.0,True
WNBA,DAL@MIN,Antonia Delaere,MIN,PA,7.5,5,2.5,False
WNBA,DAL@MIN,Anastasiia Olairi Kosu,MIN,PRA,10.5,13,-2.5,True
WNBA,DAL@MIN,Anastasiia Olairi Kosu,MIN,PRA,12.5,13,0.0,True
WNBA,DAL@MIN,Anastasiia Olairi Kosu,MIN,PRA,15.5,13,2.5,False
WNBA,DAL@MIN,Anastasiia Olairi Kosu,MIN,PR,10.5,13,-2.5,True
WNBA,DAL@MIN,Anastasiia Olairi Kosu,MIN,PR,12.5,13,0.0,True
WNBA,DAL@MIN,Anastasiia Olairi Kosu,MIN,PR,15.5,13,2.5,False
WNBA,DAL@MIN,Anastasiia Olairi Kosu,MIN,PA,10.5,13,-2.5,True
WNBA,DAL@MIN,Anastasiia Olairi Kosu,MIN,PA,12.5,13,0.0,True
WNBA,DAL@MIN,Anastasiia Olairi Kosu,MIN,PA,15.5,13,2.5,False
WNBA,DAL@MIN,Teaira McCowan,MIN,PRA,-1.5,1,-2.5,True
WNBA,DAL@MIN,Teaira McCowan,MIN,PRA,0.5,1,0.0,True
WNBA,DAL@MIN,Teaira McCowan,MIN,PRA,3.5,1,2.5,False
WNBA,DAL@MIN,Teaira McCowan,MIN,PR,-1.5,1,-2.5,True
WNBA,DAL@MIN,Teaira McCowan,MIN,PR,0.5,1,0.0,True
WNBA,DAL@MIN,Teaira McCowan,MIN,PR,3.5,1,2.5,False
WNBA,DAL@MIN,Teaira McCowan,MIN,PA,-1.5,1,-2.5,True
WNBA,DAL@MIN,Teaira McCowan,MIN,PA,0.5,1,0.0,True
WNBA,DAL@MIN,Teaira McCowan,MIN,PA,3.5,1,2.5,False
WNBA,DAL@MIN,Maya Caldwell,MIN,PRA,2.5,5,-2.5,True
WNBA,DAL@MIN,Maya Caldwell,MIN,PRA,4.5,5,0.0,True
WNBA,DAL@MIN,Maya Caldwell,MIN,PRA,7.5,5,2.5,False
WNBA,DAL@MIN,Maya Caldwell,MIN,PR,2.5,5,-2.5,True
WNBA,DAL@MIN,Maya Caldwell,MIN,PR,4.5,5,0.0,True
WNBA,DAL@MIN,Maya Caldwell,MIN,PR,7.5,5,2.5,False
WNBA,DAL@MIN,Maya Caldwell,MIN,PA,2.5,5,-2.5,True
WNBA,DAL@MIN,Maya Caldwell,MIN,PA,4.5,5,0.0,True
WNBA,DAL@MIN,Maya Caldwell,MIN,PA,7.5,5,2.5,False
WNBA,PHX@GS,Alyssa Thomas,PHX,PRA,36.5,39,-2.5,True
WNBA,PHX@GS,Alyssa Thomas,PHX,PRA,38.5,39,0.0,True
WNBA,PHX@GS,Alyssa Thomas,PHX,PRA,41.5,39,2.5,False
WNBA,PHX@GS,Alyssa Thomas,PHX,PR,36.5,39,-2.5,True
WNBA,PHX@GS,Alyssa Thomas,PHX,PR,38.5,39,0.0,True
WNBA,PHX@GS,Alyssa Thomas,PHX,PR,41.5,39,2.5,False
WNBA,PHX@GS,Alyssa Thomas,PHX,PA,36.5,39,-2.5,True
WNBA,PHX@GS,Alyssa Thomas,PHX,PA,38.5,39,0.0,True
WNBA,PHX@GS,Alyssa Thomas,PHX,PA,41.5,39,2.5,False
WNBA,PHX@GS,Natasha Mack,PHX,PRA,17.5,20,-2.5,True
WNBA,PHX@GS,Natasha Mack,PHX,PRA,20.5,20,0.0,False
WNBA,PHX@GS,Natasha Mack,PHX,PRA,22.5,20,2.5,False
WNBA,PHX@GS,Natasha Mack,PHX,PR,17.5,20,-2.5,True
WNBA,PHX@GS,Natasha Mack,PHX,PR,20.5,20,0.0,False
WNBA,PHX@GS,Natasha Mack,PHX,PR,22.5,20,2.5,False
WNBA,PHX@GS,Natasha Mack,PHX,PA,17.5,20,-2.5,True
WNBA,PHX@GS,Natasha Mack,PHX,PA,20.5,20,0.0,False
WNBA,PHX@GS,Natasha Mack,PHX,PA,22.5,20,2.5,False
WNBA,PHX@GS,Kahleah Copper,PHX,PRA,11.5,14,-2.5,True
WNBA,PHX@GS,Kahleah Copper,PHX,PRA,14.5,14,0.0,False
WNBA,PHX@GS,Kahleah Copper,PHX,PRA,16.5,14,2.5,False
WNBA,PHX@GS,Kahleah Copper,PHX,PR,11.5,14,-2.5,True
WNBA,PHX@GS,Kahleah Copper,PHX,PR,14.5,14,0.0,False
WNBA,PHX@GS,Kahleah Copper,PHX,PR,16.5,14,2.5,False
WNBA,PHX@GS,Kahleah Copper,PHX,PA,11.5,14,-2.5,True
WNBA,PHX@GS,Kahleah Copper,PHX,PA,14.5,14,0.0,False
WNBA,PHX@GS,Kahleah Copper,PHX,PA,16.5,14,2.5,False
WNBA,PHX@GS,Monique Akoa Makani,PHX,PRA,22.5,25,-2.5,True
WNBA,PHX@GS,Monique Akoa Makani,PHX,PRA,24.5,25,0.0,True
WNBA,PHX@GS,Monique Akoa Makani,PHX,PRA,27.5,25,2.5,False
WNBA,PHX@GS,Monique Akoa Makani,PHX,PR,22.5,25,-2.5,True
WNBA,PHX@GS,Monique Akoa Makani,PHX,PR,24.5,25,0.0,True
WNBA,PHX@GS,Monique Akoa Makani,PHX,PR,27.5,25,2.5,False
WNBA,PHX@GS,Monique Akoa Makani,PHX,PA,22.5,25,-2.5,True
WNBA,PHX@GS,Monique Akoa Makani,PHX,PA,24.5,25,0.0,True
WNBA,PHX@GS,Monique Akoa Makani,PHX,PA,27.5,25,2.5,False
WNBA,PHX@GS,DeWanna Bonner,PHX,PRA,4.5,7,-2.5,True
WNBA,PHX@GS,DeWanna Bonner,PHX,PRA,6.5,7,0.0,True
WNBA,PHX@GS,DeWanna Bonner,PHX,PRA,9.5,7,2.5,False
WNBA,PHX@GS,DeWanna Bonner,PHX,PR,4.5,7,-2.5,True
WNBA,PHX@GS,DeWanna Bonner,PHX,PR,6.5,7,0.0,True
WNBA,PHX@GS,DeWanna Bonner,PHX,PR,9.5,7,2.5,False
WNBA,PHX@GS,DeWanna Bonner,PHX,PA,4.5,7,-2.5,True
WNBA,PHX@GS,DeWanna Bonner,PHX,PA,6.5,7,0.0,True
WNBA,PHX@GS,DeWanna Bonner,PHX,PA,9.5,7,2.5,False
WNBA,PHX@GS,Kayla Thornton,GS,PRA,15.5,18,-2.5,True
WNBA,PHX@GS,Kayla Thornton,GS,PRA,18.5,18,0.0,False
WNBA,PHX@GS,Kayla Thornton,GS,PRA,20.5,18,2.5,False
WNBA,PHX@GS,Kayla Thornton,GS,PR,15.5,18,-2.5,True
WNBA,PHX@GS,Kayla Thornton,GS,PR,18.5,18,0.0,False
WNBA,PHX@GS,Kayla Thornton,GS,PR,20.5,18,2.5,False
WNBA,PHX@GS,Kayla Thornton,GS,PA,15.5,18,-2.5,True
WNBA,PHX@GS,Kayla Thornton,GS,PA,18.5,18,0.0,False
WNBA,PHX@GS,Kayla Thornton,GS,PA,20.5,18,2.5,False
WNBA,PHX@GS,Gabby Williams,GS,PRA,27.5,30,-2.5,True
WNBA,PHX@GS,Gabby Williams,GS,PRA,30.5,30,0.0,False
WNBA,PHX@GS,Gabby Williams,GS,PRA,32.5,30,2.5,False
WNBA,PHX@GS,Gabby Williams,GS,PR,27.5,30,-2.5,True
WNBA,PHX@GS,Gabby Williams,GS,PR,30.5,30,0.0,False
WNBA,PHX@GS,Gabby Williams,GS,PR,32.5,30,2.5,False
WNBA,PHX@GS,Gabby Williams,GS,PA,27.5,30,-2.5,True
WNBA,PHX@GS,Gabby Williams,GS,PA,30.5,30,0.0,False
WNBA,PHX@GS,Gabby Williams,GS,PA,32.5,30,2.5,False
WNBA,PHX@GS,Veronica Burton,GS,PRA,33.5,36,-2.5,True
WNBA,PHX@GS,Veronica Burton,GS,PRA,36.5,36,0.0,False
WNBA,PHX@GS,Veronica Burton,GS,PRA,38.5,36,2.5,False
WNBA,PHX@GS,Veronica Burton,GS,PR,33.5,36,-2.5,True
WNBA,PHX@GS,Veronica Burton,GS,PR,36.5,36,0.0,False
WNBA,PHX@GS,Veronica Burton,GS,PR,38.5,36,2.5,False
WNBA,PHX@GS,Veronica Burton,GS,PA,33.5,36,-2.5,True
WNBA,PHX@GS,Veronica Burton,GS,PA,36.5,36,0.0,False
WNBA,PHX@GS,Veronica Burton,GS,PA,38.5,36,2.5,False
WNBA,PHX@GS,Janelle Salaun,GS,PRA,13.5,16,-2.5,True
WNBA,PHX@GS,Janelle Salaun,GS,PRA,16.5,16,0.0,False
WNBA,PHX@GS,Janelle Salaun,GS,PRA,18.5,16,2.5,False
WNBA,PHX@GS,Janelle Salaun,GS,PR,13.5,16,-2.5,True
WNBA,PHX@GS,Janelle Salaun,GS,PR,16.5,16,0.0,False
WNBA,PHX@GS,Janelle Salaun,GS,PR,18.5,16,2.5,False
WNBA,PHX@GS,Janelle Salaun,GS,PA,13.5,16,-2.5,True
WNBA,PHX@GS,Janelle Salaun,GS,PA,16.5,16,0.0,False
WNBA,PHX@GS,Janelle Salaun,GS,PA,18.5,16,2.5,False
WNBA,PHX@GS,Kaila Charles,GS,PRA,7.5,10,-2.5,True
WNBA,PHX@GS,Kaila Charles,GS,PRA,10.5,10,0.0,False
WNBA,PHX@GS,Kaila Charles,GS,PRA,12.5,10,2.5,False
WNBA,PHX@GS,Kaila Charles,GS,PR,7.5,10,-2.5,True
WNBA,PHX@GS,Kaila Charles,GS,PR,10.5,10,0.0,False
WNBA,PHX@GS,Kaila Charles,GS,PR,12.5,10,2.5,False
WNBA,PHX@GS,Kaila Charles,GS,PA,7.5,10,-2.5,True
WNBA,PHX@GS,Kaila Charles,GS,PA,10.5,10,0.0,False
WNBA,PHX@GS,Kaila Charles,GS,PA,12.5,10,2.5,False
WNBA,NY@CON,Breanna Stewart,NY,PRA,37.5,40,-2.5,True
WNBA,NY@CON,Breanna Stewart,NY,PRA,40.5,40,0.0,False
WNBA,NY@CON,Breanna Stewart,NY,PRA,42.5,40,2.5,False
WNBA,NY@CON,Breanna Stewart,NY,PR,37.5,40,-2.5,True
WNBA,NY@CON,Breanna Stewart,NY,PR,40.5,40,0.0,False
WNBA,NY@CON,Breanna Stewart,NY,PR,42.5,40,2.5,False
WNBA,NY@CON,Breanna Stewart,NY,PA,37.5,40,-2.5,True
WNBA,NY@CON,Breanna Stewart,NY,PA,40.5,40,0.0,False
WNBA,NY@CON,Breanna Stewart,NY,PA,42.5,40,2.5,False
WNBA,NY@CON,Leonie Fiebich,NY,PRA,10.5,13,-2.5,True
WNBA,NY@CON,Leonie Fiebich,NY,PRA,12.5,13,0.0,True
WNBA,NY@CON,Leonie Fiebich,NY,PRA,15.5,13,2.5,False
WNBA,NY@CON,Leonie Fiebich,NY,PR,10.5,13,-2.5,True
WNBA,NY@CON,Leonie Fiebich,NY,PR,12.5,13,0.0,True
WNBA,NY@CON,Leonie Fiebich,NY,PR,15.5,13,2.5,False
WNBA,NY@CON,Leonie Fiebich,NY,PA,10.5,13,-2.5,True
WNBA,NY@CON,Leonie Fiebich,NY,PA,12.5,13,0.0,True
WNBA,NY@CON,Leonie Fiebich,NY,PA,15.5,13,2.5,False
WNBA,NY@CON,Pauline Astier,NY,PRA,10.5,13,-2.5,True
WNBA,NY@CON,Pauline Astier,NY,PRA,12.5,13,0.0,True
WNBA,NY@CON,Pauline Astier,NY,PRA,15.5,13,2.5,False
WNBA,NY@CON,Pauline Astier,NY,PR,10.5,13,-2.5,True
WNBA,NY@CON,Pauline Astier,NY,PR,12.5,13,0.0,True
WNBA,NY@CON,Pauline Astier,NY,PR,15.5,13,2.5,False
WNBA,NY@CON,Pauline Astier,NY,PA,10.5,13,-2.5,True
WNBA,NY@CON,Pauline Astier,NY,PA,12.5,13,0.0,True
WNBA,NY@CON,Pauline Astier,NY,PA,15.5,13,2.5,False
WNBA,NY@CON,Satou Sabally,NY,PRA,10.5,13,-2.5,True
WNBA,NY@CON,Satou Sabally,NY,PRA,12.5,13,0.0,True
WNBA,NY@CON,Satou Sabally,NY,PRA,15.5,13,2.5,False
WNBA,NY@CON,Satou Sabally,NY,PR,10.5,13,-2.5,True
WNBA,NY@CON,Satou Sabally,NY,PR,12.5,13,0.0,True
WNBA,NY@CON,Satou Sabally,NY,PR,15.5,13,2.5,False
WNBA,NY@CON,Satou Sabally,NY,PA,10.5,13,-2.5,True
WNBA,NY@CON,Satou Sabally,NY,PA,12.5,13,0.0,True
WNBA,NY@CON,Satou Sabally,NY,PA,15.5,13,2.5,False
WNBA,NY@CON,Betnijah Laney-Hamilton,NY,PRA,13.5,16,-2.5,True
WNBA,NY@CON,Betnijah Laney-Hamilton,NY,PRA,16.5,16,0.0,False
WNBA,NY@CON,Betnijah Laney-Hamilton,NY,PRA,18.5,16,2.5,False
WNBA,NY@CON,Betnijah Laney-Hamilton,NY,PR,13.5,16,-2.5,True
WNBA,NY@CON,Betnijah Laney-Hamilton,NY,PR,16.5,16,0.0,False
WNBA,NY@CON,Betnijah Laney-Hamilton,NY,PR,18.5,16,2.5,False
WNBA,NY@CON,Betnijah Laney-Hamilton,NY,PA,13.5,16,-2.5,True
WNBA,NY@CON,Betnijah Laney-Hamilton,NY,PA,16.5,16,0.0,False
WNBA,NY@CON,Betnijah Laney-Hamilton,NY,PA,18.5,16,2.5,False
WNBA,NY@CON,Aaliyah Edwards,CON,PRA,17.5,20,-2.5,True
WNBA,NY@CON,Aaliyah Edwards,CON,PRA,20.5,20,0.0,False
WNBA,NY@CON,Aaliyah Edwards,CON,PRA,22.5,20,2.5,False
WNBA,NY@CON,Aaliyah Edwards,CON,PR,17.5,20,-2.5,True
WNBA,NY@CON,Aaliyah Edwards,CON,PR,20.5,20,0.0,False
WNBA,NY@CON,Aaliyah Edwards,CON,PR,22.5,20,2.5,False
WNBA,NY@CON,Aaliyah Edwards,CON,PA,17.5,20,-2.5,True
WNBA,NY@CON,Aaliyah Edwards,CON,PA,20.5,20,0.0,False
WNBA,NY@CON,Aaliyah Edwards,CON,PA,22.5,20,2.5,False
WNBA,NY@CON,Diamond Miller,CON,PRA,11.5,14,-2.5,True
WNBA,NY@CON,Diamond Miller,CON,PRA,14.5,14,0.0,False
WNBA,NY@CON,Diamond Miller,CON,PRA,16.5,14,2.5,False
WNBA,NY@CON,Diamond Miller,CON,PR,11.5,14,-2.5,True
WNBA,NY@CON,Diamond Miller,CON,PR,14.5,14,0.0,False
WNBA,NY@CON,Diamond Miller,CON,PR,16.5,14,2.5,False
WNBA,NY@CON,Diamond Miller,CON,PA,11.5,14,-2.5,True
WNBA,NY@CON,Diamond Miller,CON,PA,14.5,14,0.0,False
WNBA,NY@CON,Diamond Miller,CON,PA,16.5,14,2.5,False
WNBA,NY@CON,Olivia Nelson-Ododa,CON,PRA,21.5,24,-2.5,True
WNBA,NY@CON,Olivia Nelson-Ododa,CON,PRA,24.5,24,0.0,False
WNBA,NY@CON,Olivia Nelson-Ododa,CON,PRA,26.5,24,2.5,False
WNBA,NY@CON,Olivia Nelson-Ododa,CON,PR,21.5,24,-2.5,True
WNBA,NY@CON,Olivia Nelson-Ododa,CON,PR,24.5,24,0.0,False
WNBA,NY@CON,Olivia Nelson-Ododa,CON,PR,26.5,24,2.5,False
WNBA,NY@CON,Olivia Nelson-Ododa,CON,PA,21.5,24,-2.5,True
WNBA,NY@CON,Olivia Nelson-Ododa,CON,PA,24.5,24,0.0,False
WNBA,NY@CON,Olivia Nelson-Ododa,CON,PA,26.5,24,2.5,False
WNBA,NY@CON,Saniya Rivers,CON,PRA,17.5,20,-2.5,True
WNBA,NY@CON,Saniya Rivers,CON,PRA,20.5,20,0.0,False
WNBA,NY@CON,Saniya Rivers,CON,PRA,22.5,20,2.5,False
WNBA,NY@CON,Saniya Rivers,CON,PR,17.5,20,-2.5,True
WNBA,NY@CON,Saniya Rivers,CON,PR,20.5,20,0.0,False
WNBA,NY@CON,Saniya Rivers,CON,PR,22.5,20,2.5,False
WNBA,NY@CON,Saniya Rivers,CON,PA,17.5,20,-2.5,True
WNBA,NY@CON,Saniya Rivers,CON,PA,20.5,20,0.0,False
WNBA,NY@CON,Saniya Rivers,CON,PA,22.5,20,2.5,False
WNBA,NY@CON,Leila Lacan,CON,PRA,11.5,14,-2.5,True
WNBA,NY@CON,Leila Lacan,CON,PRA,14.5,14,0.0,False
WNBA,NY@CON,Leila Lacan,CON,PRA,16.5,14,2.5,False
WNBA,NY@CON,Leila Lacan,CON,PR,11.5,14,-2.5,True
WNBA,NY@CON,Leila Lacan,CON,PR,14.5,14,0.0,False
WNBA,NY@CON,Leila Lacan,CON,PR,16.5,14,2.5,False
WNBA,NY@CON,Leila Lacan,CON,PA,11.5,14,-2.5,True
WNBA,NY@CON,Leila Lacan,CON,PA,14.5,14,0.0,False
WNBA,NY@CON,Leila Lacan,CON,PA,16.5,14,2.5,False
WNBA,IND@WSH,Aliyah Boston,IND,PRA,24.5,27,-2.5,True
WNBA,IND@WSH,Aliyah Boston,IND,PRA,26.5,27,0.0,True
WNBA,IND@WSH,Aliyah Boston,IND,PRA,29.5,27,2.5,False
WNBA,IND@WSH,Aliyah Boston,IND,PR,24.5,27,-2.5,True
WNBA,IND@WSH,Aliyah Boston,IND,PR,26.5,27,0.0,True
WNBA,IND@WSH,Aliyah Boston,IND,PR,29.5,27,2.5,False
WNBA,IND@WSH,Aliyah Boston,IND,PA,24.5,27,-2.5,True
WNBA,IND@WSH,Aliyah Boston,IND,PA,26.5,27,0.0,True
WNBA,IND@WSH,Aliyah Boston,IND,PA,29.5,27,2.5,False
WNBA,IND@WSH,Kelsey Mitchell,IND,PRA,17.5,20,-2.5,True
WNBA,IND@WSH,Kelsey Mitchell,IND,PRA,20.5,20,0.0,False
WNBA,IND@WSH,Kelsey Mitchell,IND,PRA,22.5,20,2.5,False
WNBA,IND@WSH,Kelsey Mitchell,IND,PR,17.5,20,-2.5,True
WNBA,IND@WSH,Kelsey Mitchell,IND,PR,20.5,20,0.0,False
WNBA,IND@WSH,Kelsey Mitchell,IND,PR,22.5,20,2.5,False
WNBA,IND@WSH,Kelsey Mitchell,IND,PA,17.5,20,-2.5,True
WNBA,IND@WSH,Kelsey Mitchell,IND,PA,20.5,20,0.0,False
WNBA,IND@WSH,Kelsey Mitchell,IND,PA,22.5,20,2.5,False
WNBA,IND@WSH,Lexie Hull,IND,PRA,8.5,11,-2.5,True
WNBA,IND@WSH,Lexie Hull,IND,PRA,10.5,11,0.0,True
WNBA,IND@WSH,Lexie Hull,IND,PRA,13.5,11,2.5,False
WNBA,IND@WSH,Lexie Hull,IND,PR,8.5,11,-2.5,True
WNBA,IND@WSH,Lexie Hull,IND,PR,10.5,11,0.0,True
WNBA,IND@WSH,Lexie Hull,IND,PR,13.5,11,2.5,False
WNBA,IND@WSH,Lexie Hull,IND,PA,8.5,11,-2.5,True
WNBA,IND@WSH,Lexie Hull,IND,PA,10.5,11,0.0,True
WNBA,IND@WSH,Lexie Hull,IND,PA,13.5,11,2.5,False
WNBA,IND@WSH,Caitlin Clark,IND,PRA,24.5,27,-2.5,True
WNBA,IND@WSH,Caitlin Clark,IND,PRA,26.5,27,0.0,True
WNBA,IND@WSH,Caitlin Clark,IND,PRA,29.5,27,2.5,False
WNBA,IND@WSH,Caitlin Clark,IND,PR,24.5,27,-2.5,True
WNBA,IND@WSH,Caitlin Clark,IND,PR,26.5,27,0.0,True
WNBA,IND@WSH,Caitlin Clark,IND,PR,29.5,27,2.5,False
WNBA,IND@WSH,Caitlin Clark,IND,PA,24.5,27,-2.5,True
WNBA,IND@WSH,Caitlin Clark,IND,PA,26.5,27,0.0,True
WNBA,IND@WSH,Caitlin Clark,IND,PA,29.5,27,2.5,False
WNBA,IND@WSH,Sophie Cunningham,IND,PRA,10.5,13,-2.5,True
WNBA,IND@WSH,Sophie Cunningham,IND,PRA,12.5,13,0.0,True
WNBA,IND@WSH,Sophie Cunningham,IND,PRA,15.5,13,2.5,False
WNBA,IND@WSH,Sophie Cunningham,IND,PR,10.5,13,-2.5,True
WNBA,IND@WSH,Sophie Cunningham,IND,PR,12.5,13,0.0,True
WNBA,IND@WSH,Sophie Cunningham,IND,PR,15.5,13,2.5,False
WNBA,IND@WSH,Sophie Cunningham,IND,PA,10.5,13,-2.5,True
WNBA,IND@WSH,Sophie Cunningham,IND,PA,12.5,13,0.0,True
WNBA,IND@WSH,Sophie Cunningham,IND,PA,15.5,13,2.5,False
WNBA,IND@WSH,Michaela Onyenwere,WSH,PRA,17.5,20,-2.5,True
WNBA,IND@WSH,Michaela Onyenwere,WSH,PRA,20.5,20,0.0,False
WNBA,IND@WSH,Michaela Onyenwere,WSH,PRA,22.5,20,2.5,False
WNBA,IND@WSH,Michaela Onyenwere,WSH,PR,17.5,20,-2.5,True
WNBA,IND@WSH,Michaela Onyenwere,WSH,PR,20.5,20,0.0,False
WNBA,IND@WSH,Michaela Onyenwere,WSH,PR,22.5,20,2.5,False
WNBA,IND@WSH,Michaela Onyenwere,WSH,PA,17.5,20,-2.5,True
WNBA,IND@WSH,Michaela Onyenwere,WSH,PA,20.5,20,0.0,False
WNBA,IND@WSH,Michaela Onyenwere,WSH,PA,22.5,20,2.5,False
WNBA,IND@WSH,Shakira Austin,WSH,PRA,20.5,23,-2.5,True
WNBA,IND@WSH,Shakira Austin,WSH,PRA,22.5,23,0.0,True
WNBA,IND@WSH,Shakira Austin,WSH,PRA,25.5,23,2.5,False
WNBA,IND@WSH,Shakira Austin,WSH,PR,20.5,23,-2.5,True
WNBA,IND@WSH,Shakira Austin,WSH,PR,22.5,23,0.0,True
WNBA,IND@WSH,Shakira Austin,WSH,PR,25.5,23,2.5,False
WNBA,IND@WSH,Shakira Austin,WSH,PA,20.5,23,-2.5,True
WNBA,IND@WSH,Shakira Austin,WSH,PA,22.5,23,0.0,True
WNBA,IND@WSH,Shakira Austin,WSH,PA,25.5,23,2.5,False
WNBA,IND@WSH,Sonia Citron,WSH,PRA,14.5,17,-2.5,True
WNBA,IND@WSH,Sonia Citron,WSH,PRA,16.5,17,0.0,True
WNBA,IND@WSH,Sonia Citron,WSH,PRA,19.5,17,2.5,False
WNBA,IND@WSH,Sonia Citron,WSH,PR,14.5,17,-2.5,True
WNBA,IND@WSH,Sonia Citron,WSH,PR,16.5,17,0.0,True
WNBA,IND@WSH,Sonia Citron,WSH,PR,19.5,17,2.5,False
WNBA,IND@WSH,Sonia Citron,WSH,PA,14.5,17,-2.5,True
WNBA,IND@WSH,Sonia Citron,WSH,PA,16.5,17,0.0,True
WNBA,IND@WSH,Sonia Citron,WSH,PA,19.5,17,2.5,False
WNBA,IND@WSH,Georgia Amoore,WSH,PRA,14.5,17,-2.5,True
WNBA,IND@WSH,Georgia Amoore,WSH,PRA,16.5,17,0.0,True
WNBA,IND@WSH,Georgia Amoore,WSH,PRA,19.5,17,2.5,False
WNBA,IND@WSH,Georgia Amoore,WSH,PR,14.5,17,-2.5,True
WNBA,IND@WSH,Georgia Amoore,WSH,PR,16.5,17,0.0,True
WNBA,IND@WSH,Georgia Amoore,WSH,PR,19.5,17,2.5,False
WNBA,IND@WSH,Georgia Amoore,WSH,PA,14.5,17,-2.5,True
WNBA,IND@WSH,Georgia Amoore,WSH,PA,16.5,17,0.0,True
WNBA,IND@WSH,Georgia Amoore,WSH,PA,19.5,17,2.5,False
WNBA,IND@WSH,Cotie McMahon,WSH,PRA,14.5,17,-2.5,True
WNBA,IND@WSH,Cotie McMahon,WSH,PRA,16.5,17,0.0,True
WNBA,IND@WSH,Cotie McMahon,WSH,PRA,19.5,17,2.5,False
WNBA,IND@WSH,Cotie McMahon,WSH,PR,14.5,17,-2.5,True
WNBA,IND@WSH,Cotie McMahon,WSH,PR,16.5,17,0.0,True
WNBA,IND@WSH,Cotie McMahon,WSH,PR,19.5,17,2.5,False
WNBA,IND@WSH,Cotie McMahon,WSH,PA,14.5,17,-2.5,True
WNBA,IND@WSH,Cotie McMahon,WSH,PA,16.5,17,0.0,True
WNBA,IND@WSH,Cotie McMahon,WSH,PA,19.5,17,2.5,False
WNBA,SEA@LV,Dominique Malonga,SEA,PRA,21.5,24,-2.5,True
WNBA,SEA@LV,Dominique Malonga,SEA,PRA,24.5,24,0.0,False
WNBA,SEA@LV,Dominique Malonga,SEA,PRA,26.5,24,2.5,False
WNBA,SEA@LV,Dominique Malonga,SEA,PR,21.5,24,-2.5,True
WNBA,SEA@LV,Dominique Malonga,SEA,PR,24.5,24,0.0,False
WNBA,SEA@LV,Dominique Malonga,SEA,PR,26.5,24,2.5,False
WNBA,SEA@LV,Dominique Malonga,SEA,PA,21.5,24,-2.5,True
WNBA,SEA@LV,Dominique Malonga,SEA,PA,24.5,24,0.0,False
WNBA,SEA@LV,Dominique Malonga,SEA,PA,26.5,24,2.5,False
WNBA,SEA@LV,Awa Fam,SEA,PRA,17.5,20,-2.5,True
WNBA,SEA@LV,Awa Fam,SEA,PRA,20.5,20,0.0,False
WNBA,SEA@LV,Awa Fam,SEA,PRA,22.5,20,2.5,False
WNBA,SEA@LV,Awa Fam,SEA,PR,17.5,20,-2.5,True
WNBA,SEA@LV,Awa Fam,SEA,PR,20.5,20,0.0,False
WNBA,SEA@LV,Awa Fam,SEA,PR,22.5,20,2.5,False
WNBA,SEA@LV,Awa Fam,SEA,PA,17.5,20,-2.5,True
WNBA,SEA@LV,Awa Fam,SEA,PA,20.5,20,0.0,False
WNBA,SEA@LV,Awa Fam,SEA,PA,22.5,20,2.5,False
WNBA,SEA@LV,Natisha Hiedeman,SEA,PRA,24.5,27,-2.5,True
WNBA,SEA@LV,Natisha Hiedeman,SEA,PRA,26.5,27,0.0,True
WNBA,SEA@LV,Natisha Hiedeman,SEA,PRA,29.5,27,2.5,False
WNBA,SEA@LV,Natisha Hiedeman,SEA,PR,24.5,27,-2.5,True
WNBA,SEA@LV,Natisha Hiedeman,SEA,PR,26.5,27,0.0,True
WNBA,SEA@LV,Natisha Hiedeman,SEA,PR,29.5,27,2.5,False
WNBA,SEA@LV,Natisha Hiedeman,SEA,PA,24.5,27,-2.5,True
WNBA,SEA@LV,Natisha Hiedeman,SEA,PA,26.5,27,0.0,True
WNBA,SEA@LV,Natisha Hiedeman,SEA,PA,29.5,27,2.5,False
WNBA,SEA@LV,Flau'jae Johnson,SEA,PRA,19.5,22,-2.5,True
WNBA,SEA@LV,Flau'jae Johnson,SEA,PRA,22.5,22,0.0,False
WNBA,SEA@LV,Flau'jae Johnson,SEA,PRA,24.5,22,2.5,False
WNBA,SEA@LV,Flau'jae Johnson,SEA,PR,19.5,22,-2.5,True
WNBA,SEA@LV,Flau'jae Johnson,SEA,PR,22.5,22,0.0,False
WNBA,SEA@LV,Flau'jae Johnson,SEA,PR,24.5,22,2.5,False
WNBA,SEA@LV,Flau'jae Johnson,SEA,PA,19.5,22,-2.5,True
WNBA,SEA@LV,Flau'jae Johnson,SEA,PA,22.5,22,0.0,False
WNBA,SEA@LV,Flau'jae Johnson,SEA,PA,24.5,22,2.5,False
WNBA,SEA@LV,Jade Melbourne,SEA,PRA,8.5,11,-2.5,True
WNBA,SEA@LV,Jade Melbourne,SEA,PRA,10.5,11,0.0,True
WNBA,SEA@LV,Jade Melbourne,SEA,PRA,13.5,11,2.5,False
WNBA,SEA@LV,Jade Melbourne,SEA,PR,8.5,11,-2.5,True
WNBA,SEA@LV,Jade Melbourne,SEA,PR,10.5,11,0.0,True
WNBA,SEA@LV,Jade Melbourne,SEA,PR,13.5,11,2.5,False
WNBA,SEA@LV,Jade Melbourne,SEA,PA,8.5,11,-2.5,True
WNBA,SEA@LV,Jade Melbourne,SEA,PA,10.5,11,0.0,True
WNBA,SEA@LV,Jade Melbourne,SEA,PA,13.5,11,2.5,False
WNBA,SEA@LV,NaLyssa Smith,LV,PRA,22.5,25,-2.5,True
WNBA,SEA@LV,NaLyssa Smith,LV,PRA,24.5,25,0.0,True
WNBA,SEA@LV,NaLyssa Smith,LV,PRA,27.5,25,2.5,False
WNBA,SEA@LV,NaLyssa Smith,LV,PR,22.5,25,-2.5,True
WNBA,SEA@LV,NaLyssa Smith,LV,PR,24.5,25,0.0,True
WNBA,SEA@LV,NaLyssa Smith,LV,PR,27.5,25,2.5,False
WNBA,SEA@LV,NaLyssa Smith,LV,PA,22.5,25,-2.5,True
WNBA,SEA@LV,NaLyssa Smith,LV,PA,24.5,25,0.0,True
WNBA,SEA@LV,NaLyssa Smith,LV,PA,27.5,25,2.5,False
WNBA,SEA@LV,A'ja Wilson,LV,PRA,52.5,55,-2.5,True
WNBA,SEA@LV,A'ja Wilson,LV,PRA,54.5,55,0.0,True
WNBA,SEA@LV,A'ja Wilson,LV,PRA,57.5,55,2.5,False
WNBA,SEA@LV,A'ja Wilson,LV,PR,52.5,55,-2.5,True
WNBA,SEA@LV,A'ja Wilson,LV,PR,54.5,55,0.0,True
WNBA,SEA@LV,A'ja Wilson,LV,PR,57.5,55,2.5,False
WNBA,SEA@LV,A'ja Wilson,LV,PA,52.5,55,-2.5,True
WNBA,SEA@LV,A'ja Wilson,LV,PA,54.5,55,0.0,True
WNBA,SEA@LV,A'ja Wilson,LV,PA,57.5,55,2.5,False
WNBA,SEA@LV,Chelsea Gray,LV,PRA,22.5,25,-2.5,True
WNBA,SEA@LV,Chelsea Gray,LV,PRA,24.5,25,0.0,True
WNBA,SEA@LV,Chelsea Gray,LV,PRA,27.5,25,2.5,False
WNBA,SEA@LV,Chelsea Gray,LV,PR,22.5,25,-2.5,True
WNBA,SEA@LV,Chelsea Gray,LV,PR,24.5,25,0.0,True
WNBA,SEA@LV,Chelsea Gray,LV,PR,27.5,25,2.5,False
WNBA,SEA@LV,Chelsea Gray,LV,PA,22.5,25,-2.5,True
WNBA,SEA@LV,Chelsea Gray,LV,PA,24.5,25,0.0,True
WNBA,SEA@LV,Chelsea Gray,LV,PA,27.5,25,2.5,False
WNBA,SEA@LV,Jackie Young,LV,PRA,35.5,38,-2.5,True
WNBA,SEA@LV,Jackie Young,LV,PRA,38.5,38,0.0,False
WNBA,SEA@LV,Jackie Young,LV,PRA,40.5,38,2.5,False
WNBA,SEA@LV,Jackie Young,LV,PR,35.5,38,-2.5,True
WNBA,SEA@LV,Jackie Young,LV,PR,38.5,38,0.0,False
WNBA,SEA@LV,Jackie Young,LV,PR,40.5,38,2.5,False
WNBA,SEA@LV,Jackie Young,LV,PA,35.5,38,-2.5,True
WNBA,SEA@LV,Jackie Young,LV,PA,38.5,38,0.0,False
WNBA,SEA@LV,Jackie Young,LV,PA,40.5,38,2.5,False
WNBA,SEA@LV,Jewell Loyd,LV,PRA,4.5,7,-2.5,True
WNBA,SEA@LV,Jewell Loyd,LV,PRA,6.5,7,0.0,True
WNBA,SEA@LV,Jewell Loyd,LV,PRA,9.5,7,2.5,False
WNBA,SEA@LV,Jewell Loyd,LV,PR,4.5,7,-2.5,True
WNBA,SEA@LV,Jewell Loyd,LV,PR,6.5,7,0.0,True
WNBA,SEA@LV,Jewell Loyd,LV,PR,9.5,7,2.5,False
WNBA,SEA@LV,Jewell Loyd,LV,PA,4.5,7,-2.5,True
WNBA,SEA@LV,Jewell Loyd,LV,PA,6.5,7,0.0,True
WNBA,SEA@LV,Jewell Loyd,LV,PA,9.5,7,2.5,False
WNBA,CHI@TOR,Rachel Banham,CHI,PRA,3.5,6,-2.5,True
WNBA,CHI@TOR,Rachel Banham,CHI,PRA,6.5,6,0.0,False
WNBA,CHI@TOR,Rachel Banham,CHI,PRA,8.5,6,2.5,False
WNBA,CHI@TOR,Rachel Banham,CHI,PR,3.5,6,-2.5,True
WNBA,CHI@TOR,Rachel Banham,CHI,PR,6.5,6,0.0,False
WNBA,CHI@TOR,Rachel Banham,CHI,PR,8.5,6,2.5,False
WNBA,CHI@TOR,Rachel Banham,CHI,PA,3.5,6,-2.5,True
WNBA,CHI@TOR,Rachel Banham,CHI,PA,6.5,6,0.0,False
WNBA,CHI@TOR,Rachel Banham,CHI,PA,8.5,6,2.5,False
WNBA,CHI@TOR,Jacy Sheldon,CHI,PRA,12.5,15,-2.5,True
WNBA,CHI@TOR,Jacy Sheldon,CHI,PRA,14.5,15,0.0,True
WNBA,CHI@TOR,Jacy Sheldon,CHI,PRA,17.5,15,2.5,False
WNBA,CHI@TOR,Jacy Sheldon,CHI,PR,12.5,15,-2.5,True
WNBA,CHI@TOR,Jacy Sheldon,CHI,PR,14.5,15,0.0,True
WNBA,CHI@TOR,Jacy Sheldon,CHI,PR,17.5,15,2.5,False
WNBA,CHI@TOR,Jacy Sheldon,CHI,PA,12.5,15,-2.5,True
WNBA,CHI@TOR,Jacy Sheldon,CHI,PA,14.5,15,0.0,True
WNBA,CHI@TOR,Jacy Sheldon,CHI,PA,17.5,15,2.5,False
WNBA,CHI@TOR,Elizabeth Williams,CHI,PRA,6.5,9,-2.5,True
WNBA,CHI@TOR,Elizabeth Williams,CHI,PRA,8.5,9,0.0,True
WNBA,CHI@TOR,Elizabeth Williams,CHI,PRA,11.5,9,2.5,False
WNBA,CHI@TOR,Elizabeth Williams,CHI,PR,6.5,9,-2.5,True
WNBA,CHI@TOR,Elizabeth Williams,CHI,PR,8.5,9,0.0,True
WNBA,CHI@TOR,Elizabeth Williams,CHI,PR,11.5,9,2.5,False
WNBA,CHI@TOR,Elizabeth Williams,CHI,PA,6.5,9,-2.5,True
WNBA,CHI@TOR,Elizabeth Williams,CHI,PA,8.5,9,0.0,True
WNBA,CHI@TOR,Elizabeth Williams,CHI,PA,11.5,9,2.5,False
WNBA,CHI@TOR,Saylor Poffenbarger,CHI,PRA,1.5,4,-2.5,True
WNBA,CHI@TOR,Saylor Poffenbarger,CHI,PRA,4.5,4,0.0,False
WNBA,CHI@TOR,Saylor Poffenbarger,CHI,PRA,6.5,4,2.5,False
WNBA,CHI@TOR,Saylor Poffenbarger,CHI,PR,1.5,4,-2.5,True
WNBA,CHI@TOR,Saylor Poffenbarger,CHI,PR,4.5,4,0.0,False
WNBA,CHI@TOR,Saylor Poffenbarger,CHI,PR,6.5,4,2.5,False
WNBA,CHI@TOR,Saylor Poffenbarger,CHI,PA,1.5,4,-2.5,True
WNBA,CHI@TOR,Saylor Poffenbarger,CHI,PA,4.5,4,0.0,False
WNBA,CHI@TOR,Saylor Poffenbarger,CHI,PA,6.5,4,2.5,False
WNBA,CHI@TOR,Marina Mabrey,TOR,PRA,16.5,19,-2.5,True
WNBA,CHI@TOR,Marina Mabrey,TOR,PRA,18.5,19,0.0,True
WNBA,CHI@TOR,Marina Mabrey,TOR,PRA,21.5,19,2.5,False
WNBA,CHI@TOR,Marina Mabrey,TOR,PR,16.5,19,-2.5,True
WNBA,CHI@TOR,Marina Mabrey,TOR,PR,18.5,19,0.0,True
WNBA,CHI@TOR,Marina Mabrey,TOR,PR,21.5,19,2.5,False
WNBA,CHI@TOR,Marina Mabrey,TOR,PA,16.5,19,-2.5,True
WNBA,CHI@TOR,Marina Mabrey,TOR,PA,18.5,19,0.0,True
WNBA,CHI@TOR,Marina Mabrey,TOR,PA,21.5,19,2.5,False
WNBA,CHI@TOR,Maria Conde,TOR,PRA,10.5,13,-2.5,True
WNBA,CHI@TOR,Maria Conde,TOR,PRA,12.5,13,0.0,True
WNBA,CHI@TOR,Maria Conde,TOR,PRA,15.5,13,2.5,False
WNBA,CHI@TOR,Maria Conde,TOR,PR,10.5,13,-2.5,True
WNBA,CHI@TOR,Maria Conde,TOR,PR,12.5,13,0.0,True
WNBA,CHI@TOR,Maria Conde,TOR,PR,15.5,13,2.5,False
WNBA,CHI@TOR,Maria Conde,TOR,PA,10.5,13,-2.5,True
WNBA,CHI@TOR,Maria Conde,TOR,PA,12.5,13,0.0,True
WNBA,CHI@TOR,Maria Conde,TOR,PA,15.5,13,2.5,False
WNBA,CHI@TOR,Teonni Key,TOR,PRA,2.5,5,-2.5,True
WNBA,CHI@TOR,Teonni Key,TOR,PRA,4.5,5,0.0,True
WNBA,CHI@TOR,Teonni Key,TOR,PRA,7.5,5,2.5,False
WNBA,CHI@TOR,Teonni Key,TOR,PR,2.5,5,-2.5,True
WNBA,CHI@TOR,Teonni Key,TOR,PR,4.5,5,0.0,True
WNBA,CHI@TOR,Teonni Key,TOR,PR,7.5,5,2.5,False
WNBA,CHI@TOR,Teonni Key,TOR,PA,2.5,5,-2.5,True
WNBA,CHI@TOR,Teonni Key,TOR,PA,4.5,5,0.0,True
WNBA,CHI@TOR,Teonni Key,TOR,PA,7.5,5,2.5,False
WNBA,CHI@TOR,Kia Nurse,TOR,PRA,0.5,3,-2.5,True
WNBA,CHI@TOR,Kia Nurse,TOR,PRA,2.5,3,0.0,True
WNBA,CHI@TOR,Kia Nurse,TOR,PRA,5.5,3,2.5,False
WNBA,CHI@TOR,Kia Nurse,TOR,PR,0.5,3,-2.5,True
WNBA,CHI@TOR,Kia Nurse,TOR,PR,2.5,3,0.0,True
WNBA,CHI@TOR,Kia Nurse,TOR,PR,5.5,3,2.5,False
WNBA,CHI@TOR,Kia Nurse,TOR,PA,0.5,3,-2.5,True
WNBA,CHI@TOR,Kia Nurse,TOR,PA,2.5,3,0.0,True
WNBA,CHI@TOR,Kia Nurse,TOR,PA,5.5,3,2.5,False
WNBA,CHI@TOR,Tima Pouye,TOR,PRA,-1.5,1,-2.5,True
WNBA,CHI@TOR,Tima Pouye,TOR,PRA,0.5,1,0.0,True
WNBA,CHI@TOR,Tima Pouye,TOR,PRA,3.5,1,2.5,False
WNBA,CHI@TOR,Tima Pouye,TOR,PR,-1.5,1,-2.5,True
WNBA,CHI@TOR,Tima Pouye,TOR,PR,0.5,1,0.0,True
WNBA,CHI@TOR,Tima Pouye,TOR,PR,3.5,1,2.5,False
WNBA,CHI@TOR,Tima Pouye,TOR,PA,-1.5,1,-2.5,True
WNBA,CHI@TOR,Tima Pouye,TOR,PA,0.5,1,0.0,True
WNBA,CHI@TOR,Tima Pouye,TOR,PA,3.5,1,2.5,False
WNBA,POR@LA,Bridget Carleton,POR,PRA,13.5,16,-2.5,True
WNBA,POR@LA,Bridget Carleton,POR,PRA,16.5,16,0.0,False
WNBA,POR@LA,Bridget Carleton,POR,PRA,18.5,16,2.5,False
WNBA,POR@LA,Bridget Carleton,POR,PR,13.5,16,-2.5,True
WNBA,POR@LA,Bridget Carleton,POR,PR,16.5,16,0.0,False
WNBA,POR@LA,Bridget Carleton,POR,PR,18.5,16,2.5,False
WNBA,POR@LA,Bridget Carleton,POR,PA,13.5,16,-2.5,True
WNBA,POR@LA,Bridget Carleton,POR,PA,16.5,16,0.0,False
WNBA,POR@LA,Bridget Carleton,POR,PA,18.5,16,2.5,False
WNBA,POR@LA,Emily Engstler,POR,PRA,15.5,18,-2.5,True
WNBA,POR@LA,Emily Engstler,POR,PRA,18.5,18,0.0,False
WNBA,POR@LA,Emily Engstler,POR,PRA,20.5,18,2.5,False
WNBA,POR@LA,Emily Engstler,POR,PR,15.5,18,-2.5,True
WNBA,POR@LA,Emily Engstler,POR,PR,18.5,18,0.0,False
WNBA,POR@LA,Emily Engstler,POR,PR,20.5,18,2.5,False
WNBA,POR@LA,Emily Engstler,POR,PA,15.5,18,-2.5,True
WNBA,POR@LA,Emily Engstler,POR,PA,18.5,18,0.0,False
WNBA,POR@LA,Emily Engstler,POR,PA,20.5,18,2.5,False
WNBA,POR@LA,Megan Gustafson,POR,PRA,24.5,27,-2.5,True
WNBA,POR@LA,Megan Gustafson,POR,PRA,26.5,27,0.0,True
WNBA,POR@LA,Megan Gustafson,POR,PRA,29.5,27,2.5,False
WNBA,POR@LA,Megan Gustafson,POR,PR,24.5,27,-2.5,True
WNBA,POR@LA,Megan Gustafson,POR,PR,26.5,27,0.0,True
WNBA,POR@LA,Megan Gustafson,POR,PR,29.5,27,2.5,False
WNBA,POR@LA,Megan Gustafson,POR,PA,24.5,27,-2.5,True
WNBA,POR@LA,Megan Gustafson,POR,PA,26.5,27,0.0,True
WNBA,POR@LA,Megan Gustafson,POR,PA,29.5,27,2.5,False
WNBA,POR@LA,Sarah Ashlee Barker,POR,PRA,12.5,15,-2.5,True
WNBA,POR@LA,Sarah Ashlee Barker,POR,PRA,14.5,15,0.0,True
WNBA,POR@LA,Sarah Ashlee Barker,POR,PRA,17.5,15,2.5,False
WNBA,POR@LA,Sarah Ashlee Barker,POR,PR,12.5,15,-2.5,True
WNBA,POR@LA,Sarah Ashlee Barker,POR,PR,14.5,15,0.0,True
WNBA,POR@LA,Sarah Ashlee Barker,POR,PR,17.5,15,2.5,False
WNBA,POR@LA,Sarah Ashlee Barker,POR,PA,12.5,15,-2.5,True
WNBA,POR@LA,Sarah Ashlee Barker,POR,PA,14.5,15,0.0,True
WNBA,POR@LA,Sarah Ashlee Barker,POR,PA,17.5,15,2.5,False
WNBA,POR@LA,Teja Oblak,POR,PRA,6.5,9,-2.5,True
WNBA,POR@LA,Teja Oblak,POR,PRA,8.5,9,0.0,True
WNBA,POR@LA,Teja Oblak,POR,PRA,11.5,9,2.5,False
WNBA,POR@LA,Teja Oblak,POR,PR,6.5,9,-2.5,True
WNBA,POR@LA,Teja Oblak,POR,PR,8.5,9,0.0,True
WNBA,POR@LA,Teja Oblak,POR,PR,11.5,9,2.5,False
WNBA,POR@LA,Teja Oblak,POR,PA,6.5,9,-2.5,True
WNBA,POR@LA,Teja Oblak,POR,PA,8.5,9,0.0,True
WNBA,POR@LA,Teja Oblak,POR,PA,11.5,9,2.5,False
WNBA,POR@LA,Nneka Ogwumike,LA,PRA,36.5,39,-2.5,True
WNBA,POR@LA,Nneka Ogwumike,LA,PRA,38.5,39,0.0,True
WNBA,POR@LA,Nneka Ogwumike,LA,PRA,41.5,39,2.5,False
WNBA,POR@LA,Nneka Ogwumike,LA,PR,36.5,39,-2.5,True
WNBA,POR@LA,Nneka Ogwumike,LA,PR,38.5,39,0.0,True
WNBA,POR@LA,Nneka Ogwumike,LA,PR,41.5,39,2.5,False
WNBA,POR@LA,Nneka Ogwumike,LA,PA,36.5,39,-2.5,True
WNBA,POR@LA,Nneka Ogwumike,LA,PA,38.5,39,0.0,True
WNBA,POR@LA,Nneka Ogwumike,LA,PA,41.5,39,2.5,False
WNBA,POR@LA,Dearica Hamby,LA,PRA,31.5,34,-2.5,True
WNBA,POR@LA,Dearica Hamby,LA,PRA,34.5,34,0.0,False
WNBA,POR@LA,Dearica Hamby,LA,PRA,36.5,34,2.5,False
WNBA,POR@LA,Dearica Hamby,LA,PR,31.5,34,-2.5,True
WNBA,POR@LA,Dearica Hamby,LA,PR,34.5,34,0.0,False
WNBA,POR@LA,Dearica Hamby,LA,PR,36.5,34,2.5,False
WNBA,POR@LA,Dearica Hamby,LA,PA,31.5,34,-2.5,True
WNBA,POR@LA,Dearica Hamby,LA,PA,34.5,34,0.0,False
WNBA,POR@LA,Dearica Hamby,LA,PA,36.5,34,2.5,False
WNBA,POR@LA,Erica Wheeler,LA,PRA,8.5,11,-2.5,True
WNBA,POR@LA,Erica Wheeler,LA,PRA,10.5,11,0.0,True
WNBA,POR@LA,Erica Wheeler,LA,PRA,13.5,11,2.5,False
WNBA,POR@LA,Erica Wheeler,LA,PR,8.5,11,-2.5,True
WNBA,POR@LA,Erica Wheeler,LA,PR,10.5,11,0.0,True
WNBA,POR@LA,Erica Wheeler,LA,PR,13.5,11,2.5,False
WNBA,POR@LA,Erica Wheeler,LA,PA,8.5,11,-2.5,True
WNBA,POR@LA,Erica Wheeler,LA,PA,10.5,11,0.0,True
WNBA,POR@LA,Erica Wheeler,LA,PA,13.5,11,2.5,False
WNBA,POR@LA,Kelsey Plum,LA,PRA,26.5,29,-2.5,True
WNBA,POR@LA,Kelsey Plum,LA,PRA,28.5,29,0.0,True
WNBA,POR@LA,Kelsey Plum,LA,PRA,31.5,29,2.5,False
WNBA,POR@LA,Kelsey Plum,LA,PR,26.5,29,-2.5,True
WNBA,POR@LA,Kelsey Plum,LA,PR,28.5,29,0.0,True
WNBA,POR@LA,Kelsey Plum,LA,PR,31.5,29,2.5,False
WNBA,POR@LA,Kelsey Plum,LA,PA,26.5,29,-2.5,True
WNBA,POR@LA,Kelsey Plum,LA,PA,28.5,29,0.0,True
WNBA,POR@LA,Kelsey Plum,LA,PA,31.5,29,2.5,False
WNBA,POR@LA,Rae Burrell,LA,PRA,11.5,14,-2.5,True
WNBA,POR@LA,Rae Burrell,LA,PRA,14.5,14,0.0,False
WNBA,POR@LA,Rae Burrell,LA,PRA,16.5,14,2.5,False
WNBA,POR@LA,Rae Burrell,LA,PR,11.5,14,-2.5,True
WNBA,POR@LA,Rae Burrell,LA,PR,14.5,14,0.0,False
WNBA,POR@LA,Rae Burrell,LA,PR,16.5,14,2.5,False
WNBA,POR@LA,Rae Burrell,LA,PA,11.5,14,-2.5,True
WNBA,POR@LA,Rae Burrell,LA,PA,14.5,14,0.0,False
WNBA,POR@LA,Rae Burrell,LA,PA,16.5,14,2.5,False
NBA,SA@NY,Victor Wembanyama,SA,PRA,43.5,46,-2.5,True
NBA,SA@NY,Victor Wembanyama,SA,PRA,46.5,46,0.0,False
NBA,SA@NY,Victor Wembanyama,SA,PRA,48.5,46,2.5,False
NBA,SA@NY,Victor Wembanyama,SA,PR,43.5,46,-2.5,True
NBA,SA@NY,Victor Wembanyama,SA,PR,46.5,46,0.0,False
NBA,SA@NY,Victor Wembanyama,SA,PR,48.5,46,2.5,False
NBA,SA@NY,Victor Wembanyama,SA,PA,43.5,46,-2.5,True
NBA,SA@NY,Victor Wembanyama,SA,PA,46.5,46,0.0,False
NBA,SA@NY,Victor Wembanyama,SA,PA,48.5,46,2.5,False
NBA,SA@NY,De'Aaron Fox,SA,PRA,20.5,23,-2.5,True
NBA,SA@NY,De'Aaron Fox,SA,PRA,22.5,23,0.0,True
NBA,SA@NY,De'Aaron Fox,SA,PRA,25.5,23,2.5,False
NBA,SA@NY,De'Aaron Fox,SA,PR,20.5,23,-2.5,True
NBA,SA@NY,De'Aaron Fox,SA,PR,22.5,23,0.0,True
NBA,SA@NY,De'Aaron Fox,SA,PR,25.5,23,2.5,False
NBA,SA@NY,De'Aaron Fox,SA,PA,20.5,23,-2.5,True
NBA,SA@NY,De'Aaron Fox,SA,PA,22.5,23,0.0,True
NBA,SA@NY,De'Aaron Fox,SA,PA,25.5,23,2.5,False
NBA,SA@NY,Devin Vassell,SA,PRA,12.5,15,-2.5,True
NBA,SA@NY,Devin Vassell,SA,PRA,14.5,15,0.0,True
NBA,SA@NY,Devin Vassell,SA,PRA,17.5,15,2.5,False
NBA,SA@NY,Devin Vassell,SA,PR,12.5,15,-2.5,True
NBA,SA@NY,Devin Vassell,SA,PR,14.5,15,0.0,True
NBA,SA@NY,Devin Vassell,SA,PR,17.5,15,2.5,False
NBA,SA@NY,Devin Vassell,SA,PA,12.5,15,-2.5,True
NBA,SA@NY,Devin Vassell,SA,PA,14.5,15,0.0,True
NBA,SA@NY,Devin Vassell,SA,PA,17.5,15,2.5,False
NBA,SA@NY,Stephon Castle,SA,PRA,30.5,33,-2.5,True
NBA,SA@NY,Stephon Castle,SA,PRA,32.5,33,0.0,True
NBA,SA@NY,Stephon Castle,SA,PRA,35.5,33,2.5,False
NBA,SA@NY,Stephon Castle,SA,PR,30.5,33,-2.5,True
NBA,SA@NY,Stephon Castle,SA,PR,32.5,33,0.0,True
NBA,SA@NY,Stephon Castle,SA,PR,35.5,33,2.5,False
NBA,SA@NY,Stephon Castle,SA,PA,30.5,33,-2.5,True
NBA,SA@NY,Stephon Castle,SA,PA,32.5,33,0.0,True
NBA,SA@NY,Stephon Castle,SA,PA,35.5,33,2.5,False
NBA,SA@NY,Dylan Harper,SA,PRA,23.5,26,-2.5,True
NBA,SA@NY,Dylan Harper,SA,PRA,26.5,26,0.0,False
NBA,SA@NY,Dylan Harper,SA,PRA,28.5,26,2.5,False
NBA,SA@NY,Dylan Harper,SA,PR,23.5,26,-2.5,True
NBA,SA@NY,Dylan Harper,SA,PR,26.5,26,0.0,False
NBA,SA@NY,Dylan Harper,SA,PR,28.5,26,2.5,False
NBA,SA@NY,Dylan Harper,SA,PA,23.5,26,-2.5,True
NBA,SA@NY,Dylan Harper,SA,PA,26.5,26,0.0,False
NBA,SA@NY,Dylan Harper,SA,PA,28.5,26,2.5,False
NBA,SA@NY,OG Anunoby,NY,PRA,31.5,34,-2.5,True
NBA,SA@NY,OG Anunoby,NY,PRA,34.5,34,0.0,False
NBA,SA@NY,OG Anunoby,NY,PRA,36.5,34,2.5,False
NBA,SA@NY,OG Anunoby,NY,PR,31.5,34,-2.5,True
NBA,SA@NY,OG Anunoby,NY,PR,34.5,34,0.0,False
NBA,SA@NY,OG Anunoby,NY,PR,36.5,34,2.5,False
NBA,SA@NY,OG Anunoby,NY,PA,31.5,34,-2.5,True
NBA,SA@NY,OG Anunoby,NY,PA,34.5,34,0.0,False
NBA,SA@NY,OG Anunoby,NY,PA,36.5,34,2.5,False
NBA,SA@NY,Karl-Anthony Towns,NY,PRA,17.5,20,-2.5,True
NBA,SA@NY,Karl-Anthony Towns,NY,PRA,20.5,20,0.0,False
NBA,SA@NY,Karl-Anthony Towns,NY,PRA,22.5,20,2.5,False
NBA,SA@NY,Karl-Anthony Towns,NY,PR,17.5,20,-2.5,True
NBA,SA@NY,Karl-Anthony Towns,NY,PR,20.5,20,0.0,False
NBA,SA@NY,Karl-Anthony Towns,NY,PR,22.5,20,2.5,False
NBA,SA@NY,Karl-Anthony Towns,NY,PA,17.5,20,-2.5,True
NBA,SA@NY,Karl-Anthony Towns,NY,PA,20.5,20,0.0,False
NBA,SA@NY,Karl-Anthony Towns,NY,PA,22.5,20,2.5,False
NBA,SA@NY,Josh Hart,NY,PRA,27.5,30,-2.5,True
NBA,SA@NY,Josh Hart,NY,PRA,30.5,30,0.0,False
NBA,SA@NY,Josh Hart,NY,PRA,32.5,30,2.5,False
NBA,SA@NY,Josh Hart,NY,PR,27.5,30,-2.5,True
NBA,SA@NY,Josh Hart,NY,PR,30.5,30,0.0,False
NBA,SA@NY,Josh Hart,NY,PR,32.5,30,2.5,False
NBA,SA@NY,Josh Hart,NY,PA,27.5,30,-2.5,True
NBA,SA@NY,Josh Hart,NY,PA,30.5,30,0.0,False
NBA,SA@NY,Josh Hart,NY,PA,32.5,30,2.5,False
NBA,SA@NY,Mikal Bridges,NY,PRA,6.5,9,-2.5,True
NBA,SA@NY,Mikal Bridges,NY,PRA,8.5,9,0.0,True
NBA,SA@NY,Mikal Bridges,NY,PRA,11.5,9,2.5,False
NBA,SA@NY,Mikal Bridges,NY,PR,6.5,9,-2.5,True
NBA,SA@NY,Mikal Bridges,NY,PR,8.5,9,0.0,True
NBA,SA@NY,Mikal Bridges,NY,PR,11.5,9,2.5,False
NBA,SA@NY,Mikal Bridges,NY,PA,6.5,9,-2.5,True
NBA,SA@NY,Mikal Bridges,NY,PA,8.5,9,0.0,True
NBA,SA@NY,Mikal Bridges,NY,PA,11.5,9,2.5,False
NBA,SA@NY,Jalen Brunson,NY,PRA,39.5,42,-2.5,True
NBA,SA@NY,Jalen Brunson,NY,PRA,42.5,42,0.0,False
NBA,SA@NY,Jalen Brunson,NY,PRA,44.5,42,2.5,False
NBA,SA@NY,Jalen Brunson,NY,PR,39.5,42,-2.5,True
NBA,SA@NY,Jalen Brunson,NY,PR,42.5,42,0.0,False
NBA,SA@NY,Jalen Brunson,NY,PR,44.5,42,2.5,False
NBA,SA@NY,Jalen Brunson,NY,PA,39.5,42,-2.5,True
NBA,SA@NY,Jalen Brunson,NY,PA,42.5,42,0.0,False
NBA,SA@NY,Jalen Brunson,NY,PA,44.5,42,2.5,False
