espn_event_id,date,match,player_id,player_name,jersey,position,starter,team,home_away,totalGoals,goalAssists,totalShots,shotsOnTarget,foulsCommitted,foulsSuffered,yellowCards,redCards,ownGoals,saves,shotsFaced,appearances,subIns
760480,2026-06-27,GHA@CRO,187946,Dominik Livakovic,1,G,True,CRO,home,0.0,0.0,0.0,0.0,0.0,1.0,0.0,0.0,0.0,0.0,0.0,1.0,0.0
760480,2026-06-27,GHA@CRO,255650,Marin Pongracic,3,CD-L,True,CRO,home,0.0,0.0,1.0,0.0,2.0,0.0,0.0,0.0,0.0,0,0.0,1.0,0.0
760480,2026-06-27,GHA@CRO,305552,Josip Sutalo,6,CD-R,True,CRO,home,0.0,0.0,0.0,0.0,0.0,0.0,0.0,0.0,0.0,0,0.0,1.0,0.0
760480,2026-06-27,GHA@CRO,103485,Ivan Perisic,14,LB,True,CRO,home,0.0,0.0,1.0,1.0,1.0,0.0,1.0,0.0,0.0,0,0.0,1.0,0.0
760480,2026-06-27,GHA@CRO,276329,Josip Stanisic,2,RB,True,CRO,home,0.0,0.0,0.0,0.0,0.0,0.0,0.0,0.0,0.0,0,0.0,1.0,0.0
760480,2026-06-27,GHA@CRO,341494,Petar Sucic,17,AM,True,CRO,home,1.0,0.0,1.0,1.0,0.0,4.0,0.0,0.0,0.0,0,0.0,1.0,0.0
760480,2026-06-27,GHA@CRO,154595,Mateo Kovacic,8,LM,True,CRO,home,0.0,1.0,1.0,0.0,0.0,0.0,0.0,0.0,0.0,0,0.0,1.0,0.0
760480,2026-06-27,GHA@CRO,76762,Luka Modric,10,RM,True,CRO,home,0.0,1.0,0.0,0.0,0.0,0.0,0.0,0.0,0.0,0,0.0,1.0,0.0
760480,2026-06-27,GHA@CRO,207288,Ante Budimir,11,F,True,CRO,home,0.0,0.0,0.0,0.0,3.0,0.0,0.0,0.0,0.0,0,0.0,1.0,0.0
760480,2026-06-27,GHA@CRO,311475,Martin Baturina,16,AM-L,True,CRO,home,0.0,0.0,0.0,0.0,1.0,5.0,0.0,0.0,0.0,0,0.0,1.0,0.0
760480,2026-06-27,GHA@CRO,206378,Nikola Vlasic,13,AM-R,True,CRO,home,1.0,0.0,2.0,1.0,2.0,0.0,0.0,0.0,0.0,0,0.0,1.0,0.0
760480,2026-06-27,GHA@CRO,194766,Duje Caleta-Car,5,SUB,False,CRO,home,0.0,0.0,0.0,0.0,0.0,0.0,0.0,0.0,0.0,0,0.0,0.0,0.0
760480,2026-06-27,GHA@CRO,216579,Martin Erlic,25,SUB,False,CRO,home,0.0,0.0,0.0,0.0,0.0,0.0,0.0,0.0,0.0,0,0.0,0.0,0.0
760480,2026-06-27,GHA@CRO,189668,Mario Pasalic,15,SUB,False,CRO,home,0.0,0.0,2.0,1.0,0.0,0.0,0.0,0.0,0.0,0,0.0,1.0,1.0
760480,2026-06-27,GHA@CRO,324270,Marco Pasalic,24,SUB,False,CRO,home,0.0,0.0,0.0,0.0,0.0,0.0,0.0,0.0,0.0,0,0.0,1.0,1.0
760480,2026-06-27,GHA@CRO,310883,Igor Matanovic,20,SUB,False,CRO,home,0.0,0.0,0.0,0.0,0.0,2.0,0.0,0.0,0.0,0,0.0,1.0,1.0
760480,2026-06-27,GHA@CRO,238929,Kristijan Jakic,18,SUB,False,CRO,home,0.0,0.0,0.0,0.0,0.0,0.0,0.0,0.0,0.0,0,0.0,0.0,0.0
760480,2026-06-27,GHA@CRO,228333,Nikola Moro,7,SUB,False,CRO,home,0.0,0.0,0.0,0.0,0.0,0.0,0.0,0.0,0.0,0,0.0,0.0,0.0
760480,2026-06-27,GHA@CRO,139520,Andrej Kramaric,9,SUB,False,CRO,home,0.0,0.0,0.0,0.0,0.0,0.0,0.0,0.0,0.0,0,0.0,0.0,0.0
760480,2026-06-27,GHA@CRO,306263,Luka Sucic,21,SUB,False,CRO,home,0.0,0.0,0.0,0.0,0.0,0.0,0.0,0.0,0.0,0,0.0,0.0,0.0
760480,2026-06-27,GHA@CRO,239411,Dominik Kotarski,23,SUB,False,CRO,home,0.0,0.0,0.0,0.0,0.0,0.0,0.0,0.0,0.0,0.0,0.0,0.0,0.0
760480,2026-06-27,GHA@CRO,299910,Josko Gvardiol,4,SUB,False,CRO,home,0.0,0.0,0.0,0.0,0.0,1.0,0.0,0.0,0.0,0,0.0,1.0,1.0
760480,2026-06-27,GHA@CRO,277234,Ivor Pandur,12,SUB,False,CRO,home,0.0,0.0,0.0,0.0,0.0,0.0,0.0,0.0,0.0,0.0,0.0,0.0,0.0
760480,2026-06-27,GHA@CRO,364962,Luka Vuskovic,22,SUB,False,CRO,home,0.0,0.0,0.0,0.0,0.0,0.0,0.0,0.0,0.0,0,0.0,0.0,0.0
760480,2026-06-27,GHA@CRO,277128,Petar Musa,26,SUB,False,CRO,home,0.0,0.0,0.0,0.0,0.0,0.0,0.0,0.0,0.0,0,0.0,0.0,0.0
760480,2026-06-27,GHA@CRO,338232,Toni Fruk,19,SUB,False,CRO,home,0.0,0.0,0.0,0.0,0.0,0.0,0.0,0.0,0.0,0,0.0,0.0,0.0
760480,2026-06-27,GHA@CRO,378501,Benjamin Asare,16,G,True,GHA,away,0.0,0.0,0.0,0.0,0.0,0.0,0.0,0.0,0.0,2.0,0.0,1.0,0.0
760480,2026-06-27,GHA@CRO,205737,Derrick Luckassen,23,CD-L,True,GHA,away,1.0,0.0,1.0,1.0,0.0,1.0,0.0,0.0,0.0,0,0.0,1.0,0.0
760480,2026-06-27,GHA@CRO,341627,Jonas Adjetey,4,CD-R,True,GHA,away,0.0,0.0,0.0,0.0,0.0,0.0,0.0,0.0,0.0,0,0.0,1.0,0.0
760480,2026-06-27,GHA@CRO,189972,Thomas Partey,5,DM,True,GHA,away,0.0,0.0,0.0,0.0,1.0,2.0,0.0,0.0,0.0,0,0.0,1.0,0.0
760480,2026-06-27,GHA@CRO,264484,Gideon Mensah,14,LB,True,GHA,away,0.0,0.0,0.0,0.0,0.0,1.0,0.0,0.0,0.0,0,0.0,1.0,0.0
760480,2026-06-27,GHA@CRO,309638,Marvin Senaya,26,RB,True,GHA,away,0.0,0.0,1.0,0.0,3.0,2.0,0.0,0.0,0.0,0,0.0,1.0,0.0
760480,2026-06-27,GHA@CRO,274697,Kwasi Sibo,8,CM-L,True,GHA,away,0.0,0.0,0.0,0.0,3.0,0.0,0.0,0.0,0.0,0,0.0,1.0,0.0
760480,2026-06-27,GHA@CRO,266057,Elisha Owusu,15,CM-R,True,GHA,away,0.0,0.0,0.0,0.0,2.0,0.0,0.0,0.0,0.0,0,0.0,1.0,0.0
760480,2026-06-27,GHA@CRO,303115,Kamaldeen Sulemana,22,LM,True,GHA,away,0.0,0.0,1.0,0.0,1.0,0.0,0.0,0.0,0.0,0,0.0,1.0,0.0
760480,2026-06-27,GHA@CRO,273292,Antoine Semenyo,11,RM,True,GHA,away,0.0,0.0,1.0,0.0,0.0,0.0,0.0,0.0,0.0,0,0.0,1.0,0.0
760480,2026-06-27,GHA@CRO,123518,Jordan Ayew,9,F,True,GHA,away,0.0,0.0,0.0,0.0,1.0,0.0,0.0,0.0,0.0,0,0.0,1.0,0.0
760480,2026-06-27,GHA@CRO,241139,Abdul Mumin,6,SUB,False,GHA,away,0.0,0.0,0.0,0.0,0.0,0.0,0.0,0.0,0.0,0,0.0,0.0,0.0
760480,2026-06-27,GHA@CRO,280808,Joseph Anang,12,SUB,False,GHA,away,0.0,0.0,0.0,0.0,0.0,0.0,0.0,0.0,0.0,0.0,0.0,0.0,0.0
760480,2026-06-27,GHA@CRO,261505,Jerome Opoku,18,SUB,False,GHA,away,0.0,0.0,0.0,0.0,0.0,0.0,0.0,0.0,0.0,0,0.0,0.0,0.0
760480,2026-06-27,GHA@CRO,240495,Brandon Thomas-Asante,10,SUB,False,GHA,away,0.0,0.0,0.0,0.0,0.0,1.0,0.0,0.0,0.0,0,0.0,1.0,1.0
760480,2026-06-27,GHA@CRO,214412,Iñaki Williams,19,SUB,False,GHA,away,0.0,0.0,0.0,0.0,0.0,0.0,0.0,0.0,0.0,0,0.0,0.0,0.0
760480,2026-06-27,GHA@CRO,387659,Caleb Yirenkyi,3,SUB,False,GHA,away,0.0,0.0,0.0,0.0,1.0,0.0,0.0,0.0,0.0,0,0.0,1.0,1.0
760480,2026-06-27,GHA@CRO,318680,Fatawu Issahaku,7,SUB,False,GHA,away,0.0,0.0,2.0,0.0,0.0,2.0,0.0,0.0,0.0,0,0.0,1.0,1.0
760480,2026-06-27,GHA@CRO,305669,Alidu Seidu,2,SUB,False,GHA,away,0.0,0.0,0.0,0.0,0.0,0.0,0.0,0.0,0.0,0,0.0,0.0,0.0
760480,2026-06-27,GHA@CRO,326183,Augustine Boakye,20,SUB,False,GHA,away,0.0,0.0,0.0,0.0,0.0,0.0,0.0,0.0,0.0,0,0.0,0.0,0.0
760480,2026-06-27,GHA@CRO,360279,Christopher Bonsu Baah,13,SUB,False,GHA,away,0.0,0.0,0.0,0.0,0.0,0.0,0.0,0.0,0.0,0,0.0,0.0,0.0
760480,2026-06-27,GHA@CRO,219562,Lawrence Ati Zigi,1,SUB,False,GHA,away,0.0,0.0,0.0,0.0,0.0,0.0,0.0,0.0,0.0,0.0,0.0,0.0,0.0
760480,2026-06-27,GHA@CRO,357205,Kojo Peprah Oppong,21,SUB,False,GHA,away,0.0,0.0,0.0,0.0,1.0,0.0,1.0,0.0,0.0,0,0.0,1.0,1.0
760480,2026-06-27,GHA@CRO,333310,Ernest Nuamah,24,SUB,False,GHA,away,0.0,1.0,0.0,0.0,0.0,0.0,0.0,0.0,0.0,0,0.0,1.0,1.0
760480,2026-06-27,GHA@CRO,387861,Prince Adu,25,SUB,False,GHA,away,0.0,0.0,0.0,0.0,0.0,0.0,0.0,0.0,0.0,0,0.0,0.0,0.0
760480,2026-06-27,GHA@CRO,174508,Baba Rahman,17,SUB,False,GHA,away,0.0,0.0,0.0,0.0,0.0,0.0,0.0,0.0,0.0,0,0.0,0.0,0.0
760485,2026-06-27,ENG@PAN,191806,Orlando Mosquera,22,G,True,PAN,home,0.0,0.0,0.0,0.0,0.0,0.0,0.0,0.0,0.0,4.0,0.0,1.0,0.0
760485,2026-06-27,ENG@PAN,286667,José Córdoba,3,CD,True,PAN,home,0.0,0.0,0.0,0.0,0.0,0.0,0.0,0.0,0.0,0,0.0,1.0,0.0
760485,2026-06-27,ENG@PAN,189775,Andrés Andrade,16,CD-L,True,PAN,home,0.0,0.0,0.0,0.0,1.0,0.0,1.0,0.0,0.0,0,0.0,1.0,0.0
760485,2026-06-27,ENG@PAN,216418,Fidel Escobar,4,CD-R,True,PAN,home,0.0,0.0,0.0,0.0,1.0,0.0,0.0,0.0,0.0,0,0.0,1.0,0.0
760485,2026-06-27,ENG@PAN,271294,Jorge Gutiérrez,26,LB,True,PAN,home,0.0,0.0,0.0,0.0,1.0,2.0,0.0,0.0,0.0,0,0.0,1.0,0.0
760485,2026-06-27,ENG@PAN,216420,Amir Murillo,23,RB,True,PAN,home,0.0,0.0,2.0,0.0,0.0,3.0,0.0,0.0,0.0,0,0.0,1.0,0.0
760485,2026-06-27,ENG@PAN,201919,Édgar Yoel Bárcenas,11,CM-L,True,PAN,home,0.0,0.0,0.0,0.0,1.0,1.0,0.0,0.0,0.0,0,0.0,1.0,0.0
760485,2026-06-27,ENG@PAN,285452,Carlos Harvey,14,CM-R,True,PAN,home,0.0,0.0,2.0,0.0,2.0,1.0,0.0,0.0,0.0,0,0.0,1.0,0.0
760485,2026-06-27,ENG@PAN,238763,José Luis Rodríguez,7,LM,True,PAN,home,0.0,0.0,2.0,1.0,2.0,1.0,0.0,0.0,0.0,0,0.0,1.0,0.0
760485,2026-06-27,ENG@PAN,176145,Cristian Martínez,6,RM,True,PAN,home,0.0,0.0,0.0,0.0,1.0,2.0,0.0,0.0,0.0,0,0.0,1.0,0.0
760485,2026-06-27,ENG@PAN,288563,Tomás Rodríguez,9,F,True,PAN,home,0.0,0.0,1.0,1.0,3.0,0.0,0.0,0.0,0.0,0,0.0,1.0,0.0
760485,2026-06-27,ENG@PAN,195326,Ismael Díaz,10,SUB,False,PAN,home,0.0,0.0,4.0,0.0,0.0,0.0,0.0,0.0,0.0,0,0.0,1.0,1.0
760485,2026-06-27,ENG@PAN,116825,Aníbal Godoy,20,SUB,False,PAN,home,0.0,0.0,0.0,0.0,0.0,0.0,0.0,0.0,0.0,0,0.0,0.0,0.0
760485,2026-06-27,ENG@PAN,137355,Roderick Miller,25,SUB,False,PAN,home,0.0,0.0,0.0,0.0,0.0,0.0,0.0,0.0,0.0,0,0.0,0.0,0.0
760485,2026-06-27,ENG@PAN,102167,Alberto Quintero,19,SUB,False,PAN,home,0.0,0.0,0.0,0.0,1.0,0.0,0.0,0.0,0.0,0,0.0,1.0,1.0
760485,2026-06-27,ENG@PAN,328403,César Samudio,12,SUB,False,PAN,home,0.0,0.0,0.0,0.0,0.0,0.0,0.0,0.0,0.0,0.0,0.0,0.0,0.0
760485,2026-06-27,ENG@PAN,291014,Jiovany Ramos,13,SUB,False,PAN,home,0.0,0.0,0.0,0.0,0.0,0.0,0.0,0.0,0.0,0,0.0,0.0,0.0
760485,2026-06-27,ENG@PAN,219508,Adalberto Carrasquilla,8,SUB,False,PAN,home,0.0,0.0,0.0,0.0,0.0,0.0,0.0,0.0,0.0,0,0.0,0.0,0.0
760485,2026-06-27,ENG@PAN,155913,Cecilio Waterman,18,SUB,False,PAN,home,0.0,0.0,0.0,0.0,0.0,0.0,0.0,0.0,0.0,0,0.0,0.0,0.0
760485,2026-06-27,ENG@PAN,124521,Luis Mejía,1,SUB,False,PAN,home,0.0,0.0,0.0,0.0,0.0,0.0,0.0,0.0,0.0,0.0,0.0,0.0,0.0
760485,2026-06-27,ENG@PAN,138183,Éric Davis,15,SUB,False,PAN,home,0.0,0.0,1.0,0.0,0.0,1.0,0.0,0.0,0.0,0,0.0,1.0,1.0
760485,2026-06-27,ENG@PAN,340539,Azarias Londoño,24,SUB,False,PAN,home,0.0,0.0,1.0,0.0,1.0,0.0,0.0,0.0,0.0,0,0.0,1.0,1.0
760485,2026-06-27,ENG@PAN,328402,Edgardo Fariña,5,SUB,False,PAN,home,0.0,0.0,0.0,0.0,0.0,0.0,0.0,0.0,0.0,0,0.0,0.0,0.0
760485,2026-06-27,ENG@PAN,267996,José Fajardo,17,SUB,False,PAN,home,0.0,0.0,0.0,0.0,2.0,1.0,1.0,0.0,0.0,0,0.0,1.0,1.0
760485,2026-06-27,ENG@PAN,260346,César Blackman,2,SUB,False,PAN,home,0.0,0.0,0.0,0.0,0.0,0.0,0.0,0.0,0.0,0,0.0,0.0,0.0
760485,2026-06-27,ENG@PAN,303538,César Yanis,21,SUB,False,PAN,home,0.0,0.0,0.0,0.0,0.0,0.0,0.0,0.0,0.0,0,0.0,0.0,0.0
760485,2026-06-27,ENG@PAN,159443,Jordan Pickford,1,G,True,ENG,away,0.0,0.0,0.0,0.0,0.0,0.0,0.0,0.0,0.0,2.0,0.0,1.0,0.0
760485,2026-06-27,ENG@PAN,265907,Marc Guéhi,6,CD-L,True,ENG,away,0.0,0.0,0.0,0.0,0.0,2.0,0.0,0.0,0.0,0,0.0,1.0,0.0
760485,2026-06-27,ENG@PAN,231859,Ezri Konsa,2,CD-R,True,ENG,away,0.0,0.0,0.0,0.0,3.0,3.0,0.0,0.0,0.0,0,0.0,1.0,0.0
760485,2026-06-27,ENG@PAN,238472,Elliot Anderson,8,DM,True,ENG,away,0.0,0.0,1.0,1.0,1.0,3.0,0.0,0.0,0.0,0,0.0,1.0,0.0
760485,2026-06-27,ENG@PAN,328464,Nico O'Reilly,3,LB,True,ENG,away,0.0,0.0,1.0,0.0,2.0,0.0,0.0,0.0,0.0,0,0.0,1.0,0.0
760485,2026-06-27,ENG@PAN,298524,Jarell Quansah,26,RB,True,ENG,away,0.0,0.0,0.0,0.0,0.0,0.0,1.0,0.0,0.0,0,0.0,1.0,0.0
760485,2026-06-27,ENG@PAN,291281,Jude Bellingham,10,CM-L,True,ENG,away,1.0,1.0,2.0,1.0,0.0,4.0,0.0,0.0,0.0,0,0.0,1.0,0.0
760485,2026-06-27,ENG@PAN,265653,Morgan Rogers,17,CM-R,True,ENG,away,0.0,0.0,0.0,0.0,2.0,1.0,0.0,0.0,0.0,0,0.0,1.0,0.0
760485,2026-06-27,ENG@PAN,230945,Marcus Rashford,11,LM,True,ENG,away,0.0,0.0,5.0,1.0,1.0,0.0,0.0,0.0,0.0,0,0.0,1.0,0.0
760485,2026-06-27,ENG@PAN,280555,Bukayo Saka,7,RM,True,ENG,away,0.0,1.0,3.0,0.0,1.0,1.0,0.0,0.0,0.0,0,0.0,1.0,0.0
760485,2026-06-27,ENG@PAN,142200,Harry Kane,9,F,True,ENG,away,1.0,0.0,3.0,2.0,2.0,1.0,0.0,0.0,0.0,0,0.0,1.0,0.0
760485,2026-06-27,ENG@PAN,157974,John Stones,5,SUB,False,ENG,away,0.0,0.0,0.0,0.0,0.0,0.0,0.0,0.0,0.0,0,0.0,0.0,0.0
760485,2026-06-27,ENG@PAN,328466,Kobbie Mainoo,16,SUB,False,ENG,away,0.0,0.0,0.0,0.0,0.0,0.0,0.0,0.0,0.0,0,0.0,0.0,0.0
760485,2026-06-27,ENG@PAN,234172,Dean Henderson,13,SUB,False,ENG,away,0.0,0.0,0.0,0.0,0.0,0.0,0.0,0.0,0.0,0.0,0.0,0.0,0.0
760485,2026-06-27,ENG@PAN,198138,Dan Burn,15,SUB,False,ENG,away,0.0,0.0,0.0,0.0,0.0,0.0,0.0,0.0,0.0,0,0.0,0.0,0.0
760485,2026-06-27,ENG@PAN,293236,Noni Madueke,20,SUB,False,ENG,away,0.0,0.0,1.0,1.0,0.0,0.0,0.0,0.0,0.0,0,0.0,1.0,1.0
760485,2026-06-27,ENG@PAN,268782,Anthony Gordon,18,SUB,False,ENG,away,0.0,0.0,0.0,0.0,0.0,0.0,0.0,0.0,0.0,0,0.0,0.0,0.0
760485,2026-06-27,ENG@PAN,238262,Declan Rice,4,SUB,False,ENG,away,0.0,0.0,0.0,0.0,0.0,0.0,0.0,0.0,0.0,0,0.0,0.0,0.0
760485,2026-06-27,ENG@PAN,267711,Djed Spence,25,SUB,False,ENG,away,0.0,0.0,0.0,0.0,1.0,0.0,0.0,0.0,0.0,0,0.0,1.0,1.0
760485,2026-06-27,ENG@PAN,307118,James Trafford,23,SUB,False,ENG,away,0.0,0.0,0.0,0.0,0.0,0.0,0.0,0.0,0.0,0.0,0.0,0.0,0.0
760485,2026-06-27,ENG@PAN,180639,Ivan Toney,22,SUB,False,ENG,away,0.0,0.0,0.0,0.0,0.0,0.0,0.0,0.0,0.0,0,0.0,0.0,0.0
760485,2026-06-27,ENG@PAN,251400,Eberechi Eze,21,SUB,False,ENG,away,0.0,0.0,1.0,0.0,0.0,0.0,0.0,0.0,0.0,0,0.0,1.0,1.0
760485,2026-06-27,ENG@PAN,227784,Trevoh Chalobah,12,SUB,False,ENG,away,0.0,0.0,0.0,0.0,0.0,0.0,0.0,0.0,0.0,0,0.0,0.0,0.0
760485,2026-06-27,ENG@PAN,198825,Ollie Watkins,19,SUB,False,ENG,away,0.0,0.0,0.0,0.0,0.0,0.0,0.0,0.0,0.0,0,0.0,1.0,1.0
760485,2026-06-27,ENG@PAN,127262,Jordan Henderson,14,SUB,False,ENG,away,0.0,0.0,0.0,0.0,0.0,1.0,0.0,0.0,0.0,0,0.0,1.0,1.0
760481,2026-06-27,POR@COL,185147,Camilo Vargas,12,G,True,COL,home,0.0,0.0,0.0,0.0,0.0,0.0,0.0,0.0,0.0,2.0,0.0,1.0,0.0
760481,2026-06-27,POR@COL,227697,Jhon Lucumí,3,CD-L,True,COL,home,0.0,0.0,0.0,0.0,1.0,0.0,0.0,0.0,0.0,0,0.0,1.0,0.0
760481,2026-06-27,POR@COL,197105,Davinson Sánchez,23,CD-R,True,COL,home,0.0,0.0,1.0,0.0,0.0,0.0,0.0,0.0,0.0,0,0.0,1.0,0.0
760481,2026-06-27,POR@COL,197401,Deiver Machado,22,LB,True,COL,home,0.0,0.0,0.0,0.0,1.0,2.0,0.0,0.0,0.0,0,0.0,1.0,0.0
760481,2026-06-27,POR@COL,164756,Santiago Arias,4,RB,True,COL,home,0.0,0.0,0.0,0.0,1.0,0.0,0.0,0.0,0.0,0,0.0,1.0,0.0
760481,2026-06-27,POR@COL,197399,Jefferson Lerma,16,CM,True,COL,home,0.0,0.0,2.0,1.0,0.0,0.0,0.0,0.0,0.0,0,0.0,1.0,0.0
760481,2026-06-27,POR@COL,341736,Gustavo Puerta,14,LM,True,COL,home,0.0,0.0,4.0,1.0,2.0,0.0,1.0,0.0,0.0,0,0.0,1.0,0.0
760481,2026-06-27,POR@COL,239566,Jhon Arias,11,RM,True,COL,home,0.0,0.0,3.0,2.0,3.0,1.0,0.0,0.0,0.0,0,0.0,1.0,0.0
760481,2026-06-27,POR@COL,176058,Jhon Córdoba,9,F,True,COL,home,0.0,0.0,2.0,1.0,0.0,1.0,0.0,0.0,0.0,0,0.0,1.0,0.0
760481,2026-06-27,POR@COL,257390,Luis Díaz,7,LF,True,COL,home,0.0,0.0,4.0,0.0,0.0,0.0,0.0,0.0,0.0,0,0.0,1.0,0.0
760481,2026-06-27,POR@COL,82816,James Rodríguez,10,RF,True,COL,home,0.0,0.0,3.0,1.0,0.0,1.0,0.0,0.0,0.0,0,0.0,1.0,0.0
760481,2026-06-27,POR@COL,146679,Daniel Muñoz,2,SUB,False,COL,home,0.0,0.0,0.0,0.0,1.0,0.0,0.0,0.0,0.0,0,0.0,1.0,1.0
760481,2026-06-27,POR@COL,272722,Luis Suárez,25,SUB,False,COL,home,0.0,0.0,4.0,0.0,0.0,0.0,0.0,0.0,0.0,0,0.0,1.0,1.0
760481,2026-06-27,POR@COL,255295,Jáminton Campaz,21,SUB,False,COL,home,0.0,0.0,0.0,0.0,0.0,0.0,0.0,0.0,0.0,0,0.0,0.0,0.0
760481,2026-06-27,POR@COL,336809,Cucho Hernández,19,SUB,False,COL,home,0.0,0.0,0.0,0.0,0.0,0.0,0.0,0.0,0.0,0,0.0,0.0,0.0
760481,2026-06-27,POR@COL,121842,David Ospina,1,SUB,False,COL,home,0.0,0.0,0.0,0.0,0.0,0.0,0.0,0.0,0.0,0.0,0.0,0.0,0.0
760481,2026-06-27,POR@COL,307756,Kevin Castaño,5,SUB,False,COL,home,0.0,0.0,0.0,0.0,0.0,0.0,0.0,0.0,0.0,0,0.0,1.0,1.0
760481,2026-06-27,POR@COL,270229,Willer Ditta,18,SUB,False,COL,home,0.0,0.0,0.0,0.0,0.0,0.0,0.0,0.0,0.0,0,0.0,0.0,0.0
760481,2026-06-27,POR@COL,330924,Andrés Gómez,26,SUB,False,COL,home,0.0,0.0,0.0,0.0,0.0,0.0,0.0,0.0,0.0,0,0.0,0.0,0.0
760481,2026-06-27,POR@COL,166323,Álvaro Montero,24,SUB,False,COL,home,0.0,0.0,0.0,0.0,0.0,0.0,0.0,0.0,0.0,0.0,0.0,0.0,0.0
760481,2026-06-27,POR@COL,208700,Jorge Carrascal,8,SUB,False,COL,home,0.0,0.0,0.0,0.0,0.0,0.0,0.0,0.0,0.0,0,0.0,0.0,0.0
760481,2026-06-27,POR@COL,196901,Yerry Mina,13,SUB,False,COL,home,0.0,0.0,0.0,0.0,0.0,0.0,0.0,0.0,0.0,0,0.0,0.0,0.0
760481,2026-06-27,POR@COL,94976,Juan Portilla,15,SUB,False,COL,home,0.0,0.0,0.0,0.0,0.0,0.0,0.0,0.0,0.0,0,0.0,0.0,0.0
760481,2026-06-27,POR@COL,173247,Johan Mojica,17,SUB,False,COL,home,0.0,0.0,0.0,0.0,0.0,0.0,0.0,0.0,0.0,0,0.0,0.0,0.0
760481,2026-06-27,POR@COL,177780,Juan Fernando Quintero,20,SUB,False,COL,home,0.0,0.0,0.0,0.0,0.0,0.0,0.0,0.0,0.0,0,0.0,1.0,1.0
760481,2026-06-27,POR@COL,301520,Richard Ríos,6,SUB,False,COL,home,0.0,0.0,1.0,0.0,3.0,1.0,0.0,0.0,0.0,0,0.0,1.0,1.0
760481,2026-06-27,POR@COL,238903,Diogo Costa,1,G,True,POR,away,0.0,0.0,0.0,0.0,0.0,1.0,0.0,0.0,0.0,6.0,0.0,1.0,0.0
760481,2026-06-27,POR@COL,337011,Renato Veiga,13,CD-L,True,POR,away,0.0,0.0,0.0,0.0,1.0,0.0,0.0,0.0,0.0,0,0.0,1.0,0.0
760481,2026-06-27,POR@COL,234878,Rúben Dias,3,CD-R,True,POR,away,0.0,0.0,0.0,0.0,2.0,0.0,0.0,0.0,0.0,0,0.0,1.0,0.0
760481,2026-06-27,POR@COL,290591,Nuno Mendes,25,LB,True,POR,away,0.0,0.0,0.0,0.0,0.0,2.0,0.0,0.0,0.0,0,0.0,1.0,0.0
760481,2026-06-27,POR@COL,176399,João Cancelo,20,RB,True,POR,away,0.0,0.0,0.0,0.0,0.0,0.0,0.0,0.0,0.0,0,0.0,1.0,0.0
760481,2026-06-27,POR@COL,124091,Bruno Fernandes,8,AM,True,POR,away,0.0,0.0,2.0,1.0,0.0,2.0,0.0,0.0,0.0,0,0.0,1.0,0.0
760481,2026-06-27,POR@COL,288897,Vitinha,23,LM,True,POR,away,0.0,0.0,1.0,0.0,0.0,2.0,0.0,0.0,0.0,0,0.0,1.0,0.0
760481,2026-06-27,POR@COL,208128,Rúben Neves,21,RM,True,POR,away,0.0,0.0,2.0,0.0,0.0,0.0,0.0,0.0,0.0,0,0.0,1.0,0.0
760481,2026-06-27,POR@COL,22774,Cristiano Ronaldo,7,F,True,POR,away,0.0,0.0,3.0,1.0,1.0,2.0,0.0,0.0,0.0,0,0.0,1.0,0.0
760481,2026-06-27,POR@COL,276350,João Félix,11,AM-L,True,POR,away,0.0,0.0,3.0,0.0,0.0,0.0,0.0,0.0,0.0,0,0.0,1.0,0.0
760481,2026-06-27,POR@COL,256115,Pedro Neto,18,AM-R,True,POR,away,0.0,0.0,0.0,0.0,2.0,1.0,0.0,0.0,0.0,0,0.0,1.0,0.0
760481,2026-06-27,POR@COL,274159,Francisco Trincão,16,SUB,False,POR,away,0.0,0.0,0.0,0.0,0.0,0.0,0.0,0.0,0.0,0,0.0,0.0,0.0
760481,2026-06-27,POR@COL,355061,João Neves,15,SUB,False,POR,away,0.0,0.0,0.0,0.0,0.0,0.0,0.0,0.0,0.0,0,0.0,1.0,1.0
760481,2026-06-27,POR@COL,288896,Gonçalo Ramos,9,SUB,False,POR,away,0.0,0.0,0.0,0.0,0.0,0.0,0.0,0.0,0.0,0,0.0,0.0,0.0
760481,2026-06-27,POR@COL,222670,Nélson Semedo,2,SUB,False,POR,away,0.0,0.0,0.0,0.0,0.0,0.0,0.0,0.0,0.0,0,0.0,0.0,0.0
760481,2026-06-27,POR@COL,213141,Gonçalo Guedes,19,SUB,False,POR,away,0.0,0.0,0.0,0.0,0.0,0.0,0.0,0.0,0.0,0,0.0,0.0,0.0
760481,2026-06-27,POR@COL,258917,Rafael Leão,17,SUB,False,POR,away,0.0,0.0,1.0,0.0,0.0,1.0,0.0,0.0,0.0,0,0.0,1.0,1.0
760481,2026-06-27,POR@COL,177898,Rui Silva,22,SUB,False,POR,away,0.0,0.0,0.0,0.0,0.0,0.0,0.0,0.0,0.0,0.0,0.0,0.0,0.0
760481,2026-06-27,POR@COL,183466,Samú Costa,24,SUB,False,POR,away,0.0,0.0,0.0,0.0,0.0,0.0,0.0,0.0,0.0,0,0.0,1.0,1.0
760481,2026-06-27,POR@COL,238902,Diogo Dalot,5,SUB,False,POR,away,0.0,0.0,1.0,0.0,0.0,1.0,0.0,0.0,0.0,0,0.0,1.0,1.0
760481,2026-06-27,POR@COL,199833,Bernardo Silva,10,SUB,False,POR,away,0.0,0.0,0.0,0.0,0.0,0.0,0.0,0.0,0.0,0,0.0,0.0,0.0
760481,2026-06-27,POR@COL,329691,Tomás Araújo,4,SUB,False,POR,away,0.0,0.0,0.0,0.0,0.0,0.0,0.0,0.0,0.0,0,0.0,0.0,0.0
760481,2026-06-27,POR@COL,304106,Gonçalo Inácio,14,SUB,False,POR,away,0.0,0.0,0.0,0.0,0.0,0.0,0.0,0.0,0.0,0,0.0,0.0,0.0
760481,2026-06-27,POR@COL,303785,Matheus Nunes,6,SUB,False,POR,away,0.0,0.0,0.0,0.0,0.0,0.0,0.0,0.0,0.0,0,0.0,1.0,1.0
760481,2026-06-27,POR@COL,181278,José Sá,12,SUB,False,POR,away,0.0,0.0,0.0,0.0,0.0,0.0,0.0,0.0,0.0,0.0,0.0,0.0,0.0
760481,2026-06-27,POR@COL,312659,Francisco Conceição,26,SUB,False,POR,away,0.0,0.0,0.0,0.0,0.0,0.0,0.0,0.0,0.0,0,0.0,0.0,0.0
760482,2026-06-27,UZB@COD,211669,Lionel Mpasi,1,G,True,COD,home,0.0,0.0,0.0,0.0,0.0,0.0,0.0,0.0,0.0,1.0,0.0,1.0,0.0
760482,2026-06-27,UZB@COD,229524,Axel Tuanzebe,4,CD-L,True,COD,home,0.0,0.0,0.0,0.0,0.0,2.0,0.0,0.0,0.0,0,0.0,1.0,0.0
760482,2026-06-27,UZB@COD,174322,Chancel Mbemba,22,CD-R,True,COD,home,0.0,0.0,1.0,0.0,0.0,1.0,0.0,0.0,0.0,0,0.0,1.0,0.0
760482,2026-06-27,UZB@COD,165892,Arthur Masuaku,26,LB,True,COD,home,0.0,0.0,0.0,0.0,0.0,2.0,0.0,0.0,0.0,0,0.0,1.0,0.0
760482,2026-06-27,UZB@COD,250945,Aaron Wan-Bissaka,2,RB,True,COD,home,0.0,0.0,0.0,0.0,0.0,0.0,0.0,0.0,0.0,0,0.0,1.0,0.0
760482,2026-06-27,UZB@COD,340240,Noah Sadiki,14,CM-L,True,COD,home,0.0,0.0,0.0,0.0,1.0,3.0,1.0,0.0,0.0,0,0.0,1.0,0.0
760482,2026-06-27,UZB@COD,260932,Samuel Moutoussamy,8,CM-R,True,COD,home,0.0,0.0,0.0,0.0,1.0,0.0,1.0,0.0,0.0,0,0.0,1.0,0.0
760482,2026-06-27,UZB@COD,352285,Brian Cipenga,9,LM,True,COD,home,0.0,0.0,3.0,0.0,0.0,0.0,0.0,0.0,0.0,0,0.0,1.0,0.0
760482,2026-06-27,UZB@COD,291750,Nathanaël Mbuku,7,RM,True,COD,home,0.0,0.0,1.0,1.0,3.0,3.0,1.0,0.0,0.0,0,0.0,1.0,0.0
760482,2026-06-27,UZB@COD,224077,Yoane Wissa,20,CF-L,True,COD,home,2.0,0.0,6.0,2.0,1.0,3.0,0.0,0.0,0.0,0,0.0,1.0,0.0
760482,2026-06-27,UZB@COD,147193,Cédric Bakambu,17,CF-R,True,COD,home,0.0,0.0,0.0,0.0,0.0,0.0,0.0,0.0,0.0,0,0.0,1.0,0.0
760482,2026-06-27,UZB@COD,130545,Gaël Kakuta,11,SUB,False,COD,home,0.0,0.0,0.0,0.0,0.0,0.0,0.0,0.0,0.0,0,0.0,0.0,0.0
760482,2026-06-27,UZB@COD,345988,Ngal'ayel Mukau,6,SUB,False,COD,home,0.0,0.0,1.0,0.0,0.0,0.0,0.0,0.0,0.0,0,0.0,1.0,1.0
760482,2026-06-27,UZB@COD,299324,Fiston Mayele,19,SUB,False,COD,home,1.0,0.0,5.0,1.0,0.0,1.0,0.0,0.0,0.0,0,0.0,1.0,1.0
760482,2026-06-27,UZB@COD,291345,Gédéon Kalulu,24,SUB,False,COD,home,0.0,0.0,0.0,0.0,0.0,0.0,0.0,0.0,0.0,0,0.0,0.0,0.0
760482,2026-06-27,UZB@COD,268986,Edo Kayembe,25,SUB,False,COD,home,0.0,0.0,0.0,0.0,0.0,0.0,0.0,0.0,0.0,0,0.0,0.0,0.0
760482,2026-06-27,UZB@COD,231161,Simon Banza,23,SUB,False,COD,home,0.0,0.0,0.0,0.0,0.0,0.0,0.0,0.0,0.0,0,0.0,0.0,0.0
760482,2026-06-27,UZB@COD,319371,Matthieu Epolo,21,SUB,False,COD,home,0.0,0.0,0.0,0.0,0.0,0.0,0.0,0.0,0.0,0.0,0.0,0.0,0.0
760482,2026-06-27,UZB@COD,204329,Joris Kayembe,12,SUB,False,COD,home,0.0,0.0,0.0,0.0,0.0,0.0,0.0,0.0,0.0,0,0.0,1.0,1.0
760482,2026-06-27,UZB@COD,232492,Meschack Elia,13,SUB,False,COD,home,0.0,1.0,1.0,0.0,0.0,0.0,0.0,0.0,0.0,0,0.0,1.0,1.0
760482,2026-06-27,UZB@COD,182337,Théo Bongonda,10,SUB,False,COD,home,0.0,0.0,1.0,0.0,0.0,0.0,0.0,0.0,0.0,0,0.0,1.0,1.0
760482,2026-06-27,UZB@COD,369201,Steve Kapuadi,3,SUB,False,COD,home,0.0,0.0,0.0,0.0,0.0,0.0,0.0,0.0,0.0,0,0.0,0.0,0.0
760482,2026-06-27,UZB@COD,282757,Timothy Fayulu,16,SUB,False,COD,home,0.0,0.0,0.0,0.0,0.0,0.0,0.0,0.0,0.0,0.0,0.0,0.0,0.0
760482,2026-06-27,UZB@COD,260228,Dylan Batubinsika,5,SUB,False,COD,home,0.0,0.0,0.0,0.0,0.0,0.0,0.0,0.0,0.0,0,0.0,0.0,0.0
760482,2026-06-27,UZB@COD,235875,Charles Pickel,18,SUB,False,COD,home,0.0,0.0,0.0,0.0,0.0,0.0,0.0,0.0,0.0,0,0.0,0.0,0.0
760482,2026-06-27,UZB@COD,175104,Aaron Tshibola,15,SUB,False,COD,home,0.0,0.0,0.0,0.0,0.0,0.0,0.0,0.0,0.0,0,0.0,0.0,0.0
760482,2026-06-27,UZB@COD,308612,Abduvohid Nematov,12,G,True,UZB,away,0.0,0.0,0.0,0.0,0.0,0.0,0.0,0.0,0.0,1.0,0.0,1.0,0.0
760482,2026-06-27,UZB@COD,362211,Abdukodir Khusanov,2,CD,True,UZB,away,0.0,0.0,0.0,0.0,3.0,0.0,1.0,0.0,0.0,0,0.0,1.0,0.0
760482,2026-06-27,UZB@COD,362329,Jakhongir Urozov,26,CD-L,True,UZB,away,0.0,0.0,0.0,0.0,0.0,0.0,0.0,0.0,0.0,0,0.0,1.0,0.0
760482,2026-06-27,UZB@COD,195282,Rustam Ashurmatov,5,CD-R,True,UZB,away,0.0,0.0,0.0,0.0,0.0,0.0,0.0,0.0,0.0,0,0.0,1.0,0.0
760482,2026-06-27,UZB@COD,195281,Otabek Shukurov,7,CM-L,True,UZB,away,0.0,0.0,0.0,0.0,1.0,1.0,0.0,0.0,0.0,0,0.0,1.0,0.0
760482,2026-06-27,UZB@COD,270461,Akmal Mozgovoy,6,CM-R,True,UZB,away,0.0,1.0,0.0,0.0,0.0,2.0,0.0,0.0,0.0,0,0.0,1.0,0.0
760482,2026-06-27,UZB@COD,321728,Sherzod Nasrullaev,13,LM,True,UZB,away,0.0,0.0,0.0,0.0,2.0,2.0,1.0,0.0,0.0,0,0.0,1.0,0.0
760482,2026-06-27,UZB@COD,274005,Khojiakbar Alijonov,3,RM,True,UZB,away,0.0,0.0,0.0,0.0,1.0,0.0,0.0,0.0,0.0,0,0.0,1.0,0.0
760482,2026-06-27,UZB@COD,216937,Eldor Shomurodov,14,F,True,UZB,away,1.0,0.0,2.0,1.0,3.0,0.0,0.0,0.0,0.0,0,0.0,1.0,0.0
760482,2026-06-27,UZB@COD,317793,Abbosbek Fayzullaev,22,CF-L,True,UZB,away,0.0,0.0,1.0,0.0,4.0,1.0,0.0,0.0,0.0,0,0.0,1.0,0.0
760482,2026-06-27,UZB@COD,195274,Dostonbek Khamdamov,17,CF-R,True,UZB,away,0.0,0.0,0.0,0.0,1.0,0.0,0.0,0.0,0.0,0,0.0,1.0,0.0
760482,2026-06-27,UZB@COD,268558,Azizjon Ganiev,19,SUB,False,UZB,away,0.0,0.0,0.0,0.0,1.0,0.0,0.0,0.0,0.0,0,0.0,1.0,1.0
760482,2026-06-27,UZB@COD,354940,Ruslanbek Jiyanov,10,SUB,False,UZB,away,0.0,0.0,0.0,0.0,0.0,0.0,0.0,0.0,0.0,0,0.0,0.0,0.0
760482,2026-06-27,UZB@COD,326928,Abdulla Abdullaev,18,SUB,False,UZB,away,0.0,0.0,0.0,0.0,0.0,0.0,0.0,0.0,0.0,0,0.0,0.0,0.0
760482,2026-06-27,UZB@COD,286596,Avazbek Ulmasaliyev,25,SUB,False,UZB,away,0.0,0.0,0.0,0.0,0.0,0.0,0.0,0.0,0.0,0,0.0,0.0,0.0
760482,2026-06-27,UZB@COD,253231,Azizbek Amonov,20,SUB,False,UZB,away,0.0,0.0,0.0,0.0,0.0,0.0,0.0,0.0,0.0,0,0.0,0.0,0.0
760482,2026-06-27,UZB@COD,211537,Farrukh Sayfiev,4,SUB,False,UZB,away,0.0,0.0,0.0,0.0,0.0,0.0,0.0,0.0,0.0,0,0.0,0.0,0.0
760482,2026-06-27,UZB@COD,288949,Oston Urunov,11,SUB,False,UZB,away,0.0,0.0,0.0,0.0,0.0,0.0,0.0,0.0,0.0,0,0.0,1.0,1.0
760482,2026-06-27,UZB@COD,219561,Botirali Ergashev,16,SUB,False,UZB,away,0.0,0.0,0.0,0.0,0.0,0.0,0.0,0.0,0.0,0.0,0.0,0.0,0.0
760482,2026-06-27,UZB@COD,185631,Jamshid Iskanderov,8,SUB,False,UZB,away,0.0,0.0,0.0,0.0,0.0,0.0,0.0,0.0,0.0,0,0.0,1.0,1.0
760482,2026-06-27,UZB@COD,156663,Igor Sergeev,21,SUB,False,UZB,away,0.0,0.0,0.0,0.0,0.0,0.0,0.0,0.0,0.0,0,0.0,1.0,1.0
760482,2026-06-27,UZB@COD,282145,Utkir Yusupov,1,SUB,False,UZB,away,0.0,0.0,0.0,0.0,0.0,0.0,0.0,0.0,0.0,0.0,0.0,0.0,0.0
760482,2026-06-27,UZB@COD,376370,Behruzjon Karimov,24,SUB,False,UZB,away,0.0,0.0,0.0,0.0,0.0,0.0,0.0,0.0,0.0,0,0.0,0.0,0.0
760482,2026-06-27,UZB@COD,195266,Odiljon Xamrobekov,9,SUB,False,UZB,away,0.0,0.0,0.0,0.0,0.0,0.0,0.0,0.0,0.0,0,0.0,1.0,1.0
760482,2026-06-27,UZB@COD,362333,Sherzod Esanov,23,SUB,False,UZB,away,0.0,0.0,0.0,0.0,0.0,0.0,0.0,0.0,0.0,0,0.0,0.0,0.0
760482,2026-06-27,UZB@COD,270463,Umar Eshmurodov,15,SUB,False,UZB,away,0.0,0.0,0.0,0.0,0.0,0.0,0.0,0.0,0.0,0,0.0,0.0,0.0
760484,2026-06-28,AUT@ALG,299346,Oussama Benbot,16,G,True,ALG,home,0.0,0.0,0.0,0.0,0.0,1.0,0.0,0.0,0.0,0.0,0.0,1.0,0.0
760484,2026-06-28,AUT@ALG,220703,Ramy Bensebaini,21,CD-L,True,ALG,home,0.0,0.0,1.0,0.0,0.0,0.0,0.0,0.0,0.0,0,0.0,1.0,0.0
760484,2026-06-28,AUT@ALG,150451,Aïssa Mandi,2,CD-R,True,ALG,home,0.0,0.0,0.0,0.0,0.0,1.0,0.0,0.0,0.0,0,0.0,1.0,0.0
760484,2026-06-28,AUT@ALG,306033,Jaouen Hadjam,13,LB,True,ALG,home,0.0,0.0,0.0,0.0,0.0,0.0,0.0,0.0,0.0,0,0.0,1.0,0.0
760484,2026-06-28,AUT@ALG,364590,Rafik Belghali,17,RB,True,ALG,home,1.0,0.0,2.0,1.0,0.0,0.0,0.0,0.0,0.0,0,0.0,1.0,0.0
760484,2026-06-28,AUT@ALG,361212,Ibrahim Maza,22,AM,True,ALG,home,0.0,0.0,3.0,1.0,0.0,1.0,0.0,0.0,0.0,0,0.0,1.0,0.0
760484,2026-06-28,AUT@ALG,179187,Nabil Bentaleb,19,LM,True,ALG,home,0.0,0.0,0.0,0.0,0.0,0.0,0.0,0.0,0.0,0,0.0,1.0,0.0
760484,2026-06-28,AUT@ALG,337306,Farès Chaïbi,10,RM,True,ALG,home,0.0,0.0,3.0,1.0,0.0,1.0,0.0,0.0,0.0,0,0.0,1.0,0.0
760484,2026-06-28,AUT@ALG,259743,Amine Gouiri,9,F,True,ALG,home,0.0,0.0,0.0,0.0,0.0,0.0,0.0,0.0,0.0,0,0.0,1.0,0.0
760484,2026-06-28,AUT@ALG,241116,Houssem Aouar,8,AM-L,True,ALG,home,0.0,2.0,0.0,0.0,1.0,0.0,0.0,0.0,0.0,0,0.0,1.0,0.0
760484,2026-06-28,AUT@ALG,163940,Riyad Mahrez,7,AM-R,True,ALG,home,2.0,0.0,3.0,2.0,1.0,2.0,0.0,0.0,0.0,0,0.0,1.0,0.0
760484,2026-06-28,AUT@ALG,272512,Rayan Aït-Nouri,15,SUB,False,ALG,home,0.0,0.0,0.0,0.0,1.0,0.0,0.0,0.0,0.0,0,0.0,1.0,1.0
760484,2026-06-28,AUT@ALG,287572,Samir Chergui,26,SUB,False,ALG,home,0.0,0.0,0.0,0.0,0.0,0.0,0.0,0.0,0.0,0,0.0,1.0,1.0
760484,2026-06-28,AUT@ALG,290517,Ramiz Zerrouki,6,SUB,False,ALG,home,0.0,0.0,0.0,0.0,0.0,0.0,0.0,0.0,0.0,0,0.0,0.0,0.0
760484,2026-06-28,AUT@ALG,356536,Farès Ghedjemis,25,SUB,False,ALG,home,0.0,0.0,0.0,0.0,0.0,0.0,0.0,0.0,0.0,0,0.0,1.0,1.0
760484,2026-06-28,AUT@ALG,324711,Melvin Mastil,1,SUB,False,ALG,home,0.0,0.0,0.0,0.0,0.0,0.0,0.0,0.0,0.0,0.0,0.0,0.0,0.0
760484,2026-06-28,AUT@ALG,287078,Hicham Boudaoui,14,SUB,False,ALG,home,0.0,0.0,0.0,0.0,0.0,0.0,0.0,0.0,0.0,0,0.0,0.0,0.0
760484,2026-06-28,AUT@ALG,285547,Zineddine Belaïd,5,SUB,False,ALG,home,0.0,0.0,0.0,0.0,0.0,0.0,0.0,0.0,0.0,0,0.0,1.0,1.0
760484,2026-06-28,AUT@ALG,225561,Luca Zidane,23,SUB,False,ALG,home,0.0,0.0,0.0,0.0,0.0,0.0,0.0,0.0,0.0,0.0,0.0,0.0,0.0
760484,2026-06-28,AUT@ALG,341711,Anis Hadj Moussa,11,SUB,False,ALG,home,0.0,0.0,0.0,0.0,0.0,0.0,0.0,0.0,0.0,0,0.0,0.0,0.0
760484,2026-06-28,AUT@ALG,341706,Adil Boulbina,20,SUB,False,ALG,home,0.0,0.0,0.0,0.0,0.0,0.0,0.0,0.0,0.0,0,0.0,0.0,0.0
760484,2026-06-28,AUT@ALG,407797,Achraf Abada,3,SUB,False,ALG,home,0.0,0.0,0.0,0.0,0.0,0.0,0.0,0.0,0.0,0,0.0,0.0,0.0
760484,2026-06-28,AUT@ALG,346186,Nadhir Benbouali,12,SUB,False,ALG,home,0.0,0.0,0.0,0.0,0.0,0.0,0.0,0.0,0.0,0,0.0,0.0,0.0
760484,2026-06-28,AUT@ALG,341720,Yassine Titraoui,24,SUB,False,ALG,home,0.0,0.0,0.0,0.0,0.0,0.0,0.0,0.0,0.0,0,0.0,0.0,0.0
760484,2026-06-28,AUT@ALG,285539,Mohamed Amine Tougai,4,SUB,False,ALG,home,0.0,0.0,0.0,0.0,0.0,0.0,0.0,0.0,0.0,0,0.0,0.0,0.0
760484,2026-06-28,AUT@ALG,195082,Alexander Schlager,1,G,True,AUT,away,0.0,0.0,0.0,0.0,0.0,0.0,0.0,0.0,0.0,2.0,0.0,1.0,0.0
760484,2026-06-28,AUT@ALG,118444,David Alaba,8,CD-L,True,AUT,away,0.0,1.0,0.0,0.0,0.0,0.0,0.0,0.0,0.0,0,0.0,1.0,0.0
760484,2026-06-28,AUT@ALG,219316,Philipp Lienhart,15,CD-R,True,AUT,away,0.0,0.0,1.0,0.0,0.0,0.0,0.0,0.0,0.0,0,0.0,1.0,0.0
760484,2026-06-28,AUT@ALG,239574,Phillipp Mwene,16,LB,True,AUT,away,0.0,0.0,1.0,0.0,0.0,1.0,0.0,0.0,0.0,0,0.0,1.0,0.0
760484,2026-06-28,AUT@ALG,238906,Stefan Posch,5,RB,True,AUT,away,0.0,0.0,0.0,0.0,0.0,1.0,0.0,0.0,0.0,0,0.0,1.0,0.0
760484,2026-06-28,AUT@ALG,238296,Romano Schmid,18,AM,True,AUT,away,0.0,0.0,1.0,0.0,1.0,0.0,0.0,0.0,0.0,0,0.0,1.0,0.0
760484,2026-06-28,AUT@ALG,238886,Xaver Schlager,4,LM,True,AUT,away,0.0,0.0,1.0,0.0,1.0,0.0,0.0,0.0,0.0,0,0.0,1.0,0.0
760484,2026-06-28,AUT@ALG,305956,Nicolas Seiwald,6,RM,True,AUT,away,0.0,0.0,2.0,0.0,0.0,0.0,0.0,0.0,0.0,0,0.0,1.0,0.0
760484,2026-06-28,AUT@ALG,98193,Marko Arnautovic,7,F,True,AUT,away,1.0,0.0,1.0,1.0,1.0,0.0,1.0,0.0,0.0,0,0.0,1.0,0.0
760484,2026-06-28,AUT@ALG,173907,Marcel Sabitzer,9,AM-L,True,AUT,away,1.0,0.0,1.0,1.0,1.0,0.0,0.0,0.0,0.0,0,0.0,1.0,0.0
760484,2026-06-28,AUT@ALG,169189,Konrad Laimer,20,AM-R,True,AUT,away,0.0,1.0,0.0,0.0,0.0,0.0,0.0,0.0,0.0,0,0.0,1.0,0.0
760484,2026-06-28,AUT@ALG,219304,Florian Grillitsch,10,SUB,False,AUT,away,0.0,0.0,0.0,0.0,2.0,0.0,0.0,0.0,0.0,0,0.0,1.0,1.0
760484,2026-06-28,AUT@ALG,250543,Kevin Danso,3,SUB,False,AUT,away,0.0,0.0,1.0,0.0,0.0,0.0,0.0,0.0,0.0,0,0.0,1.0,1.0
760484,2026-06-28,AUT@ALG,289942,Michael Svoboda,25,SUB,False,AUT,away,0.0,0.0,0.0,0.0,0.0,0.0,0.0,0.0,0.0,0,0.0,0.0,0.0
760484,2026-06-28,AUT@ALG,320939,Alexander Prass,22,SUB,False,AUT,away,0.0,0.0,0.0,0.0,0.0,0.0,0.0,0.0,0.0,0,0.0,0.0,0.0
760484,2026-06-28,AUT@ALG,294317,Carney Chukwuemeka,17,SUB,False,AUT,away,0.0,0.0,0.0,0.0,0.0,0.0,0.0,0.0,0.0,0,0.0,0.0,0.0
760484,2026-06-28,AUT@ALG,237966,Patrick Pentz,13,SUB,False,AUT,away,0.0,0.0,0.0,0.0,0.0,0.0,0.0,0.0,0.0,0.0,0.0,0.0,0.0
760484,2026-06-28,AUT@ALG,203868,Alessandro Schöpf,26,SUB,False,AUT,away,0.0,0.0,0.0,0.0,0.0,0.0,0.0,0.0,0.0,0,0.0,0.0,0.0
760484,2026-06-28,AUT@ALG,313230,David Affengruber,2,SUB,False,AUT,away,0.0,0.0,0.0,0.0,0.0,0.0,0.0,0.0,0.0,0,0.0,0.0,0.0
760484,2026-06-28,AUT@ALG,300095,Patrick Wimmer,21,SUB,False,AUT,away,0.0,0.0,0.0,0.0,0.0,0.0,0.0,0.0,0.0,0,0.0,0.0,0.0
760484,2026-06-28,AUT@ALG,259131,Sasa Kalajdzic,14,SUB,False,AUT,away,1.0,0.0,1.0,1.0,0.0,0.0,0.0,0.0,0.0,0,0.0,1.0,1.0
760484,2026-06-28,AUT@ALG,387869,Florian Wiegele,12,SUB,False,AUT,away,0.0,0.0,0.0,0.0,0.0,0.0,0.0,0.0,0.0,0.0,0.0,0.0,0.0
760484,2026-06-28,AUT@ALG,262862,Dejan Ljubicic,19,SUB,False,AUT,away,0.0,0.0,0.0,0.0,0.0,0.0,0.0,0.0,0.0,0,0.0,0.0,0.0
760484,2026-06-28,AUT@ALG,146804,Michael Gregoritsch,11,SUB,False,AUT,away,0.0,1.0,0.0,0.0,1.0,0.0,0.0,0.0,0.0,0,0.0,1.0,1.0
760484,2026-06-28,AUT@ALG,333399,Paul Wanner,24,SUB,False,AUT,away,0.0,0.0,0.0,0.0,0.0,1.0,0.0,0.0,0.0,0,0.0,1.0,1.0
760484,2026-06-28,AUT@ALG,232477,Marco Friedl,23,SUB,False,AUT,away,0.0,0.0,0.0,0.0,0.0,0.0,0.0,0.0,0.0,0,0.0,0.0,0.0
760483,2026-06-28,ARG@JOR,235212,Yazeed Abulaila,1,G,True,JOR,home,0.0,0.0,0.0,0.0,0.0,0.0,0.0,0.0,0.0,1.0,0.0,1.0,0.0
760483,2026-06-28,ARG@JOR,274269,Yazan Al-Arab,5,CD,True,JOR,home,0.0,0.0,0.0,0.0,3.0,0.0,1.0,0.0,0.0,0,0.0,1.0,0.0
760483,2026-06-28,ARG@JOR,321503,Husam Abu Dahab,4,CD-L,True,JOR,home,0.0,0.0,0.0,0.0,1.0,0.0,0.0,0.0,0.0,0,0.0,1.0,0.0
760483,2026-06-28,ARG@JOR,317819,Abdallah Nasib,3,CD-R,True,JOR,home,0.0,0.0,0.0,0.0,0.0,0.0,0.0,0.0,0.0,0,0.0,1.0,0.0
760483,2026-06-28,ARG@JOR,295462,Noor Al-Rawabdeh,8,CM-L,True,JOR,home,0.0,0.0,0.0,0.0,0.0,0.0,0.0,0.0,0.0,0,0.0,1.0,0.0
760483,2026-06-28,ARG@JOR,321515,Nizar Al-Rashdan,21,CM-R,True,JOR,home,0.0,0.0,0.0,0.0,1.0,1.0,0.0,0.0,0.0,0,0.0,1.0,0.0
760483,2026-06-28,ARG@JOR,317847,Mohannad Abu Taha,20,LM,True,JOR,home,0.0,0.0,1.0,0.0,1.0,0.0,1.0,0.0,0.0,0,0.0,1.0,0.0
760483,2026-06-28,ARG@JOR,229021,Ehsan Haddad,23,RM,True,JOR,home,0.0,1.0,0.0,0.0,1.0,0.0,0.0,0.0,0.0,0,0.0,1.0,0.0
760483,2026-06-28,ARG@JOR,392204,Odeh Fakhoury,11,F,True,JOR,home,0.0,0.0,1.0,0.0,1.0,1.0,0.0,0.0,0.0,0,0.0,1.0,0.0
760483,2026-06-28,ARG@JOR,320908,Ali Olwan,9,CF-L,True,JOR,home,0.0,0.0,0.0,0.0,1.0,2.0,0.0,0.0,0.0,0,0.0,1.0,0.0
760483,2026-06-28,ARG@JOR,400062,Ali Azaizeh,24,CF-R,True,JOR,home,0.0,0.0,1.0,0.0,0.0,1.0,0.0,0.0,0.0,0,0.0,1.0,0.0
760483,2026-06-28,ARG@JOR,257489,Mousa Al-Tamari,10,SUB,False,JOR,home,1.0,0.0,2.0,1.0,0.0,1.0,0.0,0.0,0.0,0,0.0,1.0,1.0
760483,2026-06-28,ARG@JOR,289004,Mohammed Abu Zraiq,7,SUB,False,JOR,home,0.0,0.0,0.0,0.0,1.0,0.0,1.0,0.0,0.0,0,0.0,1.0,1.0
760483,2026-06-28,ARG@JOR,244036,Rajaei Ayed,14,SUB,False,JOR,home,0.0,0.0,0.0,0.0,0.0,0.0,0.0,0.0,0.0,0,0.0,0.0,0.0
760483,2026-06-28,ARG@JOR,321484,Mohammad Abu Hasheesh,2,SUB,False,JOR,home,0.0,0.0,0.0,0.0,0.0,0.0,0.0,0.0,0.0,0,0.0,0.0,0.0
760483,2026-06-28,ARG@JOR,293352,Abdallah Al-Fakhouri,22,SUB,False,JOR,home,0.0,0.0,0.0,0.0,0.0,0.0,0.0,0.0,0.0,0.0,0.0,0.0,0.0
760483,2026-06-28,ARG@JOR,321486,Mohammad Al-Daoud,25,SUB,False,JOR,home,0.0,0.0,0.0,0.0,0.0,0.0,0.0,0.0,0.0,0,0.0,0.0,0.0
760483,2026-06-28,ARG@JOR,422263,Anas Badawi,26,SUB,False,JOR,home,0.0,0.0,0.0,0.0,0.0,0.0,0.0,0.0,0.0,0,0.0,0.0,0.0
760483,2026-06-28,ARG@JOR,418839,Mohammad Abughoush,18,SUB,False,JOR,home,0.0,0.0,0.0,0.0,0.0,0.0,0.0,0.0,0.0,0,0.0,0.0,0.0
760483,2026-06-28,ARG@JOR,289005,Saleem Obaid,17,SUB,False,JOR,home,0.0,0.0,0.0,0.0,0.0,0.0,0.0,0.0,0.0,0,0.0,1.0,1.0
760483,2026-06-28,ARG@JOR,229023,Mahmoud Al-Mardi,13,SUB,False,JOR,home,0.0,0.0,0.0,0.0,2.0,1.0,0.0,0.0,0.0,0,0.0,1.0,1.0
760483,2026-06-28,ARG@JOR,374200,Saed Al-Rosan,19,SUB,False,JOR,home,0.0,0.0,0.0,0.0,0.0,0.0,0.0,0.0,0.0,0,0.0,0.0,0.0
760483,2026-06-28,ARG@JOR,321516,Nour Bani Ateyah,12,SUB,False,JOR,home,0.0,0.0,0.0,0.0,0.0,0.0,0.0,0.0,0.0,0.0,0.0,0.0,0.0
760483,2026-06-28,ARG@JOR,320910,Ibrahim Sadeh,15,SUB,False,JOR,home,0.0,0.0,0.0,0.0,0.0,0.0,0.0,0.0,0.0,0,0.0,0.0,0.0
760483,2026-06-28,ARG@JOR,286761,Mohammad Abualnadi,16,SUB,False,JOR,home,0.0,0.0,0.0,0.0,0.0,0.0,0.0,0.0,0.0,0,0.0,0.0,0.0
760483,2026-06-28,ARG@JOR,369409,Amer Jamous,6,SUB,False,JOR,home,0.0,0.0,0.0,0.0,1.0,0.0,0.0,0.0,0.0,0,0.0,1.0,1.0
760483,2026-06-28,ARG@JOR,158626,Emiliano Martínez,23,G,True,ARG,away,0.0,0.0,0.0,0.0,0.0,0.0,0.0,0.0,0.0,0.0,0.0,1.0,0.0
760483,2026-06-28,ARG@JOR,233945,Marcos Senesi,2,CD-L,True,ARG,away,0.0,0.0,1.0,0.0,0.0,2.0,0.0,0.0,0.0,0,0.0,1.0,0.0
760483,2026-06-28,ARG@JOR,119289,Nicolás Otamendi,19,CD-R,True,ARG,away,0.0,0.0,1.0,0.0,1.0,0.0,0.0,0.0,0.0,0,0.0,1.0,0.0
760483,2026-06-28,ARG@JOR,145190,Nicolás Tagliafico,3,LB,True,ARG,away,0.0,0.0,0.0,0.0,1.0,2.0,0.0,0.0,0.0,0,0.0,1.0,0.0
760483,2026-06-28,ARG@JOR,228393,Exequiel Palacios,14,RB,True,ARG,away,0.0,0.0,0.0,0.0,1.0,1.0,0.0,0.0,0.0,0,0.0,1.0,0.0
760483,2026-06-28,ARG@JOR,153115,Leandro Paredes,5,CM-L,True,ARG,away,0.0,0.0,0.0,0.0,0.0,0.0,0.0,0.0,0.0,0,0.0,1.0,0.0
760483,2026-06-28,ARG@JOR,337970,Nico Paz,18,CM-R,True,ARG,away,0.0,0.0,1.0,0.0,1.0,1.0,0.0,0.0,0.0,0,0.0,1.0,0.0
760483,2026-06-28,ARG@JOR,207343,Giovani Lo Celso,11,LM,True,ARG,away,1.0,0.0,1.0,1.0,1.0,1.0,0.0,0.0,0.0,0,0.0,1.0,0.0
760483,2026-06-28,ARG@JOR,323838,Giuliano Simeone,17,RM,True,ARG,away,0.0,0.0,0.0,0.0,1.0,0.0,0.0,0.0,0.0,0,0.0,1.0,0.0
760483,2026-06-28,ARG@JOR,277206,Julián Álvarez,9,CF-L,True,ARG,away,0.0,0.0,1.0,1.0,0.0,0.0,0.0,0.0,0.0,0,0.0,1.0,0.0
760483,2026-06-28,ARG@JOR,219713,Lautaro Martínez,22,CF-R,True,ARG,away,1.0,0.0,3.0,1.0,1.0,0.0,0.0,0.0,0.0,0,0.0,1.0,0.0
760483,2026-06-28,ARG@JOR,249299,Alexis Mac Allister,20,SUB,False,ARG,away,0.0,0.0,0.0,0.0,0.0,3.0,0.0,0.0,0.0,0,0.0,1.0,1.0
760483,2026-06-28,ARG@JOR,249663,Facundo Medina,25,SUB,False,ARG,away,0.0,0.0,0.0,0.0,0.0,0.0,0.0,0.0,0.0,0,0.0,0.0,0.0
760483,2026-06-28,ARG@JOR,233937,Lisandro Martínez,6,SUB,False,ARG,away,0.0,0.0,0.0,0.0,0.0,0.0,0.0,0.0,0.0,0,0.0,0.0,0.0
760483,2026-06-28,ARG@JOR,96970,Cristian Romero,13,SUB,False,ARG,away,0.0,0.0,0.0,0.0,0.0,0.0,0.0,0.0,0.0,0,0.0,0.0,0.0
760483,2026-06-28,ARG@JOR,167192,Gerónimo Rulli,12,SUB,False,ARG,away,0.0,0.0,0.0,0.0,0.0,0.0,0.0,0.0,0.0,0.0,0.0,0.0,0.0
760483,2026-06-28,ARG@JOR,164826,Nahuel Molina,26,SUB,False,ARG,away,0.0,0.0,0.0,0.0,0.0,0.0,0.0,0.0,0.0,0,0.0,0.0,0.0
760483,2026-06-28,ARG@JOR,285450,Enzo Fernández,24,SUB,False,ARG,away,0.0,0.0,0.0,0.0,0.0,0.0,0.0,0.0,0.0,0,0.0,0.0,0.0
760483,2026-06-28,ARG@JOR,76017,Nico González,15,SUB,False,ARG,away,0.0,0.0,0.0,0.0,0.0,0.0,0.0,0.0,0.0,0,0.0,0.0,0.0
760483,2026-06-28,ARG@JOR,177927,Juan Musso,1,SUB,False,ARG,away,0.0,0.0,0.0,0.0,0.0,0.0,0.0,0.0,0.0,0.0,0.0,0.0,0.0
760483,2026-06-28,ARG@JOR,174466,Rodrigo De Paul,7,SUB,False,ARG,away,0.0,0.0,0.0,0.0,0.0,0.0,0.0,0.0,0.0,0,0.0,0.0,0.0
760483,2026-06-28,ARG@JOR,45843,Lionel Messi,10,SUB,False,ARG,away,1.0,0.0,2.0,1.0,0.0,1.0,0.0,0.0,0.0,0,0.0,1.0,1.0
760483,2026-06-28,ARG@JOR,228262,Gonzalo Montiel,4,SUB,False,ARG,away,0.0,0.0,0.0,0.0,0.0,0.0,0.0,0.0,0.0,0,0.0,0.0,0.0
760483,2026-06-28,ARG@JOR,320760,Valentín Barco,8,SUB,False,ARG,away,0.0,0.0,0.0,0.0,0.0,1.0,0.0,0.0,0.0,0,0.0,1.0,1.0
760483,2026-06-28,ARG@JOR,311743,José Manuel López,21,SUB,False,ARG,away,0.0,0.0,1.0,0.0,0.0,0.0,0.0,0.0,0.0,0,0.0,1.0,1.0
760483,2026-06-28,ARG@JOR,277208,Thiago Almada,16,SUB,False,ARG,away,0.0,0.0,1.0,0.0,0.0,0.0,0.0,0.0,0.0,0,0.0,1.0,1.0
760486,2026-06-28,CAN@RSA,196230,Ronwen Williams,1,G,True,RSA,home,0.0,0.0,0.0,0.0,0.0,0.0,0.0,0.0,0.0,5.0,0.0,1.0,0.0
760486,2026-06-28,CAN@RSA,400594,Mbekezeli Mbokazi,14,CD-L,True,RSA,home,0.0,0.0,0.0,0.0,2.0,2.0,0.0,0.0,0.0,0,0.0,1.0,0.0
760486,2026-06-28,CAN@RSA,358744,Ime Okon,21,CD-R,True,RSA,home,0.0,0.0,1.0,0.0,1.0,0.0,0.0,0.0,0.0,0,0.0,1.0,0.0
760486,2026-06-28,CAN@RSA,223818,Aubrey Modiba,6,LB,True,RSA,home,0.0,0.0,0.0,0.0,0.0,3.0,0.0,0.0,0.0,0,0.0,1.0,0.0
760486,2026-06-28,CAN@RSA,276767,Khuliso Mudau,20,RB,True,RSA,home,0.0,0.0,0.0,0.0,0.0,4.0,0.0,0.0,0.0,0,0.0,1.0,0.0
760486,2026-06-28,CAN@RSA,361211,Relebohile Mofokeng,10,AM,True,RSA,home,0.0,0.0,0.0,0.0,1.0,2.0,0.0,0.0,0.0,0,0.0,1.0,0.0
760486,2026-06-28,CAN@RSA,228595,Sphephelo Sithole,13,LM,True,RSA,home,0.0,0.0,0.0,0.0,1.0,0.0,0.0,0.0,0.0,0,0.0,1.0,0.0
760486,2026-06-28,CAN@RSA,256691,Teboho Mokoena,4,RM,True,RSA,home,0.0,0.0,2.0,1.0,0.0,1.0,0.0,0.0,0.0,0,0.0,1.0,0.0
760486,2026-06-28,CAN@RSA,303312,Evidence Makgopa,17,F,True,RSA,home,0.0,0.0,0.0,0.0,0.0,0.0,0.0,0.0,0.0,0,0.0,1.0,0.0
760486,2026-06-28,CAN@RSA,288771,Oswin Appollis,7,AM-L,True,RSA,home,0.0,0.0,2.0,0.0,0.0,1.0,0.0,0.0,0.0,0,0.0,1.0,0.0
760486,2026-06-28,CAN@RSA,335450,Thapelo Maseko,12,AM-R,True,RSA,home,0.0,0.0,0.0,0.0,2.0,3.0,0.0,0.0,0.0,0,0.0,1.0,0.0
760486,2026-06-28,CAN@RSA,291141,Iqraam Rayners,15,SUB,False,RSA,home,0.0,0.0,0.0,0.0,1.0,0.0,0.0,0.0,0.0,0,0.0,1.0,1.0
760486,2026-06-28,CAN@RSA,266125,Nkosinathi Sibisi,19,SUB,False,RSA,home,0.0,0.0,0.0,0.0,0.0,0.0,0.0,0.0,0.0,0,0.0,0.0,0.0
760486,2026-06-28,CAN@RSA,337134,Kamogelo Sebelebele,25,SUB,False,RSA,home,0.0,0.0,0.0,0.0,0.0,0.0,0.0,0.0,0.0,0,0.0,0.0,0.0
760486,2026-06-28,CAN@RSA,304736,Jayden Adams,23,SUB,False,RSA,home,0.0,0.0,0.0,0.0,0.0,0.0,0.0,0.0,0.0,0,0.0,0.0,0.0
760486,2026-06-28,CAN@RSA,366883,Samukele Kabini,18,SUB,False,RSA,home,0.0,0.0,0.0,0.0,0.0,0.0,0.0,0.0,0.0,0,0.0,0.0,0.0
760486,2026-06-28,CAN@RSA,265713,Sipho Chaine,16,SUB,False,RSA,home,0.0,0.0,0.0,0.0,0.0,0.0,0.0,0.0,0.0,0.0,0.0,0.0,0.0
760486,2026-06-28,CAN@RSA,351372,Olwethu Makhanya,24,SUB,False,RSA,home,0.0,0.0,0.0,0.0,0.0,0.0,0.0,0.0,0.0,0,0.0,0.0,0.0
760486,2026-06-28,CAN@RSA,313399,Tshepang Moremi,8,SUB,False,RSA,home,0.0,0.0,0.0,0.0,0.0,0.0,0.0,0.0,0.0,0,0.0,1.0,1.0
760486,2026-06-28,CAN@RSA,310593,Bradley Cross,26,SUB,False,RSA,home,0.0,0.0,0.0,0.0,0.0,0.0,0.0,0.0,0.0,0,0.0,0.0,0.0
760486,2026-06-28,CAN@RSA,390448,Khulumani Ndamane,3,SUB,False,RSA,home,0.0,0.0,0.0,0.0,0.0,0.0,0.0,0.0,0.0,0,0.0,0.0,0.0
760486,2026-06-28,CAN@RSA,365623,Thabang Matuludi,2,SUB,False,RSA,home,0.0,0.0,0.0,0.0,0.0,0.0,0.0,0.0,0.0,0,0.0,0.0,0.0
760486,2026-06-28,CAN@RSA,264751,Lyle Foster,9,SUB,False,RSA,home,0.0,0.0,0.0,0.0,0.0,0.0,0.0,0.0,0.0,0,0.0,0.0,0.0
760486,2026-06-28,CAN@RSA,301321,Thalente Mbatha,5,SUB,False,RSA,home,0.0,0.0,1.0,0.0,2.0,0.0,0.0,0.0,0.0,0,0.0,1.0,1.0
760486,2026-06-28,CAN@RSA,186121,Ricardo Goss,22,SUB,False,RSA,home,0.0,0.0,0.0,0.0,0.0,0.0,0.0,0.0,0.0,0.0,0.0,0.0,0.0
760486,2026-06-28,CAN@RSA,159382,Maxime Crépeau,16,G,True,CAN,away,0.0,0.0,0.0,0.0,0.0,1.0,0.0,0.0,0.0,1.0,0.0,1.0,0.0
760486,2026-06-28,CAN@RSA,238712,Derek Cornelius,13,CD-L,True,CAN,away,0.0,0.0,1.0,1.0,0.0,1.0,0.0,0.0,0.0,0,0.0,1.0,0.0
760486,2026-06-28,CAN@RSA,358975,Moïse Bombito,15,CD-R,True,CAN,away,0.0,0.0,1.0,1.0,0.0,0.0,0.0,0.0,0.0,0,0.0,1.0,0.0
760486,2026-06-28,CAN@RSA,230626,Richie Laryea,22,LB,True,CAN,away,0.0,0.0,0.0,0.0,4.0,3.0,0.0,0.0,0.0,0,0.0,1.0,0.0
760486,2026-06-28,CAN@RSA,293691,Alistair Johnston,2,RB,True,CAN,away,0.0,0.0,0.0,0.0,0.0,0.0,0.0,0.0,0.0,0,0.0,1.0,0.0
760486,2026-06-28,CAN@RSA,270505,Stephen Eustáquio,7,CM-L,True,CAN,away,1.0,0.0,2.0,1.0,0.0,1.0,0.0,0.0,0.0,0,0.0,1.0,0.0
760486,2026-06-28,CAN@RSA,311163,Nathan Saliba,25,CM-R,True,CAN,away,0.0,0.0,0.0,0.0,3.0,2.0,1.0,0.0,0.0,0,0.0,1.0,0.0
760486,2026-06-28,CAN@RSA,271879,Liam Millar,11,LM,True,CAN,away,0.0,0.0,0.0,0.0,1.0,0.0,0.0,0.0,0.0,0,0.0,1.0,0.0
760486,2026-06-28,CAN@RSA,284769,Tajon Buchanan,17,RM,True,CAN,away,0.0,0.0,1.0,1.0,1.0,0.0,0.0,0.0,0.0,0,0.0,1.0,0.0
760486,2026-06-28,CAN@RSA,294039,Tani Oluwaseyi,12,CF-L,True,CAN,away,0.0,0.0,3.0,2.0,1.0,2.0,0.0,0.0,0.0,0,0.0,1.0,0.0
760486,2026-06-28,CAN@RSA,273499,Jonathan David,10,CF-R,True,CAN,away,0.0,0.0,2.0,1.0,2.0,0.0,0.0,0.0,0.0,0,0.0,1.0,0.0
760486,2026-06-28,CAN@RSA,184221,Jonathan Osorio,21,SUB,False,CAN,away,0.0,0.0,0.0,0.0,0.0,0.0,0.0,0.0,0.0,0,0.0,0.0,0.0
760486,2026-06-28,CAN@RSA,231059,Dayne St. Clair,1,SUB,False,CAN,away,0.0,0.0,0.0,0.0,0.0,0.0,0.0,0.0,0.0,0.0,0.0,0.0,0.0
760486,2026-06-28,CAN@RSA,286214,Jacob Shaffelburg,14,SUB,False,CAN,away,0.0,0.0,0.0,0.0,1.0,0.0,0.0,0.0,0.0,0,0.0,1.0,1.0
760486,2026-06-28,CAN@RSA,330618,Owen Goodman,18,SUB,False,CAN,away,0.0,0.0,0.0,0.0,0.0,0.0,0.0,0.0,0.0,0.0,0.0,0.0,0.0
760486,2026-06-28,CAN@RSA,318522,Promise David,24,SUB,False,CAN,away,0.0,0.0,1.0,0.0,0.0,0.0,0.0,0.0,0.0,0,0.0,1.0,1.0
760486,2026-06-28,CAN@RSA,280612,Jayden Nelson,26,SUB,False,CAN,away,0.0,0.0,0.0,0.0,0.0,0.0,0.0,0.0,0.0,0,0.0,0.0,0.0
760486,2026-06-28,CAN@RSA,340228,Ali Ahmed,20,SUB,False,CAN,away,0.0,0.0,0.0,0.0,0.0,0.0,0.0,0.0,0.0,0,0.0,0.0,0.0
760486,2026-06-28,CAN@RSA,236890,Joel Waterman,5,SUB,False,CAN,away,0.0,0.0,0.0,0.0,0.0,0.0,0.0,0.0,0.0,0,0.0,0.0,0.0
760486,2026-06-28,CAN@RSA,274296,Mathieu Choinière,6,SUB,False,CAN,away,0.0,0.0,0.0,0.0,0.0,0.0,0.0,0.0,0.0,0,0.0,0.0,0.0
760486,2026-06-28,CAN@RSA,240589,Alfie Jones,3,SUB,False,CAN,away,0.0,0.0,0.0,0.0,0.0,0.0,0.0,0.0,0.0,0,0.0,0.0,0.0
760486,2026-06-28,CAN@RSA,365345,Luc de Fougerolles,4,SUB,False,CAN,away,0.0,0.0,1.0,0.0,0.0,0.0,0.0,0.0,0.0,0,0.0,1.0,1.0
760486,2026-06-28,CAN@RSA,363538,Niko Sigur,23,SUB,False,CAN,away,0.0,0.0,0.0,0.0,3.0,0.0,1.0,0.0,0.0,0,0.0,1.0,1.0
760486,2026-06-28,CAN@RSA,236721,Alphonso Davies,19,SUB,False,CAN,away,0.0,0.0,0.0,0.0,0.0,0.0,0.0,0.0,0.0,0,0.0,1.0,1.0
760486,2026-06-28,CAN@RSA,205024,Cyle Larin,9,SUB,False,CAN,away,0.0,0.0,0.0,0.0,0.0,0.0,0.0,0.0,0.0,0,0.0,0.0,0.0
760487,2026-06-29,JPN@BRA,196876,Alisson Becker,1,G,True,BRA,home,0.0,0.0,0.0,0.0,0.0,0.0,0.0,0.0,0.0,1.0,0.0,1.0,0.0
760487,2026-06-29,JPN@BRA,236322,Gabriel Magalhães,3,CD-L,True,BRA,home,0.0,1.0,0.0,0.0,0.0,0.0,0.0,0.0,0.0,0,0.0,1.0,0.0
760487,2026-06-29,JPN@BRA,159047,Marquinhos,4,CD-R,True,BRA,home,0.0,0.0,0.0,0.0,0.0,1.0,0.0,0.0,0.0,0,0.0,1.0,0.0
760487,2026-06-29,JPN@BRA,186575,Douglas Santos,16,LB,True,BRA,home,0.0,0.0,0.0,0.0,0.0,1.0,0.0,0.0,0.0,0,0.0,1.0,0.0
760487,2026-06-29,JPN@BRA,170369,Danilo,13,RB,True,BRA,home,0.0,0.0,0.0,0.0,1.0,1.0,1.0,0.0,0.0,0,0.0,1.0,0.0
760487,2026-06-29,JPN@BRA,173666,Casemiro,5,CM,True,BRA,home,1.0,0.0,2.0,2.0,1.0,0.0,1.0,0.0,0.0,0,0.0,1.0,0.0
760487,2026-06-29,JPN@BRA,234715,Lucas Paquetá,20,LM,True,BRA,home,0.0,0.0,2.0,0.0,0.0,1.0,0.0,0.0,0.0,0,0.0,1.0,0.0
760487,2026-06-29,JPN@BRA,218522,Bruno Guimarães,8,RM,True,BRA,home,0.0,1.0,4.0,1.0,0.0,1.0,0.0,0.0,0.0,0,0.0,1.0,0.0
760487,2026-06-29,JPN@BRA,259902,Matheus Cunha,9,F,True,BRA,home,0.0,0.0,3.0,1.0,1.0,0.0,0.0,0.0,0.0,0,0.0,1.0,0.0
760487,2026-06-29,JPN@BRA,252107,Vinícius Júnior,7,LF,True,BRA,home,0.0,0.0,3.0,2.0,0.0,3.0,0.0,0.0,0.0,0,0.0,1.0,0.0
760487,2026-06-29,JPN@BRA,357719,Rayan,26,RF,True,BRA,home,0.0,0.0,1.0,0.0,0.0,1.0,0.0,0.0,0.0,0,0.0,1.0,0.0
760487,2026-06-29,JPN@BRA,132948,Neymar,10,SUB,False,BRA,home,0.0,0.0,0.0,0.0,0.0,0.0,0.0,0.0,0.0,0,0.0,0.0,0.0
760487,2026-06-29,JPN@BRA,269844,Gabriel Martinelli,22,SUB,False,BRA,home,1.0,0.0,2.0,1.0,1.0,0.0,0.0,0.0,0.0,0,0.0,1.0,1.0
760487,2026-06-29,JPN@BRA,145405,Léo Pereira,15,SUB,False,BRA,home,0.0,0.0,0.0,0.0,0.0,0.0,0.0,0.0,0.0,0,0.0,0.0,0.0
760487,2026-06-29,JPN@BRA,301894,Igor Thiago,25,SUB,False,BRA,home,0.0,0.0,0.0,0.0,0.0,0.0,0.0,0.0,0.0,0,0.0,0.0,0.0
760487,2026-06-29,JPN@BRA,306764,Danilo Santos,18,SUB,False,BRA,home,0.0,0.0,0.0,0.0,0.0,0.0,0.0,0.0,0.0,0,0.0,1.0,1.0
760487,2026-06-29,JPN@BRA,278210,Éderson,2,SUB,False,BRA,home,0.0,0.0,0.0,0.0,0.0,0.0,0.0,0.0,0.0,0,0.0,0.0,0.0
760487,2026-06-29,JPN@BRA,176287,Fabinho,17,SUB,False,BRA,home,0.0,0.0,1.0,0.0,0.0,0.0,0.0,0.0,0.0,0,0.0,1.0,1.0
760487,2026-06-29,JPN@BRA,346612,Endrick,19,SUB,False,BRA,home,0.0,0.0,1.0,0.0,0.0,1.0,0.0,0.0,0.0,0,0.0,1.0,1.0
760487,2026-06-29,JPN@BRA,259835,Roger Ibañez,24,SUB,False,BRA,home,0.0,0.0,0.0,0.0,0.0,0.0,0.0,0.0,0.0,0,0.0,0.0,0.0
760487,2026-06-29,JPN@BRA,258307,Bremer,14,SUB,False,BRA,home,0.0,0.0,0.0,0.0,0.0,0.0,0.0,0.0,0.0,0,0.0,0.0,0.0
760487,2026-06-29,JPN@BRA,304215,Luiz Henrique,21,SUB,False,BRA,home,0.0,0.0,0.0,0.0,0.0,0.0,0.0,0.0,0.0,0,0.0,0.0,0.0
760487,2026-06-29,JPN@BRA,125514,Alex Sandro,6,SUB,False,BRA,home,0.0,0.0,0.0,0.0,0.0,0.0,0.0,0.0,0.0,0,0.0,0.0,0.0
760487,2026-06-29,JPN@BRA,176948,Ederson,23,SUB,False,BRA,home,0.0,0.0,0.0,0.0,0.0,0.0,0.0,0.0,0.0,0.0,0.0,0.0,0.0
760487,2026-06-29,JPN@BRA,198983,Weverton,12,SUB,False,BRA,home,0.0,0.0,0.0,0.0,0.0,0.0,0.0,0.0,0.0,0.0,0.0,0.0,0.0
760487,2026-06-29,JPN@BRA,265958,Zion Suzuki,1,G,True,JPN,away,0.0,0.0,0.0,0.0,0.0,0.0,0.0,0.0,0.0,4.0,0.0,1.0,0.0
760487,2026-06-29,JPN@BRA,202728,Shogo Taniguchi,3,CD,True,JPN,away,0.0,0.0,0.0,0.0,1.0,0.0,0.0,0.0,0.0,0,0.0,1.0,0.0
760487,2026-06-29,JPN@BRA,97111,Hiroki Ito,21,CD-L,True,JPN,away,0.0,0.0,0.0,0.0,0.0,0.0,0.0,0.0,0.0,0,0.0,1.0,0.0
760487,2026-06-29,JPN@BRA,238004,Takehiro Tomiyasu,22,CD-R,True,JPN,away,0.0,0.0,0.0,0.0,1.0,1.0,0.0,0.0,0.0,0,0.0,1.0,0.0
760487,2026-06-29,JPN@BRA,219362,Daichi Kamada,15,CM-L,True,JPN,away,0.0,0.0,1.0,0.0,1.0,0.0,1.0,0.0,0.0,0,0.0,1.0,0.0
760487,2026-06-29,JPN@BRA,357030,Kaishu Sano,24,CM-R,True,JPN,away,1.0,0.0,1.0,1.0,2.0,0.0,1.0,0.0,0.0,0,0.0,1.0,0.0
760487,2026-06-29,JPN@BRA,265953,Keito Nakamura,13,LM,True,JPN,away,0.0,0.0,0.0,0.0,0.0,0.0,0.0,0.0,0.0,0,0.0,1.0,0.0
760487,2026-06-29,JPN@BRA,219627,Ritsu Doan,10,RM,True,JPN,away,0.0,0.0,0.0,0.0,2.0,0.0,0.0,0.0,0.0,0,0.0,1.0,0.0
760487,2026-06-29,JPN@BRA,274277,Ayase Ueda,18,F,True,JPN,away,0.0,0.0,2.0,1.0,2.0,0.0,0.0,0.0,0.0,0,0.0,1.0,0.0
760487,2026-06-29,JPN@BRA,286347,Daizen Maeda,11,CF-L,True,JPN,away,0.0,0.0,0.0,0.0,0.0,1.0,0.0,0.0,0.0,0,0.0,1.0,0.0
760487,2026-06-29,JPN@BRA,219350,Junya Ito,14,CF-R,True,JPN,away,0.0,0.0,1.0,0.0,0.0,2.0,0.0,0.0,0.0,0,0.0,1.0,0.0
760487,2026-06-29,JPN@BRA,255723,Keisuke Osako,12,SUB,False,JPN,away,0.0,0.0,0.0,0.0,0.0,0.0,0.0,0.0,0.0,0.0,0.0,0.0,0.0
760487,2026-06-29,JPN@BRA,238033,Kou Itakura,4,SUB,False,JPN,away,0.0,0.0,0.0,0.0,0.0,0.0,0.0,0.0,0.0,0,0.0,0.0,0.0
760487,2026-06-29,JPN@BRA,238016,Koki Ogawa,19,SUB,False,JPN,away,0.0,0.0,0.0,0.0,0.0,0.0,0.0,0.0,0.0,0,0.0,1.0,1.0
760487,2026-06-29,JPN@BRA,119082,Yuto Nagatomo,5,SUB,False,JPN,away,0.0,0.0,0.0,0.0,0.0,0.0,0.0,0.0,0.0,0,0.0,0.0,0.0
760487,2026-06-29,JPN@BRA,303031,Yuito Suzuki,17,SUB,False,JPN,away,0.0,0.0,0.0,0.0,0.0,0.0,0.0,0.0,0.0,0,0.0,0.0,0.0
760487,2026-06-29,JPN@BRA,276279,Tsuyoshi Watanabe,16,SUB,False,JPN,away,0.0,0.0,0.0,0.0,0.0,0.0,0.0,0.0,0.0,0,0.0,0.0,0.0
760487,2026-06-29,JPN@BRA,362959,Kento Shiogai,26,SUB,False,JPN,away,0.0,0.0,0.0,0.0,0.0,0.0,0.0,0.0,0.0,0,0.0,0.0,0.0
760487,2026-06-29,JPN@BRA,312924,Tomoki Hayakawa,23,SUB,False,JPN,away,0.0,0.0,0.0,0.0,0.0,0.0,0.0,0.0,0.0,0.0,0.0,0.0,0.0
760487,2026-06-29,JPN@BRA,271352,Shuto Machino,6,SUB,False,JPN,away,0.0,0.0,0.0,0.0,1.0,0.0,0.0,0.0,0.0,0,0.0,1.0,1.0
760487,2026-06-29,JPN@BRA,258270,Ayumu Seko,20,SUB,False,JPN,away,0.0,0.0,0.0,0.0,0.0,0.0,0.0,0.0,0.0,0,0.0,0.0,0.0
760487,2026-06-29,JPN@BRA,265965,Yukinari Sugawara,2,SUB,False,JPN,away,0.0,0.0,0.0,0.0,0.0,0.0,0.0,0.0,0.0,0,0.0,1.0,1.0
760487,2026-06-29,JPN@BRA,333663,Junnosuke Suzuki,25,SUB,False,JPN,away,0.0,0.0,0.0,0.0,2.0,0.0,1.0,0.0,0.0,0,0.0,1.0,1.0
760487,2026-06-29,JPN@BRA,346208,Keisuke Goto,9,SUB,False,JPN,away,0.0,0.0,0.0,0.0,0.0,0.0,0.0,0.0,0.0,0,0.0,0.0,0.0
760487,2026-06-29,JPN@BRA,256587,Takefusa Kubo,8,SUB,False,JPN,away,0.0,0.0,0.0,0.0,0.0,0.0,0.0,0.0,0.0,0,0.0,0.0,0.0
760487,2026-06-29,JPN@BRA,253173,Ao Tanaka,7,SUB,False,JPN,away,0.0,0.0,0.0,0.0,1.0,0.0,0.0,0.0,0.0,0,0.0,1.0,1.0
