date,matchup,player,category,stat,direction,line,proj,actual,edge,result
2026-06-20,WSH@NY,Georgia Amoore,starters,pts,OVER,2.0,3.3,0.0,1.3,MISS
2026-06-20,WSH@NY,Georgia Amoore,starters,reb,OVER,1.0,1.2,2.0,0.2,HIT
2026-06-20,WSH@NY,Georgia Amoore,starters,ast,OVER,0.0,0.7,2.0,0.7,HIT
2026-06-20,WSH@NY,Georgia Amoore,starters,stl,OVER,0.0,0.2,1.0,0.2,HIT
2026-06-20,WSH@NY,Georgia Amoore,starters,blk,OVER,0.0,0.1,0.0,0.1,MISS
2026-06-20,WSH@NY,Shakira Austin,starters,pts,OVER,2.0,3.3,8.0,1.3,HIT
2026-06-20,WSH@NY,Shakira Austin,starters,reb,OVER,1.0,1.2,6.0,0.2,HIT
2026-06-20,WSH@NY,Shakira Austin,starters,ast,OVER,0.0,0.7,4.0,0.7,HIT
2026-06-20,WSH@NY,Shakira Austin,starters,stl,OVER,0.0,0.2,0.0,0.2,MISS
2026-06-20,WSH@NY,Shakira Austin,starters,blk,OVER,0.0,0.1,1.0,0.1,HIT
2026-06-20,WSH@NY,Lauren Betts,starters,pts,OVER,2.0,3.3,4.0,1.3,HIT
2026-06-20,WSH@NY,Lauren Betts,starters,reb,OVER,1.0,1.2,6.0,0.2,HIT
2026-06-20,WSH@NY,Lauren Betts,starters,ast,OVER,0.0,0.7,1.0,0.7,HIT
2026-06-20,WSH@NY,Lauren Betts,starters,stl,OVER,0.0,0.2,1.0,0.2,HIT
2026-06-20,WSH@NY,Lauren Betts,starters,blk,OVER,0.0,0.1,1.0,0.1,HIT
2026-06-20,WSH@NY,Sonia Citron,starters,pts,OVER,2.0,3.3,12.0,1.3,HIT
2026-06-20,WSH@NY,Sonia Citron,starters,reb,OVER,1.0,1.2,3.0,0.2,HIT
2026-06-20,WSH@NY,Sonia Citron,starters,ast,OVER,0.0,0.7,2.0,0.7,HIT
2026-06-20,WSH@NY,Sonia Citron,starters,stl,OVER,0.0,0.2,0.0,0.2,MISS
2026-06-20,WSH@NY,Sonia Citron,starters,blk,OVER,0.0,0.1,0.0,0.1,MISS
2026-06-20,WSH@NY,Angela Dugalic,starters,pts,OVER,2.0,3.3,4.0,1.3,HIT
2026-06-20,WSH@NY,Angela Dugalic,starters,reb,OVER,1.0,1.2,6.0,0.2,HIT
2026-06-20,WSH@NY,Angela Dugalic,starters,ast,OVER,0.0,0.7,0.0,0.7,MISS
2026-06-20,WSH@NY,Angela Dugalic,starters,stl,OVER,0.0,0.2,2.0,0.2,HIT
2026-06-20,WSH@NY,Angela Dugalic,starters,blk,OVER,0.0,0.1,0.0,0.1,MISS
2026-06-20,WSH@NY,Alicia Florez,bench,pts,OVER,2.0,3.3,7.0,1.3,HIT
2026-06-20,WSH@NY,Alicia Florez,bench,reb,OVER,1.0,1.2,2.0,0.2,HIT
2026-06-20,WSH@NY,Alicia Florez,bench,ast,OVER,0.0,0.7,6.0,0.7,HIT
2026-06-20,WSH@NY,Alicia Florez,bench,stl,OVER,0.0,0.2,1.0,0.2,HIT
2026-06-20,WSH@NY,Alicia Florez,bench,blk,OVER,0.0,0.1,0.0,0.1,MISS
2026-06-20,WSH@NY,Rori Harmon,bench,pts,OVER,2.0,3.3,0.0,1.3,MISS
2026-06-20,WSH@NY,Rori Harmon,bench,reb,OVER,1.0,1.2,0.0,0.2,MISS
2026-06-20,WSH@NY,Rori Harmon,bench,ast,OVER,0.0,0.7,1.0,0.7,HIT
2026-06-20,WSH@NY,Rori Harmon,bench,stl,OVER,0.0,0.2,0.0,0.2,MISS
2026-06-20,WSH@NY,Rori Harmon,bench,blk,OVER,0.0,0.1,0.0,0.1,MISS
2026-06-20,WSH@NY,Cotie McMahon,bench,pts,OVER,2.0,3.3,8.0,1.3,HIT
2026-06-20,WSH@NY,Cotie McMahon,bench,reb,OVER,1.0,1.2,3.0,0.2,HIT
2026-06-20,WSH@NY,Cotie McMahon,bench,ast,OVER,0.0,0.7,0.0,0.7,MISS
2026-06-20,WSH@NY,Cotie McMahon,bench,stl,OVER,0.0,0.2,1.0,0.2,HIT
2026-06-20,WSH@NY,Cotie McMahon,bench,blk,OVER,0.0,0.1,0.0,0.1,MISS
2026-06-20,WSH@NY,Lucy Olsen,bench,pts,OVER,2.0,3.3,2.0,1.3,MISS
2026-06-20,WSH@NY,Lucy Olsen,bench,reb,OVER,1.0,1.2,0.0,0.2,MISS
2026-06-20,WSH@NY,Lucy Olsen,bench,ast,OVER,0.0,0.7,0.0,0.7,MISS
2026-06-20,WSH@NY,Lucy Olsen,bench,stl,OVER,0.0,0.2,0.0,0.2,MISS
2026-06-20,WSH@NY,Lucy Olsen,bench,blk,OVER,0.0,0.1,0.0,0.1,MISS
2026-06-20,WSH@NY,Michaela Onyenwere,bench,pts,OVER,2.0,3.3,17.0,1.3,HIT
2026-06-20,WSH@NY,Michaela Onyenwere,bench,reb,OVER,1.0,1.2,4.0,0.2,HIT
2026-06-20,WSH@NY,Michaela Onyenwere,bench,ast,OVER,0.0,0.7,1.0,0.7,HIT
2026-06-20,WSH@NY,Michaela Onyenwere,bench,stl,OVER,0.0,0.2,0.0,0.2,MISS
2026-06-20,WSH@NY,Michaela Onyenwere,bench,blk,OVER,0.0,0.1,1.0,0.1,HIT
2026-06-20,WSH@NY,Cassandre Prosper,bench,pts,OVER,2.0,3.3,2.0,1.3,MISS
2026-06-20,WSH@NY,Cassandre Prosper,bench,reb,OVER,1.0,1.2,0.0,0.2,MISS
2026-06-20,WSH@NY,Cassandre Prosper,bench,ast,OVER,0.0,0.7,0.0,0.7,MISS
2026-06-20,WSH@NY,Cassandre Prosper,bench,stl,OVER,0.0,0.2,0.0,0.2,MISS
2026-06-20,WSH@NY,Cassandre Prosper,bench,blk,OVER,0.0,0.1,0.0,0.1,MISS
2026-06-20,WSH@NY,Pauline Astier,starters,pts,OVER,2.0,3.3,6.0,1.3,HIT
2026-06-20,WSH@NY,Pauline Astier,starters,reb,OVER,1.0,1.2,1.0,0.2,MISS
2026-06-20,WSH@NY,Pauline Astier,starters,ast,OVER,0.0,0.7,6.0,0.7,HIT
2026-06-20,WSH@NY,Pauline Astier,starters,stl,OVER,0.0,0.2,1.0,0.2,HIT
2026-06-20,WSH@NY,Pauline Astier,starters,blk,OVER,0.0,0.1,0.0,0.1,MISS
2026-06-20,WSH@NY,Raquel Carrera,starters,pts,OVER,2.0,3.3,4.0,1.3,HIT
2026-06-20,WSH@NY,Raquel Carrera,starters,reb,OVER,1.0,1.2,0.0,0.2,MISS
2026-06-20,WSH@NY,Raquel Carrera,starters,ast,OVER,0.0,0.7,0.0,0.7,MISS
2026-06-20,WSH@NY,Raquel Carrera,starters,stl,OVER,0.0,0.2,0.0,0.2,MISS
2026-06-20,WSH@NY,Raquel Carrera,starters,blk,OVER,0.0,0.1,0.0,0.1,MISS
2026-06-20,WSH@NY,Leonie Fiebich,starters,pts,OVER,2.0,3.3,8.0,1.3,HIT
2026-06-20,WSH@NY,Leonie Fiebich,starters,reb,OVER,1.0,1.2,2.0,0.2,HIT
2026-06-20,WSH@NY,Leonie Fiebich,starters,ast,OVER,0.0,0.7,2.0,0.7,HIT
2026-06-20,WSH@NY,Leonie Fiebich,starters,stl,OVER,0.0,0.2,1.0,0.2,HIT
2026-06-20,WSH@NY,Leonie Fiebich,starters,blk,OVER,0.0,0.1,0.0,0.1,MISS
2026-06-20,WSH@NY,Rebekah Gardner,starters,pts,OVER,2.0,3.3,4.0,1.3,HIT
2026-06-20,WSH@NY,Rebekah Gardner,starters,reb,OVER,1.0,1.2,0.0,0.2,MISS
2026-06-20,WSH@NY,Rebekah Gardner,starters,ast,OVER,0.0,0.7,0.0,0.7,MISS
2026-06-20,WSH@NY,Rebekah Gardner,starters,stl,OVER,0.0,0.2,3.0,0.2,HIT
2026-06-20,WSH@NY,Rebekah Gardner,starters,blk,OVER,0.0,0.1,0.0,0.1,MISS
2026-06-20,WSH@NY,Sabrina Ionescu,bench,pts,OVER,2.0,3.3,5.0,1.3,HIT
2026-06-20,WSH@NY,Sabrina Ionescu,bench,reb,OVER,1.0,1.2,3.0,0.2,HIT
2026-06-20,WSH@NY,Sabrina Ionescu,bench,ast,OVER,0.0,0.7,3.0,0.7,HIT
2026-06-20,WSH@NY,Sabrina Ionescu,bench,stl,OVER,0.0,0.2,0.0,0.2,MISS
2026-06-20,WSH@NY,Sabrina Ionescu,bench,blk,OVER,0.0,0.1,0.0,0.1,MISS
2026-06-20,WSH@NY,Marine Johannes,bench,pts,OVER,2.0,3.3,8.0,1.3,HIT
2026-06-20,WSH@NY,Marine Johannes,bench,reb,OVER,1.0,1.2,4.0,0.2,HIT
2026-06-20,WSH@NY,Marine Johannes,bench,ast,OVER,0.0,0.7,2.0,0.7,HIT
2026-06-20,WSH@NY,Marine Johannes,bench,stl,OVER,0.0,0.2,0.0,0.2,MISS
2026-06-20,WSH@NY,Marine Johannes,bench,blk,OVER,0.0,0.1,0.0,0.1,MISS
2026-06-20,WSH@NY,Jonquel Jones,bench,pts,OVER,2.0,3.3,20.0,1.3,HIT
2026-06-20,WSH@NY,Jonquel Jones,bench,reb,OVER,1.0,1.2,4.0,0.2,HIT
2026-06-20,WSH@NY,Jonquel Jones,bench,ast,OVER,0.0,0.7,1.0,0.7,HIT
2026-06-20,WSH@NY,Jonquel Jones,bench,stl,OVER,0.0,0.2,3.0,0.2,HIT
2026-06-20,WSH@NY,Jonquel Jones,bench,blk,OVER,0.0,0.1,2.0,0.1,HIT
2026-06-20,WSH@NY,Satou Sabally,bench,pts,OVER,2.0,3.3,7.0,1.3,HIT
2026-06-20,WSH@NY,Satou Sabally,bench,reb,OVER,1.0,1.2,2.0,0.2,HIT
2026-06-20,WSH@NY,Satou Sabally,bench,ast,OVER,0.0,0.7,6.0,0.7,HIT
2026-06-20,WSH@NY,Satou Sabally,bench,stl,OVER,0.0,0.2,0.0,0.2,MISS
2026-06-20,WSH@NY,Satou Sabally,bench,blk,OVER,0.0,0.1,0.0,0.1,MISS
2026-06-20,WSH@NY,Breanna Stewart,bench,pts,OVER,2.0,3.3,14.0,1.3,HIT
2026-06-20,WSH@NY,Breanna Stewart,bench,reb,OVER,1.0,1.2,12.0,0.2,HIT
2026-06-20,WSH@NY,Breanna Stewart,bench,ast,OVER,0.0,0.7,1.0,0.7,HIT
2026-06-20,WSH@NY,Breanna Stewart,bench,stl,OVER,0.0,0.2,0.0,0.2,MISS
2026-06-20,WSH@NY,Breanna Stewart,bench,blk,OVER,0.0,0.1,7.0,0.1,HIT
2026-06-20,WSH@NY,Han Xu,bench,pts,OVER,2.0,3.3,6.0,1.3,HIT
2026-06-20,WSH@NY,Han Xu,bench,reb,OVER,1.0,1.2,0.0,0.2,MISS
2026-06-20,WSH@NY,Han Xu,bench,ast,OVER,0.0,0.7,0.0,0.7,MISS
2026-06-20,WSH@NY,Han Xu,bench,stl,OVER,0.0,0.2,1.0,0.2,HIT
2026-06-20,WSH@NY,Han Xu,bench,blk,OVER,0.0,0.1,0.0,0.1,MISS
2026-06-18,DAL@GS,Arike Ogunbowale,starters,pts,OVER,9.0,11.0,21.0,2.0,HIT
2026-06-18,DAL@GS,Arike Ogunbowale,starters,reb,OVER,2.0,2.5,2.0,0.5,MISS
2026-06-18,DAL@GS,Arike Ogunbowale,starters,ast,OVER,2.0,2.3,3.0,0.3,HIT
2026-06-18,DAL@GS,Arike Ogunbowale,starters,stl,OVER,0.0,0.9,1.0,0.9,HIT
2026-06-18,DAL@GS,Arike Ogunbowale,starters,blk,OVER,0.0,0.2,0.0,0.2,MISS
2026-06-18,DAL@GS,Paige Bueckers,starters,pts,OVER,9.0,10.9,15.0,1.9,HIT
2026-06-18,DAL@GS,Paige Bueckers,starters,reb,OVER,2.0,2.8,3.0,0.8,HIT
2026-06-18,DAL@GS,Paige Bueckers,starters,ast,OVER,2.0,3.0,8.0,1.0,HIT
2026-06-18,DAL@GS,Paige Bueckers,starters,stl,OVER,0.0,0.8,1.0,0.8,HIT
2026-06-18,DAL@GS,Paige Bueckers,starters,blk,OVER,0.0,0.3,1.0,0.3,HIT
2026-06-18,DAL@GS,Azzi Fudd,starters,pts,OVER,7.0,8.4,10.0,1.4,HIT
2026-06-18,DAL@GS,Azzi Fudd,starters,reb,OVER,1.0,1.8,1.0,0.8,MISS
2026-06-18,DAL@GS,Azzi Fudd,starters,ast,OVER,1.0,1.3,1.0,0.3,MISS
2026-06-18,DAL@GS,Azzi Fudd,starters,stl,OVER,0.0,0.7,5.0,0.7,HIT
2026-06-18,DAL@GS,Azzi Fudd,starters,blk,OVER,0.0,0.5,1.0,0.5,HIT
2026-06-18,DAL@GS,Jessica Shepard,starters,pts,OVER,5.0,6.3,14.0,1.3,HIT
2026-06-18,DAL@GS,Jessica Shepard,starters,reb,OVER,3.0,4.0,10.0,1.0,HIT
2026-06-18,DAL@GS,Jessica Shepard,starters,ast,OVER,1.0,2.0,4.0,1.0,HIT
2026-06-18,DAL@GS,Jessica Shepard,starters,stl,OVER,0.0,0.4,0.0,0.4,MISS
2026-06-18,DAL@GS,Jessica Shepard,starters,blk,OVER,0.0,0.2,0.0,0.2,MISS
2026-06-18,DAL@GS,Sug Sutton,bench,pts,OVER,5.0,5.7,9.0,0.7,HIT
2026-06-18,DAL@GS,Sug Sutton,bench,reb,OVER,1.0,1.9,0.0,0.9,MISS
2026-06-18,DAL@GS,Sug Sutton,bench,ast,OVER,1.0,2.2,2.0,1.2,HIT
2026-06-18,DAL@GS,Sug Sutton,bench,stl,OVER,0.0,0.5,0.0,0.5,MISS
2026-06-18,DAL@GS,Sug Sutton,bench,blk,OVER,0.0,0.2,0.0,0.2,MISS
2026-06-18,DAL@GS,Alanna Smith,bench,pts,OVER,5.0,6.1,5.0,1.1,MISS
2026-06-18,DAL@GS,Alanna Smith,bench,reb,OVER,2.0,3.0,3.0,1.0,HIT
2026-06-18,DAL@GS,Alanna Smith,bench,ast,OVER,1.0,1.5,0.0,0.5,MISS
2026-06-18,DAL@GS,Alanna Smith,bench,stl,OVER,0.0,0.6,0.0,0.6,MISS
2026-06-18,DAL@GS,Alanna Smith,bench,blk,OVER,0.0,0.6,1.0,0.6,HIT
2026-06-18,DAL@GS,Maddy Siegrist,bench,pts,OVER,5.0,6.3,1.0,1.3,MISS
2026-06-18,DAL@GS,Maddy Siegrist,bench,reb,OVER,2.0,2.4,2.0,0.4,MISS
2026-06-18,DAL@GS,Maddy Siegrist,bench,ast,OVER,0.0,1.0,0.0,1.0,MISS
2026-06-18,DAL@GS,Maddy Siegrist,bench,stl,OVER,0.0,0.4,0.0,0.4,MISS
2026-06-18,DAL@GS,Maddy Siegrist,bench,blk,OVER,0.0,0.3,0.0,0.3,MISS
2026-06-18,DAL@GS,Aziaha James,bench,pts,OVER,5.0,6.3,2.0,1.3,MISS
2026-06-18,DAL@GS,Aziaha James,bench,reb,OVER,2.0,2.4,2.0,0.4,MISS
2026-06-18,DAL@GS,Aziaha James,bench,ast,OVER,1.0,1.3,0.0,0.3,MISS
2026-06-18,DAL@GS,Aziaha James,bench,stl,OVER,0.0,0.6,2.0,0.6,HIT
2026-06-18,DAL@GS,Aziaha James,bench,blk,OVER,0.0,0.2,0.0,0.2,MISS
2026-06-18,DAL@GS,Awak Kuier,bench,pts,OVER,3.0,4.5,3.0,1.5,MISS
2026-06-18,DAL@GS,Awak Kuier,bench,reb,OVER,2.0,2.3,2.0,0.3,MISS
2026-06-18,DAL@GS,Awak Kuier,bench,ast,OVER,0.0,1.0,1.0,1.0,HIT
2026-06-18,DAL@GS,Awak Kuier,bench,stl,OVER,0.0,0.4,1.0,0.4,HIT
2026-06-18,DAL@GS,Awak Kuier,bench,blk,OVER,0.0,0.4,0.0,0.4,MISS
2026-06-18,DAL@GS,Tiffany Hayes,starters,pts,OVER,7.0,8.4,10.0,1.4,HIT
2026-06-18,DAL@GS,Tiffany Hayes,starters,reb,OVER,2.0,2.5,0.0,0.5,MISS
2026-06-18,DAL@GS,Tiffany Hayes,starters,ast,OVER,1.0,1.7,1.0,0.7,MISS
2026-06-18,DAL@GS,Tiffany Hayes,starters,stl,OVER,0.0,0.6,0.0,0.6,MISS
2026-06-18,DAL@GS,Tiffany Hayes,starters,blk,OVER,0.0,0.2,0.0,0.2,MISS
2026-06-18,DAL@GS,Janelle Salaun,starters,pts,OVER,7.0,8.0,12.0,1.0,HIT
2026-06-18,DAL@GS,Janelle Salaun,starters,reb,OVER,2.0,3.2,4.0,1.2,HIT
2026-06-18,DAL@GS,Janelle Salaun,starters,ast,OVER,1.0,1.2,1.0,0.2,MISS
2026-06-18,DAL@GS,Janelle Salaun,starters,stl,OVER,0.0,0.5,0.0,0.5,MISS
2026-06-18,DAL@GS,Janelle Salaun,starters,blk,OVER,0.0,0.2,0.0,0.2,MISS
2026-06-18,DAL@GS,Gabby Williams,starters,pts,OVER,5.0,6.8,25.0,1.8,HIT
2026-06-18,DAL@GS,Gabby Williams,starters,reb,OVER,2.0,2.8,3.0,0.8,HIT
2026-06-18,DAL@GS,Gabby Williams,starters,ast,OVER,1.0,1.9,4.0,0.9,HIT
2026-06-18,DAL@GS,Gabby Williams,starters,stl,OVER,0.0,0.9,1.0,0.9,HIT
2026-06-18,DAL@GS,Gabby Williams,starters,blk,OVER,0.0,0.3,0.0,0.3,MISS
2026-06-18,DAL@GS,Kayla Thornton,starters,pts,OVER,5.0,6.3,8.0,1.3,HIT
2026-06-18,DAL@GS,Kayla Thornton,starters,reb,OVER,2.0,3.0,11.0,1.0,HIT
2026-06-18,DAL@GS,Kayla Thornton,starters,ast,OVER,1.0,1.2,2.0,0.2,HIT
2026-06-18,DAL@GS,Kayla Thornton,starters,stl,OVER,0.0,0.6,0.0,0.6,MISS
2026-06-18,DAL@GS,Kayla Thornton,starters,blk,OVER,0.0,0.3,1.0,0.3,HIT
2026-06-18,DAL@GS,Veronica Burton,starters,pts,OVER,5.0,5.7,11.0,0.7,HIT
2026-06-18,DAL@GS,Veronica Burton,starters,reb,OVER,1.0,2.2,8.0,1.2,HIT
2026-06-18,DAL@GS,Veronica Burton,starters,ast,OVER,1.0,2.1,5.0,1.1,HIT
2026-06-18,DAL@GS,Veronica Burton,starters,stl,OVER,0.0,0.6,2.0,0.6,HIT
2026-06-18,DAL@GS,Veronica Burton,starters,blk,OVER,0.0,0.3,1.0,0.3,HIT
2026-06-18,DAL@GS,Kiah Stokes,bench,pts,OVER,4.0,4.6,2.0,0.6,MISS
2026-06-18,DAL@GS,Kiah Stokes,bench,reb,OVER,2.0,3.4,7.0,1.4,HIT
2026-06-18,DAL@GS,Kiah Stokes,bench,ast,OVER,0.0,1.0,0.0,1.0,MISS
2026-06-18,DAL@GS,Kiah Stokes,bench,stl,OVER,0.0,0.4,0.0,0.4,MISS
2026-06-18,DAL@GS,Kiah Stokes,bench,blk,OVER,0.0,0.5,1.0,0.5,HIT
2026-06-18,DAL@GS,Kaila Charles,bench,pts,OVER,4.0,5.4,6.0,1.4,HIT
2026-06-18,DAL@GS,Kaila Charles,bench,reb,OVER,2.0,2.6,5.0,0.6,HIT
2026-06-18,DAL@GS,Kaila Charles,bench,ast,OVER,0.0,1.1,2.0,1.1,HIT
2026-06-18,DAL@GS,Kaila Charles,bench,stl,OVER,0.0,0.5,0.0,0.5,MISS
2026-06-18,DAL@GS,Kaila Charles,bench,blk,OVER,0.0,0.3,0.0,0.3,MISS
2026-06-18,DAL@GS,Cecilia Zandalasini,bench,pts,OVER,5.0,5.7,2.0,0.7,MISS
2026-06-18,DAL@GS,Cecilia Zandalasini,bench,reb,OVER,1.0,1.9,1.0,0.9,MISS
2026-06-18,DAL@GS,Cecilia Zandalasini,bench,ast,OVER,1.0,1.2,2.0,0.2,HIT
2026-06-18,DAL@GS,Cecilia Zandalasini,bench,stl,OVER,0.0,0.4,0.0,0.4,MISS
2026-06-18,DAL@GS,Cecilia Zandalasini,bench,blk,OVER,0.0,0.2,0.0,0.2,MISS
2026-06-18,DAL@GS,Kaitlyn Chen,bench,pts,OVER,4.0,4.6,15.0,0.6,HIT
2026-06-18,DAL@GS,Kaitlyn Chen,bench,reb,OVER,1.0,1.7,2.0,0.7,HIT
2026-06-18,DAL@GS,Kaitlyn Chen,bench,ast,OVER,1.0,1.2,2.0,0.2,HIT
2026-06-18,DAL@GS,Kaitlyn Chen,bench,stl,OVER,0.0,0.3,1.0,0.3,HIT
2026-06-18,DAL@GS,Kaitlyn Chen,bench,blk,OVER,0.0,0.1,0.0,0.1,MISS
2026-06-18,DAL@GS,Laeticia Amihere,bench,pts,OVER,4.0,4.7,0.0,0.7,MISS
2026-06-18,DAL@GS,Laeticia Amihere,bench,reb,OVER,2.0,2.3,0.0,0.3,MISS
2026-06-18,DAL@GS,Laeticia Amihere,bench,ast,OVER,0.0,1.0,1.0,1.0,HIT
2026-06-18,DAL@GS,Laeticia Amihere,bench,stl,OVER,0.0,0.4,0.0,0.4,MISS
2026-06-18,DAL@GS,Laeticia Amihere,bench,blk,OVER,0.0,0.3,0.0,0.3,MISS
2026-06-18,MIN@LA,Olivia Miles,starters,pts,OVER,9.0,10.4,31.0,1.4,HIT
2026-06-18,MIN@LA,Olivia Miles,starters,reb,OVER,2.0,3.2,4.0,1.2,HIT
2026-06-18,MIN@LA,Olivia Miles,starters,ast,OVER,2.0,3.1,4.0,1.1,HIT
2026-06-18,MIN@LA,Olivia Miles,starters,stl,OVER,0.0,0.9,0.0,0.9,MISS
2026-06-18,MIN@LA,Olivia Miles,starters,blk,OVER,0.0,0.4,0.0,0.4,MISS
2026-06-18,MIN@LA,Kayla McBride,starters,pts,OVER,7.0,9.0,14.0,2.0,HIT
2026-06-18,MIN@LA,Kayla McBride,starters,reb,OVER,2.0,2.5,4.0,0.5,HIT
2026-06-18,MIN@LA,Kayla McBride,starters,ast,OVER,1.0,1.8,0.0,0.8,MISS
2026-06-18,MIN@LA,Kayla McBride,starters,stl,OVER,0.0,0.7,3.0,0.7,HIT
2026-06-18,MIN@LA,Kayla McBride,starters,blk,OVER,0.0,0.2,0.0,0.2,MISS
2026-06-18,MIN@LA,Courtney Williams,starters,pts,OVER,7.0,8.2,13.0,1.2,HIT
2026-06-18,MIN@LA,Courtney Williams,starters,reb,OVER,2.0,3.4,1.0,1.4,MISS
2026-06-18,MIN@LA,Courtney Williams,starters,ast,OVER,2.0,2.4,5.0,0.4,HIT
2026-06-18,MIN@LA,Courtney Williams,starters,stl,OVER,0.0,0.6,0.0,0.6,MISS
2026-06-18,MIN@LA,Courtney Williams,starters,blk,OVER,0.0,0.3,0.0,0.3,MISS
2026-06-18,MIN@LA,Natasha Howard,starters,pts,OVER,6.0,7.9,15.0,1.9,HIT
2026-06-18,MIN@LA,Natasha Howard,starters,reb,OVER,3.0,3.6,9.0,0.6,HIT
2026-06-18,MIN@LA,Natasha Howard,starters,ast,OVER,1.0,1.3,2.0,0.3,HIT
2026-06-18,MIN@LA,Natasha Howard,starters,stl,OVER,0.0,0.7,1.0,0.7,HIT
2026-06-18,MIN@LA,Natasha Howard,starters,blk,OVER,0.0,0.5,1.0,0.5,HIT
2026-06-18,MIN@LA,Teaira McCowan,starters,pts,OVER,6.0,7.4,2.0,1.4,MISS
2026-06-18,MIN@LA,Teaira McCowan,starters,reb,OVER,3.0,4.4,1.0,1.4,MISS
2026-06-18,MIN@LA,Teaira McCowan,starters,ast,OVER,0.0,1.1,0.0,1.1,MISS
2026-06-18,MIN@LA,Teaira McCowan,starters,stl,OVER,0.0,0.4,0.0,0.4,MISS
2026-06-18,MIN@LA,Teaira McCowan,starters,blk,OVER,0.0,0.5,0.0,0.5,MISS
2026-06-18,MIN@LA,Nia Coffey,bench,pts,OVER,4.0,5.3,7.0,1.3,HIT
2026-06-18,MIN@LA,Nia Coffey,bench,reb,OVER,2.0,2.5,6.0,0.5,HIT
2026-06-18,MIN@LA,Nia Coffey,bench,ast,OVER,0.0,1.1,2.0,1.1,HIT
2026-06-18,MIN@LA,Nia Coffey,bench,stl,OVER,0.0,0.4,5.0,0.4,HIT
2026-06-18,MIN@LA,Nia Coffey,bench,blk,OVER,0.0,0.4,1.0,0.4,HIT
2026-06-18,MIN@LA,Maya Caldwell,bench,pts,OVER,4.0,5.2,7.0,1.2,HIT
2026-06-18,MIN@LA,Maya Caldwell,bench,reb,OVER,1.0,2.1,7.0,1.1,HIT
2026-06-18,MIN@LA,Maya Caldwell,bench,ast,OVER,1.0,1.3,3.0,0.3,HIT
2026-06-18,MIN@LA,Maya Caldwell,bench,stl,OVER,0.0,0.5,2.0,0.5,HIT
2026-06-18,MIN@LA,Maya Caldwell,bench,blk,OVER,0.0,0.2,1.0,0.2,HIT
2026-06-18,MIN@LA,Antonia Delaere,bench,pts,OVER,3.0,4.4,6.0,1.4,HIT
2026-06-18,MIN@LA,Antonia Delaere,bench,reb,OVER,1.0,1.6,0.0,0.6,MISS
2026-06-18,MIN@LA,Antonia Delaere,bench,ast,OVER,1.0,1.5,1.0,0.5,MISS
2026-06-18,MIN@LA,Antonia Delaere,bench,stl,OVER,0.0,0.5,0.0,0.5,MISS
2026-06-18,MIN@LA,Antonia Delaere,bench,blk,OVER,0.0,0.1,0.0,0.1,MISS
2026-06-18,MIN@LA,Anastasiia Olairi Kosu,bench,pts,OVER,3.0,4.4,4.0,1.4,HIT
2026-06-18,MIN@LA,Anastasiia Olairi Kosu,bench,reb,OVER,1.0,1.8,2.0,0.8,HIT
2026-06-18,MIN@LA,Anastasiia Olairi Kosu,bench,ast,OVER,0.0,0.9,1.0,0.9,HIT
2026-06-18,MIN@LA,Anastasiia Olairi Kosu,bench,stl,OVER,0.0,0.4,0.0,0.4,MISS
2026-06-18,MIN@LA,Anastasiia Olairi Kosu,bench,blk,OVER,0.0,0.3,0.0,0.3,MISS
2026-06-18,MIN@LA,Eliska Hamzova,bench,pts,OVER,3.0,4.3,0.0,1.3,MISS
2026-06-18,MIN@LA,Eliska Hamzova,bench,reb,OVER,1.0,2.0,0.0,1.0,MISS
2026-06-18,MIN@LA,Eliska Hamzova,bench,ast,OVER,0.0,1.1,3.0,1.1,HIT
2026-06-18,MIN@LA,Eliska Hamzova,bench,stl,OVER,0.0,0.2,0.0,0.2,MISS
2026-06-18,MIN@LA,Eliska Hamzova,bench,blk,OVER,0.0,0.1,0.0,0.1,MISS
2026-06-18,MIN@LA,Nneka Ogwumike,starters,pts,OVER,8.0,9.9,10.0,1.9,HIT
2026-06-18,MIN@LA,Nneka Ogwumike,starters,reb,OVER,3.0,4.3,8.0,1.3,HIT
2026-06-18,MIN@LA,Nneka Ogwumike,starters,ast,OVER,1.0,1.6,1.0,0.6,MISS
2026-06-18,MIN@LA,Nneka Ogwumike,starters,stl,OVER,0.0,0.9,1.0,0.9,HIT
2026-06-18,MIN@LA,Nneka Ogwumike,starters,blk,OVER,0.0,0.4,0.0,0.4,MISS
2026-06-18,MIN@LA,Ariel Atkins,starters,pts,OVER,7.0,8.5,4.0,1.5,MISS
2026-06-18,MIN@LA,Ariel Atkins,starters,reb,OVER,2.0,2.4,1.0,0.4,MISS
2026-06-18,MIN@LA,Ariel Atkins,starters,ast,OVER,1.0,1.8,3.0,0.8,HIT
2026-06-18,MIN@LA,Ariel Atkins,starters,stl,OVER,0.0,0.9,2.0,0.9,HIT
2026-06-18,MIN@LA,Ariel Atkins,starters,blk,OVER,0.0,0.3,0.0,0.3,MISS
2026-06-18,MIN@LA,Dearica Hamby,starters,pts,OVER,6.0,7.8,12.0,1.8,HIT
2026-06-18,MIN@LA,Dearica Hamby,starters,reb,OVER,3.0,3.8,9.0,0.8,HIT
2026-06-18,MIN@LA,Dearica Hamby,starters,ast,OVER,1.0,1.5,2.0,0.5,HIT
2026-06-18,MIN@LA,Dearica Hamby,starters,stl,OVER,0.0,0.7,3.0,0.7,HIT
2026-06-18,MIN@LA,Dearica Hamby,starters,blk,OVER,0.0,0.3,1.0,0.3,HIT
2026-06-18,MIN@LA,Erica Wheeler,starters,pts,OVER,5.0,6.8,6.0,1.8,HIT
2026-06-18,MIN@LA,Erica Wheeler,starters,reb,OVER,1.0,2.2,1.0,1.2,MISS
2026-06-18,MIN@LA,Erica Wheeler,starters,ast,OVER,1.0,2.2,4.0,1.2,HIT
2026-06-18,MIN@LA,Erica Wheeler,starters,stl,OVER,0.0,0.6,1.0,0.6,HIT
2026-06-18,MIN@LA,Erica Wheeler,starters,blk,OVER,0.0,0.2,0.0,0.2,MISS
2026-06-18,MIN@LA,Rae Burrell,starters,pts,OVER,5.0,5.7,19.0,0.7,HIT
2026-06-18,MIN@LA,Rae Burrell,starters,reb,OVER,1.0,2.0,0.0,1.0,MISS
2026-06-18,MIN@LA,Rae Burrell,starters,ast,OVER,0.0,1.1,3.0,1.1,HIT
2026-06-18,MIN@LA,Rae Burrell,starters,stl,OVER,0.0,0.5,0.0,0.5,MISS
2026-06-18,MIN@LA,Rae Burrell,starters,blk,OVER,0.0,0.3,0.0,0.3,MISS
2026-06-18,MIN@LA,Kate Martin,bench,pts,OVER,4.0,5.0,0.0,1.0,MISS
2026-06-18,MIN@LA,Kate Martin,bench,reb,OVER,1.0,2.0,1.0,1.0,MISS
2026-06-18,MIN@LA,Kate Martin,bench,ast,OVER,0.0,1.1,0.0,1.1,MISS
2026-06-18,MIN@LA,Kate Martin,bench,stl,OVER,0.0,0.4,0.0,0.4,MISS
2026-06-18,MIN@LA,Kate Martin,bench,blk,OVER,0.0,0.2,0.0,0.2,MISS
2026-06-18,MIN@LA,Emma Cannon,bench,pts,OVER,4.0,5.3,5.0,1.3,HIT
2026-06-18,MIN@LA,Emma Cannon,bench,reb,OVER,2.0,2.4,1.0,0.4,MISS
2026-06-18,MIN@LA,Emma Cannon,bench,ast,OVER,0.0,0.9,1.0,0.9,HIT
2026-06-18,MIN@LA,Emma Cannon,bench,stl,OVER,0.0,0.4,0.0,0.4,MISS
2026-06-18,MIN@LA,Emma Cannon,bench,blk,OVER,0.0,0.2,0.0,0.2,MISS
2026-06-18,MIN@LA,Chance Gray,bench,pts,OVER,3.0,4.1,8.0,1.1,HIT
2026-06-18,MIN@LA,Chance Gray,bench,reb,OVER,1.0,1.8,2.0,0.8,HIT
2026-06-18,MIN@LA,Chance Gray,bench,ast,OVER,0.0,0.9,2.0,0.9,HIT
2026-06-18,MIN@LA,Chance Gray,bench,stl,OVER,0.0,0.3,0.0,0.3,MISS
2026-06-18,MIN@LA,Chance Gray,bench,blk,OVER,0.0,0.1,0.0,0.1,MISS
2026-06-18,MIN@LA,Jihyun Park,bench,pts,OVER,3.0,3.6,13.0,0.6,HIT
2026-06-18,MIN@LA,Jihyun Park,bench,reb,OVER,1.0,1.5,0.0,0.5,MISS
2026-06-18,MIN@LA,Jihyun Park,bench,ast,OVER,0.0,0.9,0.0,0.9,MISS
2026-06-18,MIN@LA,Jihyun Park,bench,stl,OVER,0.0,0.4,1.0,0.4,HIT
2026-06-18,MIN@LA,Jihyun Park,bench,blk,OVER,0.0,0.1,0.0,0.1,MISS
2026-06-18,MIN@LA,Sania Feagin,bench,pts,OVER,3.0,3.7,0.0,0.7,MISS
2026-06-18,MIN@LA,Sania Feagin,bench,reb,OVER,1.0,1.5,0.0,0.5,MISS
2026-06-18,MIN@LA,Sania Feagin,bench,ast,OVER,0.0,0.8,2.0,0.8,HIT
2026-06-18,MIN@LA,Sania Feagin,bench,stl,OVER,0.0,0.2,0.0,0.2,MISS
2026-06-18,MIN@LA,Sania Feagin,bench,blk,OVER,0.0,0.3,0.0,0.3,MISS
2026-06-18,MIN@LA,Ta'Niya Latson,bench,pts,OVER,3.0,3.9,6.0,0.9,HIT
2026-06-18,MIN@LA,Ta'Niya Latson,bench,reb,OVER,1.0,1.5,3.0,0.5,HIT
2026-06-18,MIN@LA,Ta'Niya Latson,bench,ast,OVER,0.0,0.8,2.0,0.8,HIT
2026-06-18,MIN@LA,Ta'Niya Latson,bench,stl,OVER,0.0,0.2,0.0,0.2,MISS
2026-06-18,MIN@LA,Ta'Niya Latson,bench,blk,OVER,0.0,0.1,0.0,0.1,MISS
2026-06-18,SEA@POR,Awa Fam,starters,pts,OVER,6.0,7.2,18.0,1.2,HIT
2026-06-18,SEA@POR,Awa Fam,starters,reb,OVER,2.0,3.2,5.0,1.2,HIT
2026-06-18,SEA@POR,Awa Fam,starters,ast,OVER,1.0,1.3,1.0,0.3,MISS
2026-06-18,SEA@POR,Awa Fam,starters,stl,OVER,0.0,0.5,0.0,0.5,MISS
2026-06-18,SEA@POR,Awa Fam,starters,blk,OVER,0.0,0.4,0.0,0.4,MISS
2026-06-18,SEA@POR,Flau'jae Johnson,starters,pts,OVER,6.0,7.8,8.0,1.8,HIT
2026-06-18,SEA@POR,Flau'jae Johnson,starters,reb,OVER,2.0,3.4,2.0,1.4,MISS
2026-06-18,SEA@POR,Flau'jae Johnson,starters,ast,OVER,1.0,1.8,1.0,0.8,MISS
2026-06-18,SEA@POR,Flau'jae Johnson,starters,stl,OVER,0.0,0.6,1.0,0.6,HIT
2026-06-18,SEA@POR,Flau'jae Johnson,starters,blk,OVER,0.0,0.5,0.0,0.5,MISS
2026-06-18,SEA@POR,Stefanie Dolson,starters,pts,OVER,5.0,6.5,0.0,1.5,MISS
2026-06-18,SEA@POR,Stefanie Dolson,starters,reb,OVER,2.0,3.0,2.0,1.0,MISS
2026-06-18,SEA@POR,Stefanie Dolson,starters,ast,OVER,1.0,1.5,0.0,0.5,MISS
2026-06-18,SEA@POR,Stefanie Dolson,starters,stl,OVER,0.0,0.4,0.0,0.4,MISS
2026-06-18,SEA@POR,Stefanie Dolson,starters,blk,OVER,0.0,0.4,0.0,0.4,MISS
2026-06-18,SEA@POR,Natisha Hiedeman,starters,pts,OVER,5.0,6.4,19.0,1.4,HIT
2026-06-18,SEA@POR,Natisha Hiedeman,starters,reb,OVER,1.0,2.0,4.0,1.0,HIT
2026-06-18,SEA@POR,Natisha Hiedeman,starters,ast,OVER,1.0,1.8,6.0,0.8,HIT
2026-06-18,SEA@POR,Natisha Hiedeman,starters,stl,OVER,0.0,0.6,1.0,0.6,HIT
2026-06-18,SEA@POR,Natisha Hiedeman,starters,blk,OVER,0.0,0.2,0.0,0.2,MISS
2026-06-18,SEA@POR,Katie Lou Samuelson,starters,pts,OVER,4.0,5.6,0.0,1.6,MISS
2026-06-18,SEA@POR,Katie Lou Samuelson,starters,reb,OVER,1.0,2.2,1.0,1.2,MISS
2026-06-18,SEA@POR,Katie Lou Samuelson,starters,ast,OVER,1.0,1.3,1.0,0.3,MISS
2026-06-18,SEA@POR,Katie Lou Samuelson,starters,stl,OVER,0.0,0.5,1.0,0.5,HIT
2026-06-18,SEA@POR,Katie Lou Samuelson,starters,blk,OVER,0.0,0.2,0.0,0.2,MISS
2026-06-18,SEA@POR,Jade Melbourne,bench,pts,OVER,4.0,5.4,6.0,1.4,HIT
2026-06-18,SEA@POR,Jade Melbourne,bench,reb,OVER,1.0,1.9,2.0,0.9,HIT
2026-06-18,SEA@POR,Jade Melbourne,bench,ast,OVER,1.0,1.6,8.0,0.6,HIT
2026-06-18,SEA@POR,Jade Melbourne,bench,stl,OVER,0.0,0.5,0.0,0.5,MISS
2026-06-18,SEA@POR,Jade Melbourne,bench,blk,OVER,0.0,0.2,0.0,0.2,MISS
2026-06-18,SEA@POR,Dominique Malonga,bench,pts,OVER,5.0,6.7,28.0,1.7,HIT
2026-06-18,SEA@POR,Dominique Malonga,bench,reb,OVER,2.0,3.2,11.0,1.2,HIT
2026-06-18,SEA@POR,Dominique Malonga,bench,ast,OVER,0.0,1.1,3.0,1.1,HIT
2026-06-18,SEA@POR,Dominique Malonga,bench,stl,OVER,0.0,0.4,2.0,0.4,HIT
2026-06-18,SEA@POR,Dominique Malonga,bench,blk,OVER,0.0,0.4,3.0,0.4,HIT
2026-06-18,SEA@POR,Zia Cooke,bench,pts,OVER,4.0,5.1,7.0,1.1,HIT
2026-06-18,SEA@POR,Zia Cooke,bench,reb,OVER,1.0,1.6,3.0,0.6,HIT
2026-06-18,SEA@POR,Zia Cooke,bench,ast,OVER,0.0,1.0,2.0,1.0,HIT
2026-06-18,SEA@POR,Zia Cooke,bench,stl,OVER,0.0,0.4,0.0,0.4,MISS
2026-06-18,SEA@POR,Zia Cooke,bench,blk,OVER,0.0,0.2,0.0,0.2,MISS
2026-06-18,SEA@POR,Mackenzie Holmes,bench,pts,OVER,3.0,4.4,3.0,1.4,MISS
2026-06-18,SEA@POR,Mackenzie Holmes,bench,reb,OVER,2.0,2.4,0.0,0.4,MISS
2026-06-18,SEA@POR,Mackenzie Holmes,bench,ast,OVER,0.0,1.0,0.0,1.0,MISS
2026-06-18,SEA@POR,Mackenzie Holmes,bench,stl,OVER,0.0,0.5,0.0,0.5,MISS
2026-06-18,SEA@POR,Mackenzie Holmes,bench,blk,OVER,0.0,0.3,0.0,0.3,MISS
2026-06-18,SEA@POR,Taylor Thierry,bench,pts,OVER,3.0,3.5,0.0,0.5,MISS
2026-06-18,SEA@POR,Taylor Thierry,bench,reb,OVER,1.0,1.4,1.0,0.4,MISS
2026-06-18,SEA@POR,Taylor Thierry,bench,ast,OVER,0.0,0.8,0.0,0.8,MISS
2026-06-18,SEA@POR,Taylor Thierry,bench,stl,OVER,0.0,0.3,0.0,0.3,MISS
2026-06-18,SEA@POR,Taylor Thierry,bench,blk,OVER,0.0,0.1,0.0,0.1,MISS
2026-06-18,SEA@POR,Bridget Carleton,starters,pts,OVER,5.0,5.7,24.0,0.7,HIT
2026-06-18,SEA@POR,Bridget Carleton,starters,reb,OVER,2.0,2.4,4.0,0.4,HIT
2026-06-18,SEA@POR,Bridget Carleton,starters,ast,OVER,1.0,1.4,1.0,0.4,MISS
2026-06-18,SEA@POR,Bridget Carleton,starters,stl,OVER,0.0,0.5,3.0,0.5,HIT
2026-06-18,SEA@POR,Bridget Carleton,starters,blk,OVER,0.0,0.2,2.0,0.2,HIT
2026-06-18,SEA@POR,Carla Leite,starters,pts,OVER,5.0,6.8,20.0,1.8,HIT
2026-06-18,SEA@POR,Carla Leite,starters,reb,OVER,1.0,1.8,4.0,0.8,HIT
2026-06-18,SEA@POR,Carla Leite,starters,ast,OVER,1.0,1.9,10.0,0.9,HIT
2026-06-18,SEA@POR,Carla Leite,starters,stl,OVER,0.0,0.5,1.0,0.5,HIT
2026-06-18,SEA@POR,Carla Leite,starters,blk,OVER,0.0,0.2,0.0,0.2,MISS
2026-06-18,SEA@POR,Karlie Samuelson,starters,pts,OVER,4.0,5.3,10.0,1.3,HIT
2026-06-18,SEA@POR,Karlie Samuelson,starters,reb,OVER,1.0,2.0,1.0,1.0,MISS
2026-06-18,SEA@POR,Karlie Samuelson,starters,ast,OVER,1.0,1.3,0.0,0.3,MISS
2026-06-18,SEA@POR,Karlie Samuelson,starters,stl,OVER,0.0,0.5,1.0,0.5,HIT
2026-06-18,SEA@POR,Karlie Samuelson,starters,blk,OVER,0.0,0.2,0.0,0.2,MISS
2026-06-18,SEA@POR,Nyadiew Puoch,starters,pts,OVER,4.0,4.6,2.0,0.6,MISS
2026-06-18,SEA@POR,Nyadiew Puoch,starters,reb,OVER,1.0,2.0,1.0,1.0,MISS
2026-06-18,SEA@POR,Nyadiew Puoch,starters,ast,OVER,0.0,1.1,1.0,1.1,HIT
2026-06-18,SEA@POR,Nyadiew Puoch,starters,stl,OVER,0.0,0.5,1.0,0.5,HIT
2026-06-18,SEA@POR,Nyadiew Puoch,starters,blk,OVER,0.0,0.2,0.0,0.2,MISS
2026-06-18,SEA@POR,Sarah Ashlee Barker,bench,pts,OVER,4.0,5.4,12.0,1.4,HIT
2026-06-18,SEA@POR,Sarah Ashlee Barker,bench,reb,OVER,2.0,2.3,6.0,0.3,HIT
2026-06-18,SEA@POR,Sarah Ashlee Barker,bench,ast,OVER,1.0,1.3,0.0,0.3,MISS
2026-06-18,SEA@POR,Sarah Ashlee Barker,bench,stl,OVER,0.0,0.4,0.0,0.4,MISS
2026-06-18,SEA@POR,Sarah Ashlee Barker,bench,blk,OVER,0.0,0.2,1.0,0.2,HIT
2026-06-18,SEA@POR,Emily Engstler,bench,pts,OVER,4.0,5.3,9.0,1.3,HIT
2026-06-18,SEA@POR,Emily Engstler,bench,reb,OVER,2.0,2.8,6.0,0.8,HIT
2026-06-18,SEA@POR,Emily Engstler,bench,ast,OVER,1.0,1.3,5.0,0.3,HIT
2026-06-18,SEA@POR,Emily Engstler,bench,stl,OVER,0.0,0.5,1.0,0.5,HIT
2026-06-18,SEA@POR,Emily Engstler,bench,blk,OVER,0.0,0.5,2.0,0.5,HIT
2026-06-18,SEA@POR,Teja Oblak,bench,pts,OVER,5.0,5.9,5.0,0.9,MISS
2026-06-18,SEA@POR,Teja Oblak,bench,reb,OVER,1.0,2.0,0.0,1.0,MISS
2026-06-18,SEA@POR,Teja Oblak,bench,ast,OVER,2.0,2.3,2.0,0.3,MISS
2026-06-18,SEA@POR,Teja Oblak,bench,stl,OVER,0.0,0.5,0.0,0.5,MISS
2026-06-18,SEA@POR,Teja Oblak,bench,blk,OVER,0.0,0.1,0.0,0.1,MISS
2026-06-18,SEA@POR,Frieda Buhner,bench,pts,OVER,4.0,5.3,3.0,1.3,MISS
2026-06-18,SEA@POR,Frieda Buhner,bench,reb,OVER,1.0,1.8,2.0,0.8,HIT
2026-06-18,SEA@POR,Frieda Buhner,bench,ast,OVER,0.0,0.9,1.0,0.9,HIT
2026-06-18,SEA@POR,Frieda Buhner,bench,stl,OVER,0.0,0.3,0.0,0.3,MISS
2026-06-18,SEA@POR,Frieda Buhner,bench,blk,OVER,0.0,0.1,0.0,0.1,MISS
2026-06-18,SEA@POR,Megan Gustafson,bench,pts,OVER,4.0,5.2,8.0,1.2,HIT
2026-06-18,SEA@POR,Megan Gustafson,bench,reb,OVER,2.0,2.3,4.0,0.3,HIT
2026-06-18,SEA@POR,Megan Gustafson,bench,ast,OVER,0.0,0.9,0.0,0.9,MISS
2026-06-18,SEA@POR,Megan Gustafson,bench,stl,OVER,0.0,0.3,0.0,0.3,MISS
2026-06-18,SEA@POR,Megan Gustafson,bench,blk,OVER,0.0,0.2,2.0,0.2,HIT
2026-06-18,SEA@POR,Serah Williams,bench,pts,OVER,3.0,4.5,1.0,1.5,MISS
2026-06-18,SEA@POR,Serah Williams,bench,reb,OVER,1.0,2.2,4.0,1.2,HIT
2026-06-18,SEA@POR,Serah Williams,bench,ast,OVER,0.0,0.9,0.0,0.9,MISS
2026-06-18,SEA@POR,Serah Williams,bench,stl,OVER,0.0,0.4,0.0,0.4,MISS
2026-06-18,SEA@POR,Serah Williams,bench,blk,OVER,0.0,0.3,0.0,0.3,MISS
2026-06-18,WSH@CON,Sonia Citron,starters,pts,OVER,8.0,9.3,26.0,1.3,HIT
2026-06-18,WSH@CON,Sonia Citron,starters,reb,OVER,2.0,2.8,11.0,0.8,HIT
2026-06-18,WSH@CON,Sonia Citron,starters,ast,OVER,1.0,1.8,4.0,0.8,HIT
2026-06-18,WSH@CON,Sonia Citron,starters,stl,OVER,0.0,0.8,0.0,0.8,MISS
2026-06-18,WSH@CON,Sonia Citron,starters,blk,OVER,0.0,0.3,1.0,0.3,HIT
2026-06-18,WSH@CON,Georgia Amoore,starters,pts,OVER,4.0,5.3,10.0,1.3,HIT
2026-06-18,WSH@CON,Georgia Amoore,starters,reb,OVER,1.0,1.7,0.0,0.7,MISS
2026-06-18,WSH@CON,Georgia Amoore,starters,ast,OVER,1.0,2.2,2.0,1.2,HIT
2026-06-18,WSH@CON,Georgia Amoore,starters,stl,OVER,0.0,0.4,0.0,0.4,MISS
2026-06-18,WSH@CON,Georgia Amoore,starters,blk,OVER,0.0,0.3,0.0,0.3,MISS
2026-06-18,WSH@CON,Michaela Onyenwere,starters,pts,OVER,5.0,6.1,22.0,1.1,HIT
2026-06-18,WSH@CON,Michaela Onyenwere,starters,reb,OVER,1.0,2.2,3.0,1.2,HIT
2026-06-18,WSH@CON,Michaela Onyenwere,starters,ast,OVER,0.0,1.1,0.0,1.1,MISS
2026-06-18,WSH@CON,Michaela Onyenwere,starters,stl,OVER,0.0,0.4,1.0,0.4,HIT
2026-06-18,WSH@CON,Michaela Onyenwere,starters,blk,OVER,0.0,0.3,0.0,0.3,MISS
2026-06-18,WSH@CON,Cotie McMahon,starters,pts,OVER,5.0,5.9,2.0,0.9,MISS
2026-06-18,WSH@CON,Cotie McMahon,starters,reb,OVER,1.0,2.2,6.0,1.2,HIT
2026-06-18,WSH@CON,Cotie McMahon,starters,ast,OVER,1.0,1.4,4.0,0.4,HIT
2026-06-18,WSH@CON,Cotie McMahon,starters,stl,OVER,0.0,0.5,0.0,0.5,MISS
2026-06-18,WSH@CON,Cotie McMahon,starters,blk,OVER,0.0,0.2,0.0,0.2,MISS
2026-06-18,WSH@CON,Lauren Betts,bench,pts,OVER,5.0,5.9,13.0,0.9,HIT
2026-06-18,WSH@CON,Lauren Betts,bench,reb,OVER,2.0,2.5,7.0,0.5,HIT
2026-06-18,WSH@CON,Lauren Betts,bench,ast,OVER,0.0,0.9,3.0,0.9,HIT
2026-06-18,WSH@CON,Lauren Betts,bench,stl,OVER,0.0,0.4,0.0,0.4,MISS
2026-06-18,WSH@CON,Lauren Betts,bench,blk,OVER,0.0,0.3,0.0,0.3,MISS
2026-06-18,WSH@CON,Angela Dugalic,bench,pts,OVER,4.0,5.4,6.0,1.4,HIT
2026-06-18,WSH@CON,Angela Dugalic,bench,reb,OVER,2.0,3.0,2.0,1.0,MISS
2026-06-18,WSH@CON,Angela Dugalic,bench,ast,OVER,0.0,1.0,3.0,1.0,HIT
2026-06-18,WSH@CON,Angela Dugalic,bench,stl,OVER,0.0,0.6,0.0,0.6,MISS
2026-06-18,WSH@CON,Angela Dugalic,bench,blk,OVER,0.0,0.3,0.0,0.3,MISS
2026-06-18,WSH@CON,Cassandre Prosper,bench,pts,OVER,4.0,4.6,3.0,0.6,MISS
2026-06-18,WSH@CON,Cassandre Prosper,bench,reb,OVER,1.0,1.8,2.0,0.8,HIT
2026-06-18,WSH@CON,Cassandre Prosper,bench,ast,OVER,0.0,1.0,0.0,1.0,MISS
2026-06-18,WSH@CON,Cassandre Prosper,bench,stl,OVER,0.0,0.4,0.0,0.4,MISS
2026-06-18,WSH@CON,Cassandre Prosper,bench,blk,OVER,0.0,0.2,0.0,0.2,MISS
2026-06-18,WSH@CON,Lucy Olsen,bench,pts,OVER,4.0,4.8,6.0,0.8,HIT
2026-06-18,WSH@CON,Lucy Olsen,bench,reb,OVER,1.0,1.7,2.0,0.7,HIT
2026-06-18,WSH@CON,Lucy Olsen,bench,ast,OVER,1.0,1.2,2.0,0.2,HIT
2026-06-18,WSH@CON,Lucy Olsen,bench,stl,OVER,0.0,0.4,1.0,0.4,HIT
2026-06-18,WSH@CON,Lucy Olsen,bench,blk,OVER,0.0,0.2,0.0,0.2,MISS
2026-06-18,WSH@CON,Brittney Griner,starters,pts,OVER,8.0,9.9,6.0,1.9,MISS
2026-06-18,WSH@CON,Brittney Griner,starters,reb,OVER,3.0,4.1,3.0,1.1,MISS
2026-06-18,WSH@CON,Brittney Griner,starters,ast,OVER,1.0,1.5,1.0,0.5,MISS
2026-06-18,WSH@CON,Brittney Griner,starters,stl,OVER,0.0,0.4,1.0,0.4,HIT
2026-06-18,WSH@CON,Brittney Griner,starters,blk,OVER,0.0,1.0,2.0,1.0,HIT
2026-06-18,WSH@CON,Leila Lacan,starters,pts,OVER,6.0,7.4,11.0,1.4,HIT
2026-06-18,WSH@CON,Leila Lacan,starters,reb,OVER,1.0,2.1,2.0,1.1,HIT
2026-06-18,WSH@CON,Leila Lacan,starters,ast,OVER,2.0,2.4,4.0,0.4,HIT
2026-06-18,WSH@CON,Leila Lacan,starters,stl,OVER,0.0,1.1,2.0,1.1,HIT
2026-06-18,WSH@CON,Leila Lacan,starters,blk,OVER,0.0,0.2,0.0,0.2,MISS
2026-06-18,WSH@CON,Saniya Rivers,starters,pts,OVER,5.0,6.7,6.0,1.7,HIT
2026-06-18,WSH@CON,Saniya Rivers,starters,reb,OVER,2.0,2.3,2.0,0.3,MISS
2026-06-18,WSH@CON,Saniya Rivers,starters,ast,OVER,1.0,2.0,1.0,1.0,MISS
2026-06-18,WSH@CON,Saniya Rivers,starters,stl,OVER,0.0,0.8,0.0,0.8,MISS
2026-06-18,WSH@CON,Saniya Rivers,starters,blk,OVER,0.0,0.5,0.0,0.5,MISS
2026-06-18,WSH@CON,Aneesah Morrow,starters,pts,OVER,5.0,6.7,11.0,1.7,HIT
2026-06-18,WSH@CON,Aneesah Morrow,starters,reb,OVER,3.0,4.3,10.0,1.3,HIT
2026-06-18,WSH@CON,Aneesah Morrow,starters,ast,OVER,0.0,1.0,2.0,1.0,HIT
2026-06-18,WSH@CON,Aneesah Morrow,starters,stl,OVER,0.0,0.6,2.0,0.6,HIT
2026-06-18,WSH@CON,Aneesah Morrow,starters,blk,OVER,0.0,0.3,0.0,0.3,MISS
2026-06-18,WSH@CON,Aaliyah Edwards,starters,pts,OVER,5.0,6.0,9.0,1.0,HIT
2026-06-18,WSH@CON,Aaliyah Edwards,starters,reb,OVER,2.0,3.0,3.0,1.0,HIT
2026-06-18,WSH@CON,Aaliyah Edwards,starters,ast,OVER,0.0,1.1,1.0,1.1,HIT
2026-06-18,WSH@CON,Aaliyah Edwards,starters,stl,OVER,0.0,0.5,0.0,0.5,MISS
2026-06-18,WSH@CON,Aaliyah Edwards,starters,blk,OVER,0.0,0.4,1.0,0.4,HIT
2026-06-18,WSH@CON,Charlisse Leger-Walker,bench,pts,OVER,5.0,5.7,10.0,0.7,HIT
2026-06-18,WSH@CON,Charlisse Leger-Walker,bench,reb,OVER,1.0,1.8,2.0,0.8,HIT
2026-06-18,WSH@CON,Charlisse Leger-Walker,bench,ast,OVER,1.0,1.8,4.0,0.8,HIT
2026-06-18,WSH@CON,Charlisse Leger-Walker,bench,stl,OVER,0.0,0.6,0.0,0.6,MISS
2026-06-18,WSH@CON,Charlisse Leger-Walker,bench,blk,OVER,0.0,0.2,0.0,0.2,MISS
2026-06-18,WSH@CON,Diamond Miller,bench,pts,OVER,5.0,6.0,7.0,1.0,HIT
2026-06-18,WSH@CON,Diamond Miller,bench,reb,OVER,1.0,2.1,0.0,1.1,MISS
2026-06-18,WSH@CON,Diamond Miller,bench,ast,OVER,1.0,1.3,0.0,0.3,MISS
2026-06-18,WSH@CON,Diamond Miller,bench,stl,OVER,0.0,0.4,2.0,0.4,HIT
2026-06-18,WSH@CON,Diamond Miller,bench,blk,OVER,0.0,0.2,0.0,0.2,MISS
2026-06-18,WSH@CON,Olivia Nelson-Ododa,bench,pts,OVER,4.0,5.4,5.0,1.4,HIT
2026-06-18,WSH@CON,Olivia Nelson-Ododa,bench,reb,OVER,2.0,2.7,0.0,0.7,MISS
2026-06-18,WSH@CON,Olivia Nelson-Ododa,bench,ast,OVER,0.0,1.0,1.0,1.0,HIT
2026-06-18,WSH@CON,Olivia Nelson-Ododa,bench,stl,OVER,0.0,0.4,1.0,0.4,HIT
2026-06-18,WSH@CON,Olivia Nelson-Ododa,bench,blk,OVER,0.0,0.4,0.0,0.4,MISS
2026-06-18,WSH@CON,Kennedy Burke,bench,pts,OVER,4.0,5.4,10.0,1.4,HIT
2026-06-18,WSH@CON,Kennedy Burke,bench,reb,OVER,1.0,2.0,0.0,1.0,MISS
2026-06-18,WSH@CON,Kennedy Burke,bench,ast,OVER,0.0,1.1,0.0,1.1,MISS
2026-06-18,WSH@CON,Kennedy Burke,bench,stl,OVER,0.0,0.5,0.0,0.5,MISS
2026-06-18,WSH@CON,Kennedy Burke,bench,blk,OVER,0.0,0.3,0.0,0.3,MISS
2026-06-18,WSH@CON,Nell Angloma,bench,pts,OVER,4.0,5.2,4.0,1.2,MISS
2026-06-18,WSH@CON,Nell Angloma,bench,reb,OVER,1.0,1.8,2.0,0.8,HIT
2026-06-18,WSH@CON,Nell Angloma,bench,ast,OVER,0.0,0.9,1.0,0.9,HIT
2026-06-18,WSH@CON,Nell Angloma,bench,stl,OVER,0.0,0.5,0.0,0.5,MISS
2026-06-18,WSH@CON,Nell Angloma,bench,blk,OVER,0.0,0.3,0.0,0.3,MISS
2026-06-18,WSH@CON,Raegan Beers,bench,pts,OVER,4.0,4.8,2.0,0.8,MISS
2026-06-18,WSH@CON,Raegan Beers,bench,reb,OVER,2.0,2.7,1.0,0.7,MISS
2026-06-18,WSH@CON,Raegan Beers,bench,ast,OVER,0.0,1.1,1.0,1.1,HIT
2026-06-18,WSH@CON,Raegan Beers,bench,stl,OVER,0.0,0.4,0.0,0.4,MISS
2026-06-18,WSH@CON,Raegan Beers,bench,blk,OVER,0.0,0.2,0.0,0.2,MISS
2026-06-18,WSH@CON,Gianna Kneepkens,bench,pts,OVER,4.0,4.6,0.0,0.6,MISS
2026-06-18,WSH@CON,Gianna Kneepkens,bench,reb,OVER,1.0,1.8,1.0,0.8,MISS
2026-06-18,WSH@CON,Gianna Kneepkens,bench,ast,OVER,0.0,1.0,0.0,1.0,MISS
2026-06-18,WSH@CON,Gianna Kneepkens,bench,stl,OVER,0.0,0.3,0.0,0.3,MISS
2026-06-18,WSH@CON,Gianna Kneepkens,bench,blk,OVER,0.0,0.1,0.0,0.1,MISS
2026-06-18,LV@PHX,A'ja Wilson,starters,pts,OVER,10.0,11.8,33.0,1.8,HIT
2026-06-18,LV@PHX,A'ja Wilson,starters,reb,OVER,4.0,5.0,10.0,1.0,HIT
2026-06-18,LV@PHX,A'ja Wilson,starters,ast,OVER,1.0,1.7,3.0,0.7,HIT
2026-06-18,LV@PHX,A'ja Wilson,starters,stl,OVER,0.0,0.8,5.0,0.8,HIT
2026-06-18,LV@PHX,A'ja Wilson,starters,blk,OVER,0.0,0.9,2.0,0.9,HIT
2026-06-18,LV@PHX,Jewell Loyd,starters,pts,OVER,8.0,9.6,0.0,1.6,MISS
2026-06-18,LV@PHX,Jewell Loyd,starters,reb,OVER,2.0,2.7,3.0,0.7,HIT
2026-06-18,LV@PHX,Jewell Loyd,starters,ast,OVER,1.0,2.0,1.0,1.0,MISS
2026-06-18,LV@PHX,Jewell Loyd,starters,stl,OVER,0.0,0.7,2.0,0.7,HIT
2026-06-18,LV@PHX,Jewell Loyd,starters,blk,OVER,0.0,0.2,0.0,0.2,MISS
2026-06-18,LV@PHX,Jackie Young,starters,pts,OVER,7.0,8.9,20.0,1.9,HIT
2026-06-18,LV@PHX,Jackie Young,starters,reb,OVER,2.0,2.9,1.0,0.9,MISS
2026-06-18,LV@PHX,Jackie Young,starters,ast,OVER,2.0,2.5,9.0,0.5,HIT
2026-06-18,LV@PHX,Jackie Young,starters,stl,OVER,0.0,0.7,5.0,0.7,HIT
2026-06-18,LV@PHX,Jackie Young,starters,blk,OVER,0.0,0.3,1.0,0.3,HIT
2026-06-18,LV@PHX,Chelsea Gray,starters,pts,OVER,7.0,8.0,5.0,1.0,MISS
2026-06-18,LV@PHX,Chelsea Gray,starters,reb,OVER,2.0,2.6,4.0,0.6,HIT
2026-06-18,LV@PHX,Chelsea Gray,starters,ast,OVER,2.0,2.8,9.0,0.8,HIT
2026-06-18,LV@PHX,Chelsea Gray,starters,stl,OVER,0.0,0.7,2.0,0.7,HIT
2026-06-18,LV@PHX,Chelsea Gray,starters,blk,OVER,0.0,0.3,0.0,0.3,MISS
2026-06-18,LV@PHX,NaLyssa Smith,starters,pts,OVER,6.0,7.8,21.0,1.8,HIT
2026-06-18,LV@PHX,NaLyssa Smith,starters,reb,OVER,3.0,4.1,5.0,1.1,HIT
2026-06-18,LV@PHX,NaLyssa Smith,starters,ast,OVER,1.0,1.2,2.0,0.2,HIT
2026-06-18,LV@PHX,NaLyssa Smith,starters,stl,OVER,0.0,0.4,1.0,0.4,HIT
2026-06-18,LV@PHX,NaLyssa Smith,starters,blk,OVER,0.0,0.4,0.0,0.4,MISS
2026-06-18,LV@PHX,Brianna Turner,bench,pts,OVER,4.0,4.9,2.0,0.9,MISS
2026-06-18,LV@PHX,Brianna Turner,bench,reb,OVER,2.0,3.4,3.0,1.4,HIT
2026-06-18,LV@PHX,Brianna Turner,bench,ast,OVER,1.0,1.2,0.0,0.2,MISS
2026-06-18,LV@PHX,Brianna Turner,bench,stl,OVER,0.0,0.5,0.0,0.5,MISS
2026-06-18,LV@PHX,Brianna Turner,bench,blk,OVER,0.0,0.5,1.0,0.5,HIT
2026-06-18,LV@PHX,Cheyenne Parker-Tyus,bench,pts,OVER,5.0,6.8,2.0,1.8,MISS
2026-06-18,LV@PHX,Cheyenne Parker-Tyus,bench,reb,OVER,2.0,3.2,1.0,1.2,MISS
2026-06-18,LV@PHX,Cheyenne Parker-Tyus,bench,ast,OVER,1.0,1.2,0.0,0.2,MISS
2026-06-18,LV@PHX,Cheyenne Parker-Tyus,bench,stl,OVER,0.0,0.5,0.0,0.5,MISS
2026-06-18,LV@PHX,Cheyenne Parker-Tyus,bench,blk,OVER,0.0,0.5,1.0,0.5,HIT
2026-06-18,LV@PHX,Stephanie Talbot,bench,pts,OVER,4.0,5.0,3.0,1.0,MISS
2026-06-18,LV@PHX,Stephanie Talbot,bench,reb,OVER,2.0,2.3,2.0,0.3,MISS
2026-06-18,LV@PHX,Stephanie Talbot,bench,ast,OVER,1.0,1.4,1.0,0.4,MISS
2026-06-18,LV@PHX,Stephanie Talbot,bench,stl,OVER,0.0,0.5,2.0,0.5,HIT
2026-06-18,LV@PHX,Stephanie Talbot,bench,blk,OVER,0.0,0.3,0.0,0.3,MISS
2026-06-18,LV@PHX,Kierstan Bell,bench,pts,OVER,3.0,4.5,0.0,1.5,MISS
2026-06-18,LV@PHX,Kierstan Bell,bench,reb,OVER,1.0,1.8,0.0,0.8,MISS
2026-06-18,LV@PHX,Kierstan Bell,bench,ast,OVER,0.0,1.0,0.0,1.0,MISS
2026-06-18,LV@PHX,Kierstan Bell,bench,stl,OVER,0.0,0.4,1.0,0.4,HIT
2026-06-18,LV@PHX,Kierstan Bell,bench,blk,OVER,0.0,0.2,1.0,0.2,HIT
2026-06-18,LV@PHX,Alyssa Thomas,starters,pts,OVER,7.0,8.3,10.0,1.3,HIT
2026-06-18,LV@PHX,Alyssa Thomas,starters,reb,OVER,3.0,4.3,5.0,1.3,HIT
2026-06-18,LV@PHX,Alyssa Thomas,starters,ast,OVER,2.0,2.8,11.0,0.8,HIT
2026-06-18,LV@PHX,Alyssa Thomas,starters,stl,OVER,0.0,0.9,0.0,0.9,MISS
2026-06-18,LV@PHX,Alyssa Thomas,starters,blk,OVER,0.0,0.3,0.0,0.3,MISS
2026-06-18,LV@PHX,DeWanna Bonner,starters,pts,OVER,7.0,9.0,10.0,2.0,HIT
2026-06-18,LV@PHX,DeWanna Bonner,starters,reb,OVER,3.0,3.6,3.0,0.6,MISS
2026-06-18,LV@PHX,DeWanna Bonner,starters,ast,OVER,1.0,1.6,1.0,0.6,MISS
2026-06-18,LV@PHX,DeWanna Bonner,starters,stl,OVER,0.0,0.7,2.0,0.7,HIT
2026-06-18,LV@PHX,DeWanna Bonner,starters,blk,OVER,0.0,0.4,0.0,0.4,MISS
2026-06-18,LV@PHX,Kahleah Copper,starters,pts,OVER,7.0,8.5,26.0,1.5,HIT
2026-06-18,LV@PHX,Kahleah Copper,starters,reb,OVER,2.0,2.7,4.0,0.7,HIT
2026-06-18,LV@PHX,Kahleah Copper,starters,ast,OVER,1.0,1.3,3.0,0.3,HIT
2026-06-18,LV@PHX,Kahleah Copper,starters,stl,OVER,0.0,0.5,0.0,0.5,MISS
2026-06-18,LV@PHX,Kahleah Copper,starters,blk,OVER,0.0,0.2,0.0,0.2,MISS
2026-06-18,LV@PHX,Monique Akoa Makani,starters,pts,OVER,5.0,6.5,4.0,1.5,MISS
2026-06-18,LV@PHX,Monique Akoa Makani,starters,reb,OVER,1.0,2.2,3.0,1.2,HIT
2026-06-18,LV@PHX,Monique Akoa Makani,starters,ast,OVER,1.0,1.9,1.0,0.9,MISS
2026-06-18,LV@PHX,Monique Akoa Makani,starters,stl,OVER,0.0,0.6,1.0,0.6,HIT
2026-06-18,LV@PHX,Monique Akoa Makani,starters,blk,OVER,0.0,0.2,0.0,0.2,MISS
2026-06-18,LV@PHX,Jovana Nogic,starters,pts,OVER,6.0,7.4,12.0,1.4,HIT
2026-06-18,LV@PHX,Jovana Nogic,starters,reb,OVER,1.0,1.7,0.0,0.7,MISS
2026-06-18,LV@PHX,Jovana Nogic,starters,ast,OVER,1.0,1.4,0.0,0.4,MISS
2026-06-18,LV@PHX,Jovana Nogic,starters,stl,OVER,0.0,0.5,1.0,0.5,HIT
2026-06-18,LV@PHX,Jovana Nogic,starters,blk,OVER,0.0,0.1,0.0,0.1,MISS
2026-06-18,LV@PHX,Noemie Brochant,bench,pts,OVER,4.0,5.5,4.0,1.5,MISS
2026-06-18,LV@PHX,Noemie Brochant,bench,reb,OVER,1.0,2.2,3.0,1.2,HIT
2026-06-18,LV@PHX,Noemie Brochant,bench,ast,OVER,1.0,1.2,1.0,0.2,MISS
2026-06-18,LV@PHX,Noemie Brochant,bench,stl,OVER,0.0,0.6,1.0,0.6,HIT
2026-06-18,LV@PHX,Noemie Brochant,bench,blk,OVER,0.0,0.3,0.0,0.3,MISS
2026-06-18,LV@PHX,Natasha Mack,bench,pts,OVER,4.0,5.3,0.0,1.3,MISS
2026-06-18,LV@PHX,Natasha Mack,bench,reb,OVER,3.0,3.5,8.0,0.5,HIT
2026-06-18,LV@PHX,Natasha Mack,bench,ast,OVER,1.0,1.2,0.0,0.2,MISS
2026-06-18,LV@PHX,Natasha Mack,bench,stl,OVER,0.0,0.6,0.0,0.6,MISS
2026-06-18,LV@PHX,Natasha Mack,bench,blk,OVER,0.0,0.6,1.0,0.6,HIT
2026-06-18,LV@PHX,Lexi Held,bench,pts,OVER,4.0,5.2,7.0,1.2,HIT
2026-06-18,LV@PHX,Lexi Held,bench,reb,OVER,1.0,1.7,1.0,0.7,MISS
2026-06-18,LV@PHX,Lexi Held,bench,ast,OVER,1.0,1.2,0.0,0.2,MISS
2026-06-18,LV@PHX,Lexi Held,bench,stl,OVER,0.0,0.5,0.0,0.5,MISS
2026-06-18,LV@PHX,Lexi Held,bench,blk,OVER,0.0,0.2,0.0,0.2,MISS
2026-06-18,LV@PHX,Kyara Linskens,bench,pts,OVER,3.0,4.5,3.0,1.5,MISS
2026-06-18,LV@PHX,Kyara Linskens,bench,reb,OVER,1.0,2.1,2.0,1.1,HIT
2026-06-18,LV@PHX,Kyara Linskens,bench,ast,OVER,0.0,0.9,0.0,0.9,MISS
2026-06-18,LV@PHX,Kyara Linskens,bench,stl,OVER,0.0,0.5,0.0,0.5,MISS
2026-06-18,LV@PHX,Kyara Linskens,bench,blk,OVER,0.0,0.4,0.0,0.4,MISS
2026-06-18,LV@PHX,Valeriane Ayayi,bench,pts,OVER,3.0,4.3,0.0,1.3,MISS
2026-06-18,LV@PHX,Valeriane Ayayi,bench,reb,OVER,1.0,2.0,1.0,1.0,MISS
2026-06-18,LV@PHX,Valeriane Ayayi,bench,ast,OVER,0.0,1.0,1.0,1.0,HIT
2026-06-18,LV@PHX,Valeriane Ayayi,bench,stl,OVER,0.0,0.4,0.0,0.4,MISS
2026-06-18,LV@PHX,Valeriane Ayayi,bench,blk,OVER,0.0,0.2,1.0,0.2,HIT
2026-06-18,NY@CHI,Breanna Stewart,starters,pts,OVER,10.0,11.4,17.0,1.4,HIT
2026-06-18,NY@CHI,Breanna Stewart,starters,reb,OVER,4.0,4.7,6.0,0.7,HIT
2026-06-18,NY@CHI,Breanna Stewart,starters,ast,OVER,1.0,2.0,3.0,1.0,HIT
2026-06-18,NY@CHI,Breanna Stewart,starters,stl,OVER,0.0,0.8,2.0,0.8,HIT
2026-06-18,NY@CHI,Breanna Stewart,starters,blk,OVER,0.0,0.7,1.0,0.7,HIT
2026-06-18,NY@CHI,Sabrina Ionescu,starters,pts,OVER,8.0,9.8,10.0,1.8,HIT
2026-06-18,NY@CHI,Sabrina Ionescu,starters,reb,OVER,2.0,3.4,3.0,1.4,HIT
2026-06-18,NY@CHI,Sabrina Ionescu,starters,ast,OVER,2.0,3.1,1.0,1.1,MISS
2026-06-18,NY@CHI,Sabrina Ionescu,starters,stl,OVER,0.0,0.6,0.0,0.6,MISS
2026-06-18,NY@CHI,Sabrina Ionescu,starters,blk,OVER,0.0,0.3,0.0,0.3,MISS
2026-06-18,NY@CHI,Satou Sabally,starters,pts,OVER,8.0,9.4,17.0,1.4,HIT
2026-06-18,NY@CHI,Satou Sabally,starters,reb,OVER,3.0,3.8,2.0,0.8,MISS
2026-06-18,NY@CHI,Satou Sabally,starters,ast,OVER,1.0,2.0,2.0,1.0,HIT
2026-06-18,NY@CHI,Satou Sabally,starters,stl,OVER,0.0,0.7,0.0,0.7,MISS
2026-06-18,NY@CHI,Satou Sabally,starters,blk,OVER,0.0,0.3,0.0,0.3,MISS
2026-06-18,NY@CHI,Jonquel Jones,starters,pts,OVER,7.0,8.6,19.0,1.6,HIT
2026-06-18,NY@CHI,Jonquel Jones,starters,reb,OVER,4.0,4.6,8.0,0.6,HIT
2026-06-18,NY@CHI,Jonquel Jones,starters,ast,OVER,1.0,1.5,3.0,0.5,HIT
2026-06-18,NY@CHI,Jonquel Jones,starters,stl,OVER,0.0,0.6,1.0,0.6,HIT
2026-06-18,NY@CHI,Jonquel Jones,starters,blk,OVER,0.0,0.6,1.0,0.6,HIT
2026-06-18,NY@CHI,Pauline Astier,starters,pts,OVER,6.0,7.8,9.0,1.8,HIT
2026-06-18,NY@CHI,Pauline Astier,starters,reb,OVER,2.0,2.6,5.0,0.6,HIT
2026-06-18,NY@CHI,Pauline Astier,starters,ast,OVER,2.0,2.3,4.0,0.3,HIT
2026-06-18,NY@CHI,Pauline Astier,starters,stl,OVER,0.0,0.5,1.0,0.5,HIT
2026-06-18,NY@CHI,Pauline Astier,starters,blk,OVER,0.0,0.3,0.0,0.3,MISS
2026-06-18,NY@CHI,Leonie Fiebich,bench,pts,OVER,5.0,6.3,9.0,1.3,HIT
2026-06-18,NY@CHI,Leonie Fiebich,bench,reb,OVER,2.0,2.5,6.0,0.5,HIT
2026-06-18,NY@CHI,Leonie Fiebich,bench,ast,OVER,1.0,1.4,3.0,0.4,HIT
2026-06-18,NY@CHI,Leonie Fiebich,bench,stl,OVER,0.0,0.6,0.0,0.6,MISS
2026-06-18,NY@CHI,Leonie Fiebich,bench,blk,OVER,0.0,0.3,0.0,0.3,MISS
2026-06-18,NY@CHI,Marine Johannes,bench,pts,OVER,5.0,6.4,3.0,1.4,MISS
2026-06-18,NY@CHI,Marine Johannes,bench,reb,OVER,1.0,2.0,1.0,1.0,MISS
2026-06-18,NY@CHI,Marine Johannes,bench,ast,OVER,1.0,1.6,1.0,0.6,MISS
2026-06-18,NY@CHI,Marine Johannes,bench,stl,OVER,0.0,0.5,2.0,0.5,HIT
2026-06-18,NY@CHI,Marine Johannes,bench,blk,OVER,0.0,0.2,0.0,0.2,MISS
2026-06-18,NY@CHI,Rebekah Gardner,bench,pts,OVER,5.0,5.7,10.0,0.7,HIT
2026-06-18,NY@CHI,Rebekah Gardner,bench,reb,OVER,1.0,2.2,1.0,1.2,MISS
2026-06-18,NY@CHI,Rebekah Gardner,bench,ast,OVER,0.0,1.1,1.0,1.1,HIT
2026-06-18,NY@CHI,Rebekah Gardner,bench,stl,OVER,0.0,0.6,1.0,0.6,HIT
2026-06-18,NY@CHI,Rebekah Gardner,bench,blk,OVER,0.0,0.3,0.0,0.3,MISS
2026-06-18,NY@CHI,Han Xu,bench,pts,OVER,4.0,5.6,2.0,1.6,MISS
2026-06-18,NY@CHI,Han Xu,bench,reb,OVER,1.0,2.2,2.0,1.2,HIT
2026-06-18,NY@CHI,Han Xu,bench,ast,OVER,0.0,1.0,2.0,1.0,HIT
2026-06-18,NY@CHI,Han Xu,bench,stl,OVER,0.0,0.4,0.0,0.4,MISS
2026-06-18,NY@CHI,Han Xu,bench,blk,OVER,0.0,0.3,3.0,0.3,HIT
2026-06-18,NY@CHI,Skylar Diggins,starters,pts,OVER,8.0,9.7,19.0,1.7,HIT
2026-06-18,NY@CHI,Skylar Diggins,starters,reb,OVER,2.0,2.4,2.0,0.4,MISS
2026-06-18,NY@CHI,Skylar Diggins,starters,ast,OVER,2.0,2.8,8.0,0.8,HIT
2026-06-18,NY@CHI,Skylar Diggins,starters,stl,OVER,0.0,0.8,1.0,0.8,HIT
2026-06-18,NY@CHI,Skylar Diggins,starters,blk,OVER,0.0,0.4,1.0,0.4,HIT
2026-06-18,NY@CHI,Kamilla Cardoso,starters,pts,OVER,7.0,8.0,10.0,1.0,HIT
2026-06-18,NY@CHI,Kamilla Cardoso,starters,reb,OVER,4.0,4.6,4.0,0.6,MISS
2026-06-18,NY@CHI,Kamilla Cardoso,starters,ast,OVER,1.0,1.6,4.0,0.6,HIT
2026-06-18,NY@CHI,Kamilla Cardoso,starters,stl,OVER,0.0,0.4,1.0,0.4,HIT
2026-06-18,NY@CHI,Kamilla Cardoso,starters,blk,OVER,0.0,0.7,0.0,0.7,MISS
2026-06-18,NY@CHI,Natasha Cloud,starters,pts,OVER,5.0,6.8,11.0,1.8,HIT
2026-06-18,NY@CHI,Natasha Cloud,starters,reb,OVER,2.0,2.6,3.0,0.6,HIT
2026-06-18,NY@CHI,Natasha Cloud,starters,ast,OVER,2.0,2.9,4.0,0.9,HIT
2026-06-18,NY@CHI,Natasha Cloud,starters,stl,OVER,0.0,0.6,2.0,0.6,HIT
2026-06-18,NY@CHI,Natasha Cloud,starters,blk,OVER,0.0,0.3,0.0,0.3,MISS
2026-06-18,NY@CHI,Elizabeth Williams,starters,pts,OVER,5.0,6.7,3.0,1.7,MISS
2026-06-18,NY@CHI,Elizabeth Williams,starters,reb,OVER,3.0,3.5,3.0,0.5,MISS
2026-06-18,NY@CHI,Elizabeth Williams,starters,ast,OVER,1.0,1.3,0.0,0.3,MISS
2026-06-18,NY@CHI,Elizabeth Williams,starters,stl,OVER,0.0,0.6,0.0,0.6,MISS
2026-06-18,NY@CHI,Elizabeth Williams,starters,blk,OVER,0.0,0.7,2.0,0.7,HIT
2026-06-18,NY@CHI,Gabriela Jaquez,starters,pts,OVER,6.0,7.2,22.0,1.2,HIT
2026-06-18,NY@CHI,Gabriela Jaquez,starters,reb,OVER,2.0,3.1,3.0,1.1,HIT
2026-06-18,NY@CHI,Gabriela Jaquez,starters,ast,OVER,0.0,1.1,3.0,1.1,HIT
2026-06-18,NY@CHI,Gabriela Jaquez,starters,stl,OVER,0.0,0.7,1.0,0.7,HIT
2026-06-18,NY@CHI,Gabriela Jaquez,starters,blk,OVER,0.0,0.1,0.0,0.1,MISS
2026-06-18,NY@CHI,Azura Stevens,bench,pts,OVER,6.0,7.3,6.0,1.3,MISS
2026-06-18,NY@CHI,Azura Stevens,bench,reb,OVER,3.0,3.5,6.0,0.5,HIT
2026-06-18,NY@CHI,Azura Stevens,bench,ast,OVER,1.0,1.3,0.0,0.3,MISS
2026-06-18,NY@CHI,Azura Stevens,bench,stl,OVER,0.0,0.6,0.0,0.6,MISS
2026-06-18,NY@CHI,Azura Stevens,bench,blk,OVER,0.0,0.5,0.0,0.5,MISS
2026-06-18,NY@CHI,Jacy Sheldon,bench,pts,OVER,5.0,5.9,0.0,0.9,MISS
2026-06-18,NY@CHI,Jacy Sheldon,bench,reb,OVER,1.0,2.0,2.0,1.0,HIT
2026-06-18,NY@CHI,Jacy Sheldon,bench,ast,OVER,1.0,1.6,1.0,0.6,MISS
2026-06-18,NY@CHI,Jacy Sheldon,bench,stl,OVER,0.0,0.6,1.0,0.6,HIT
2026-06-18,NY@CHI,Jacy Sheldon,bench,blk,OVER,0.0,0.3,0.0,0.3,MISS
2026-06-18,NY@CHI,Rachel Banham,bench,pts,OVER,4.0,5.6,0.0,1.6,MISS
2026-06-18,NY@CHI,Rachel Banham,bench,reb,OVER,1.0,1.7,2.0,0.7,HIT
2026-06-18,NY@CHI,Rachel Banham,bench,ast,OVER,1.0,1.4,0.0,0.4,MISS
2026-06-18,NY@CHI,Rachel Banham,bench,stl,OVER,0.0,0.4,1.0,0.4,HIT
2026-06-18,NY@CHI,Rachel Banham,bench,blk,OVER,0.0,0.2,0.0,0.2,MISS
2026-06-18,NY@CHI,Aicha Coulibaly,bench,pts,OVER,4.0,5.3,0.0,1.3,MISS
2026-06-18,NY@CHI,Aicha Coulibaly,bench,reb,OVER,2.0,2.3,2.0,0.3,MISS
2026-06-18,NY@CHI,Aicha Coulibaly,bench,ast,OVER,0.0,1.0,1.0,1.0,HIT
2026-06-18,NY@CHI,Aicha Coulibaly,bench,stl,OVER,0.0,0.7,0.0,0.7,MISS
2026-06-18,NY@CHI,Aicha Coulibaly,bench,blk,OVER,0.0,0.2,0.0,0.2,MISS
2026-06-18,NY@CHI,Sydney Taylor,bench,pts,OVER,6.0,7.0,24.0,1.0,HIT
2026-06-18,NY@CHI,Sydney Taylor,bench,reb,OVER,1.0,1.6,1.0,0.6,MISS
2026-06-18,NY@CHI,Sydney Taylor,bench,ast,OVER,1.0,1.2,2.0,0.2,HIT
2026-06-18,NY@CHI,Sydney Taylor,bench,stl,OVER,0.0,0.5,3.0,0.5,HIT
2026-06-18,NY@CHI,Sydney Taylor,bench,blk,OVER,0.0,0.3,1.0,0.3,HIT
2026-06-16,POR@MIN,Bridget Carleton,starters,pts,OVER,5.0,6.1,3.0,1.1,MISS
2026-06-16,POR@MIN,Bridget Carleton,starters,reb,OVER,2.0,2.5,1.0,0.5,MISS
2026-06-16,POR@MIN,Bridget Carleton,starters,ast,OVER,1.0,1.5,2.0,0.5,HIT
2026-06-16,POR@MIN,Bridget Carleton,starters,stl,OVER,0.0,0.5,0.0,0.5,MISS
2026-06-16,POR@MIN,Bridget Carleton,starters,blk,OVER,0.0,0.3,0.0,0.3,MISS
2026-06-16,POR@MIN,Luisa Geiselsoder,starters,pts,OVER,5.0,6.2,9.0,1.2,HIT
2026-06-16,POR@MIN,Luisa Geiselsoder,starters,reb,OVER,2.0,2.8,4.0,0.8,HIT
2026-06-16,POR@MIN,Luisa Geiselsoder,starters,ast,OVER,1.0,1.5,0.0,0.5,MISS
2026-06-16,POR@MIN,Luisa Geiselsoder,starters,stl,OVER,0.0,0.5,1.0,0.5,HIT
2026-06-16,POR@MIN,Luisa Geiselsoder,starters,blk,OVER,0.0,0.4,0.0,0.4,MISS
2026-06-16,POR@MIN,Carla Leite,starters,pts,OVER,6.0,7.0,10.0,1.0,HIT
2026-06-16,POR@MIN,Carla Leite,starters,reb,OVER,1.0,2.1,2.0,1.1,HIT
2026-06-16,POR@MIN,Carla Leite,starters,ast,OVER,1.0,1.9,3.0,0.9,HIT
2026-06-16,POR@MIN,Carla Leite,starters,stl,OVER,0.0,0.5,1.0,0.5,HIT
2026-06-16,POR@MIN,Carla Leite,starters,blk,OVER,0.0,0.2,0.0,0.2,MISS
2026-06-16,POR@MIN,Sarah Ashlee Barker,starters,pts,OVER,5.0,5.9,8.0,0.9,HIT
2026-06-16,POR@MIN,Sarah Ashlee Barker,starters,reb,OVER,2.0,2.4,2.0,0.4,MISS
2026-06-16,POR@MIN,Sarah Ashlee Barker,starters,ast,OVER,1.0,1.4,2.0,0.4,HIT
2026-06-16,POR@MIN,Sarah Ashlee Barker,starters,stl,OVER,0.0,0.5,2.0,0.5,HIT
2026-06-16,POR@MIN,Sarah Ashlee Barker,starters,blk,OVER,0.0,0.2,1.0,0.2,HIT
2026-06-16,POR@MIN,Nyadiew Puoch,starters,pts,OVER,4.0,5.3,3.0,1.3,MISS
2026-06-16,POR@MIN,Nyadiew Puoch,starters,reb,OVER,1.0,2.1,3.0,1.1,HIT
2026-06-16,POR@MIN,Nyadiew Puoch,starters,ast,OVER,1.0,1.2,2.0,0.2,HIT
2026-06-16,POR@MIN,Nyadiew Puoch,starters,stl,OVER,0.0,0.5,0.0,0.5,MISS
2026-06-16,POR@MIN,Nyadiew Puoch,starters,blk,OVER,0.0,0.2,0.0,0.2,MISS
2026-06-16,POR@MIN,Emily Engstler,bench,pts,OVER,5.0,5.8,9.0,0.8,HIT
2026-06-16,POR@MIN,Emily Engstler,bench,reb,OVER,2.0,2.8,2.0,0.8,MISS
2026-06-16,POR@MIN,Emily Engstler,bench,ast,OVER,1.0,1.4,3.0,0.4,HIT
2026-06-16,POR@MIN,Emily Engstler,bench,stl,OVER,0.0,0.5,2.0,0.5,HIT
2026-06-16,POR@MIN,Emily Engstler,bench,blk,OVER,0.0,0.4,1.0,0.4,HIT
2026-06-16,POR@MIN,Teja Oblak,bench,pts,OVER,5.0,6.2,9.0,1.2,HIT
2026-06-16,POR@MIN,Teja Oblak,bench,reb,OVER,1.0,2.0,6.0,1.0,HIT
2026-06-16,POR@MIN,Teja Oblak,bench,ast,OVER,1.0,2.1,5.0,1.1,HIT
2026-06-16,POR@MIN,Teja Oblak,bench,stl,OVER,0.0,0.5,0.0,0.5,MISS
2026-06-16,POR@MIN,Teja Oblak,bench,blk,OVER,0.0,0.2,0.0,0.2,MISS
2026-06-16,POR@MIN,Frieda Buhner,bench,pts,OVER,5.0,5.7,10.0,0.7,HIT
2026-06-16,POR@MIN,Frieda Buhner,bench,reb,OVER,1.0,2.0,2.0,1.0,HIT
2026-06-16,POR@MIN,Frieda Buhner,bench,ast,OVER,0.0,1.1,1.0,1.1,HIT
2026-06-16,POR@MIN,Frieda Buhner,bench,stl,OVER,0.0,0.4,0.0,0.4,MISS
2026-06-16,POR@MIN,Frieda Buhner,bench,blk,OVER,0.0,0.2,0.0,0.2,MISS
2026-06-16,POR@MIN,Megan Gustafson,bench,pts,OVER,5.0,5.8,9.0,0.8,HIT
2026-06-16,POR@MIN,Megan Gustafson,bench,reb,OVER,2.0,2.4,3.0,0.4,HIT
2026-06-16,POR@MIN,Megan Gustafson,bench,ast,OVER,0.0,1.1,0.0,1.1,MISS
2026-06-16,POR@MIN,Megan Gustafson,bench,stl,OVER,0.0,0.4,1.0,0.4,HIT
2026-06-16,POR@MIN,Megan Gustafson,bench,blk,OVER,0.0,0.3,0.0,0.3,MISS
2026-06-16,POR@MIN,Serah Williams,bench,pts,OVER,4.0,5.3,2.0,1.3,MISS
2026-06-16,POR@MIN,Serah Williams,bench,reb,OVER,2.0,2.4,2.0,0.4,MISS
2026-06-16,POR@MIN,Serah Williams,bench,ast,OVER,0.0,1.1,1.0,1.1,HIT
2026-06-16,POR@MIN,Serah Williams,bench,stl,OVER,0.0,0.5,0.0,0.5,MISS
2026-06-16,POR@MIN,Serah Williams,bench,blk,OVER,0.0,0.3,0.0,0.3,MISS
2026-06-16,POR@MIN,Holly Winterburn,bench,pts,OVER,4.0,4.9,2.0,0.9,MISS
2026-06-16,POR@MIN,Holly Winterburn,bench,reb,OVER,1.0,2.0,0.0,1.0,MISS
2026-06-16,POR@MIN,Holly Winterburn,bench,ast,OVER,1.0,1.7,2.0,0.7,HIT
2026-06-16,POR@MIN,Holly Winterburn,bench,stl,OVER,0.0,0.5,0.0,0.5,MISS
2026-06-16,POR@MIN,Holly Winterburn,bench,blk,OVER,0.0,0.2,0.0,0.2,MISS
2026-06-16,POR@MIN,Olivia Miles,starters,pts,OVER,8.0,9.8,12.0,1.8,HIT
2026-06-16,POR@MIN,Olivia Miles,starters,reb,OVER,2.0,3.2,4.0,1.2,HIT
2026-06-16,POR@MIN,Olivia Miles,starters,ast,OVER,2.0,2.8,5.0,0.8,HIT
2026-06-16,POR@MIN,Olivia Miles,starters,stl,OVER,0.0,0.8,3.0,0.8,HIT
2026-06-16,POR@MIN,Olivia Miles,starters,blk,OVER,0.0,0.4,0.0,0.4,MISS
2026-06-16,POR@MIN,Kayla McBride,starters,pts,OVER,7.0,8.6,14.0,1.6,HIT
2026-06-16,POR@MIN,Kayla McBride,starters,reb,OVER,2.0,2.6,6.0,0.6,HIT
2026-06-16,POR@MIN,Kayla McBride,starters,ast,OVER,1.0,1.7,4.0,0.7,HIT
2026-06-16,POR@MIN,Kayla McBride,starters,stl,OVER,0.0,0.7,2.0,0.7,HIT
2026-06-16,POR@MIN,Kayla McBride,starters,blk,OVER,0.0,0.2,0.0,0.2,MISS
2026-06-16,POR@MIN,Courtney Williams,starters,pts,OVER,7.0,8.0,16.0,1.0,HIT
2026-06-16,POR@MIN,Courtney Williams,starters,reb,OVER,2.0,3.2,5.0,1.2,HIT
2026-06-16,POR@MIN,Courtney Williams,starters,ast,OVER,1.0,2.2,4.0,1.2,HIT
2026-06-16,POR@MIN,Courtney Williams,starters,stl,OVER,0.0,0.6,0.0,0.6,MISS
2026-06-16,POR@MIN,Courtney Williams,starters,blk,OVER,0.0,0.3,0.0,0.3,MISS
2026-06-16,POR@MIN,Natasha Howard,starters,pts,OVER,6.0,7.8,18.0,1.8,HIT
2026-06-16,POR@MIN,Natasha Howard,starters,reb,OVER,2.0,3.4,6.0,1.4,HIT
2026-06-16,POR@MIN,Natasha Howard,starters,ast,OVER,1.0,1.4,1.0,0.4,MISS
2026-06-16,POR@MIN,Natasha Howard,starters,stl,OVER,0.0,0.7,2.0,0.7,HIT
2026-06-16,POR@MIN,Natasha Howard,starters,blk,OVER,0.0,0.4,0.0,0.4,MISS
2026-06-16,POR@MIN,Teaira McCowan,starters,pts,OVER,6.0,7.4,0.0,1.4,MISS
2026-06-16,POR@MIN,Teaira McCowan,starters,reb,OVER,3.0,4.0,4.0,1.0,HIT
2026-06-16,POR@MIN,Teaira McCowan,starters,ast,OVER,1.0,1.2,1.0,0.2,MISS
2026-06-16,POR@MIN,Teaira McCowan,starters,stl,OVER,0.0,0.5,0.0,0.5,MISS
2026-06-16,POR@MIN,Teaira McCowan,starters,blk,OVER,0.0,0.5,1.0,0.5,HIT
2026-06-16,POR@MIN,Nia Coffey,bench,pts,OVER,5.0,5.8,15.0,0.8,HIT
2026-06-16,POR@MIN,Nia Coffey,bench,reb,OVER,2.0,2.6,5.0,0.6,HIT
2026-06-16,POR@MIN,Nia Coffey,bench,ast,OVER,1.0,1.2,4.0,0.2,HIT
2026-06-16,POR@MIN,Nia Coffey,bench,stl,OVER,0.0,0.4,3.0,0.4,HIT
2026-06-16,POR@MIN,Nia Coffey,bench,blk,OVER,0.0,0.4,3.0,0.4,HIT
2026-06-16,POR@MIN,Maya Caldwell,bench,pts,OVER,5.0,5.8,11.0,0.8,HIT
2026-06-16,POR@MIN,Maya Caldwell,bench,reb,OVER,1.0,2.2,4.0,1.2,HIT
2026-06-16,POR@MIN,Maya Caldwell,bench,ast,OVER,1.0,1.4,1.0,0.4,MISS
2026-06-16,POR@MIN,Maya Caldwell,bench,stl,OVER,0.0,0.5,1.0,0.5,HIT
2026-06-16,POR@MIN,Maya Caldwell,bench,blk,OVER,0.0,0.3,0.0,0.3,MISS
2026-06-16,POR@MIN,Antonia Delaere,bench,pts,OVER,4.0,5.1,6.0,1.1,HIT
2026-06-16,POR@MIN,Antonia Delaere,bench,reb,OVER,1.0,1.9,1.0,0.9,MISS
2026-06-16,POR@MIN,Antonia Delaere,bench,ast,OVER,1.0,1.5,7.0,0.5,HIT
2026-06-16,POR@MIN,Antonia Delaere,bench,stl,OVER,0.0,0.4,3.0,0.4,HIT
2026-06-16,POR@MIN,Antonia Delaere,bench,blk,OVER,0.0,0.2,0.0,0.2,MISS
2026-06-16,POR@MIN,Anastasiia Olairi Kosu,bench,pts,OVER,4.0,5.1,11.0,1.1,HIT
2026-06-16,POR@MIN,Anastasiia Olairi Kosu,bench,reb,OVER,1.0,2.0,5.0,1.0,HIT
2026-06-16,POR@MIN,Anastasiia Olairi Kosu,bench,ast,OVER,0.0,1.1,3.0,1.1,HIT
2026-06-16,POR@MIN,Anastasiia Olairi Kosu,bench,stl,OVER,0.0,0.4,0.0,0.4,MISS
2026-06-16,POR@MIN,Anastasiia Olairi Kosu,bench,blk,OVER,0.0,0.3,1.0,0.3,HIT
2026-06-16,POR@MIN,Eliska Hamzova,bench,pts,OVER,4.0,4.9,4.0,0.9,MISS
2026-06-16,POR@MIN,Eliska Hamzova,bench,reb,OVER,2.0,2.3,0.0,0.3,MISS
2026-06-16,POR@MIN,Eliska Hamzova,bench,ast,OVER,1.0,1.2,1.0,0.2,MISS
2026-06-16,POR@MIN,Eliska Hamzova,bench,stl,OVER,0.0,0.3,0.0,0.3,MISS
2026-06-16,POR@MIN,Eliska Hamzova,bench,blk,OVER,0.0,0.2,0.0,0.2,MISS
2026-06-16,LA@GS,Nneka Ogwumike,starters,pts,OVER,8.0,9.9,9.0,1.9,HIT
2026-06-16,LA@GS,Nneka Ogwumike,starters,reb,OVER,3.0,4.3,7.0,1.3,HIT
2026-06-16,LA@GS,Nneka Ogwumike,starters,ast,OVER,1.0,1.6,2.0,0.6,HIT
2026-06-16,LA@GS,Nneka Ogwumike,starters,stl,OVER,0.0,0.9,0.0,0.9,MISS
2026-06-16,LA@GS,Nneka Ogwumike,starters,blk,OVER,0.0,0.4,0.0,0.4,MISS
2026-06-16,LA@GS,Kelsey Plum,starters,pts,OVER,8.0,9.4,9.0,1.4,HIT
2026-06-16,LA@GS,Kelsey Plum,starters,reb,OVER,2.0,2.3,1.0,0.3,MISS
2026-06-16,LA@GS,Kelsey Plum,starters,ast,OVER,2.0,2.5,1.0,0.5,MISS
2026-06-16,LA@GS,Kelsey Plum,starters,stl,OVER,0.0,0.6,0.0,0.6,MISS
2026-06-16,LA@GS,Kelsey Plum,starters,blk,OVER,0.0,0.2,0.0,0.2,MISS
2026-06-16,LA@GS,Ariel Atkins,starters,pts,OVER,7.0,8.5,6.0,1.5,MISS
2026-06-16,LA@GS,Ariel Atkins,starters,reb,OVER,2.0,2.4,0.0,0.4,MISS
2026-06-16,LA@GS,Ariel Atkins,starters,ast,OVER,1.0,1.8,2.0,0.8,HIT
2026-06-16,LA@GS,Ariel Atkins,starters,stl,OVER,0.0,0.9,1.0,0.9,HIT
2026-06-16,LA@GS,Ariel Atkins,starters,blk,OVER,0.0,0.3,0.0,0.3,MISS
2026-06-16,LA@GS,Dearica Hamby,starters,pts,OVER,6.0,7.8,6.0,1.8,MISS
2026-06-16,LA@GS,Dearica Hamby,starters,reb,OVER,3.0,3.8,10.0,0.8,HIT
2026-06-16,LA@GS,Dearica Hamby,starters,ast,OVER,1.0,1.5,3.0,0.5,HIT
2026-06-16,LA@GS,Dearica Hamby,starters,stl,OVER,0.0,0.7,2.0,0.7,HIT
2026-06-16,LA@GS,Dearica Hamby,starters,blk,OVER,0.0,0.3,0.0,0.3,MISS
2026-06-16,LA@GS,Erica Wheeler,starters,pts,OVER,5.0,6.8,0.0,1.8,MISS
2026-06-16,LA@GS,Erica Wheeler,starters,reb,OVER,1.0,2.2,4.0,1.2,HIT
2026-06-16,LA@GS,Erica Wheeler,starters,ast,OVER,1.0,2.2,5.0,1.2,HIT
2026-06-16,LA@GS,Erica Wheeler,starters,stl,OVER,0.0,0.6,1.0,0.6,HIT
2026-06-16,LA@GS,Erica Wheeler,starters,blk,OVER,0.0,0.2,0.0,0.2,MISS
2026-06-16,LA@GS,Cameron Brink,bench,pts,OVER,5.0,6.1,10.0,1.1,HIT
2026-06-16,LA@GS,Cameron Brink,bench,reb,OVER,2.0,3.1,2.0,1.1,MISS
2026-06-16,LA@GS,Cameron Brink,bench,ast,OVER,0.0,1.1,0.0,1.1,MISS
2026-06-16,LA@GS,Cameron Brink,bench,stl,OVER,0.0,0.5,0.0,0.5,MISS
2026-06-16,LA@GS,Cameron Brink,bench,blk,OVER,0.0,0.8,1.0,0.8,HIT
2026-06-16,LA@GS,Rae Burrell,bench,pts,OVER,5.0,5.7,13.0,0.7,HIT
2026-06-16,LA@GS,Rae Burrell,bench,reb,OVER,1.0,2.0,1.0,1.0,MISS
2026-06-16,LA@GS,Rae Burrell,bench,ast,OVER,0.0,1.1,1.0,1.1,HIT
2026-06-16,LA@GS,Rae Burrell,bench,stl,OVER,0.0,0.5,0.0,0.5,MISS
2026-06-16,LA@GS,Rae Burrell,bench,blk,OVER,0.0,0.2,3.0,0.2,HIT
2026-06-16,LA@GS,Kate Martin,bench,pts,OVER,4.0,5.0,3.0,1.0,MISS
2026-06-16,LA@GS,Kate Martin,bench,reb,OVER,1.0,2.0,3.0,1.0,HIT
2026-06-16,LA@GS,Kate Martin,bench,ast,OVER,0.0,1.1,2.0,1.1,HIT
2026-06-16,LA@GS,Kate Martin,bench,stl,OVER,0.0,0.4,0.0,0.4,MISS
2026-06-16,LA@GS,Kate Martin,bench,blk,OVER,0.0,0.2,0.0,0.2,MISS
2026-06-16,LA@GS,Chance Gray,bench,pts,OVER,3.0,4.2,0.0,1.2,MISS
2026-06-16,LA@GS,Chance Gray,bench,reb,OVER,1.0,1.8,2.0,0.8,HIT
2026-06-16,LA@GS,Chance Gray,bench,ast,OVER,0.0,0.9,0.0,0.9,MISS
2026-06-16,LA@GS,Chance Gray,bench,stl,OVER,0.0,0.3,0.0,0.3,MISS
2026-06-16,LA@GS,Chance Gray,bench,blk,OVER,0.0,0.1,0.0,0.1,MISS
2026-06-16,LA@GS,Jihyun Park,bench,pts,OVER,3.0,3.5,2.0,0.5,MISS
2026-06-16,LA@GS,Jihyun Park,bench,reb,OVER,1.0,1.4,1.0,0.4,MISS
2026-06-16,LA@GS,Jihyun Park,bench,ast,OVER,0.0,0.9,0.0,0.9,MISS
2026-06-16,LA@GS,Jihyun Park,bench,stl,OVER,0.0,0.4,0.0,0.4,MISS
2026-06-16,LA@GS,Jihyun Park,bench,blk,OVER,0.0,0.1,0.0,0.1,MISS
2026-06-16,LA@GS,Sania Feagin,bench,pts,OVER,3.0,3.8,0.0,0.8,MISS
2026-06-16,LA@GS,Sania Feagin,bench,reb,OVER,1.0,1.5,1.0,0.5,MISS
2026-06-16,LA@GS,Sania Feagin,bench,ast,OVER,0.0,0.8,0.0,0.8,MISS
2026-06-16,LA@GS,Sania Feagin,bench,stl,OVER,0.0,0.2,0.0,0.2,MISS
2026-06-16,LA@GS,Sania Feagin,bench,blk,OVER,0.0,0.3,0.0,0.3,MISS
2026-06-16,LA@GS,Ta'Niya Latson,bench,pts,OVER,3.0,4.0,0.0,1.0,MISS
2026-06-16,LA@GS,Ta'Niya Latson,bench,reb,OVER,1.0,1.4,1.0,0.4,MISS
2026-06-16,LA@GS,Ta'Niya Latson,bench,ast,OVER,0.0,0.8,0.0,0.8,MISS
2026-06-16,LA@GS,Ta'Niya Latson,bench,stl,OVER,0.0,0.2,0.0,0.2,MISS
2026-06-16,LA@GS,Ta'Niya Latson,bench,blk,OVER,0.0,0.1,0.0,0.1,MISS
2026-06-16,LA@GS,Tiffany Hayes,starters,pts,OVER,7.0,8.4,4.0,1.4,MISS
2026-06-16,LA@GS,Tiffany Hayes,starters,reb,OVER,2.0,2.5,0.0,0.5,MISS
2026-06-16,LA@GS,Tiffany Hayes,starters,ast,OVER,1.0,1.7,2.0,0.7,HIT
2026-06-16,LA@GS,Tiffany Hayes,starters,stl,OVER,0.0,0.6,1.0,0.6,HIT
2026-06-16,LA@GS,Tiffany Hayes,starters,blk,OVER,0.0,0.2,0.0,0.2,MISS
2026-06-16,LA@GS,Janelle Salaun,starters,pts,OVER,7.0,8.1,7.0,1.1,MISS
2026-06-16,LA@GS,Janelle Salaun,starters,reb,OVER,2.0,3.2,4.0,1.2,HIT
2026-06-16,LA@GS,Janelle Salaun,starters,ast,OVER,1.0,1.2,2.0,0.2,HIT
2026-06-16,LA@GS,Janelle Salaun,starters,stl,OVER,0.0,0.5,1.0,0.5,HIT
2026-06-16,LA@GS,Janelle Salaun,starters,blk,OVER,0.0,0.2,0.0,0.2,MISS
2026-06-16,LA@GS,Gabby Williams,starters,pts,OVER,5.0,6.8,16.0,1.8,HIT
2026-06-16,LA@GS,Gabby Williams,starters,reb,OVER,2.0,2.8,4.0,0.8,HIT
2026-06-16,LA@GS,Gabby Williams,starters,ast,OVER,1.0,1.9,1.0,0.9,MISS
2026-06-16,LA@GS,Gabby Williams,starters,stl,OVER,0.0,0.9,1.0,0.9,HIT
2026-06-16,LA@GS,Gabby Williams,starters,blk,OVER,0.0,0.3,0.0,0.3,MISS
2026-06-16,LA@GS,Kayla Thornton,starters,pts,OVER,5.0,6.3,6.0,1.3,HIT
2026-06-16,LA@GS,Kayla Thornton,starters,reb,OVER,2.0,3.0,2.0,1.0,MISS
2026-06-16,LA@GS,Kayla Thornton,starters,ast,OVER,1.0,1.2,1.0,0.2,MISS
2026-06-16,LA@GS,Kayla Thornton,starters,stl,OVER,0.0,0.6,4.0,0.6,HIT
2026-06-16,LA@GS,Kayla Thornton,starters,blk,OVER,0.0,0.3,0.0,0.3,MISS
2026-06-16,LA@GS,Veronica Burton,starters,pts,OVER,5.0,5.7,12.0,0.7,HIT
2026-06-16,LA@GS,Veronica Burton,starters,reb,OVER,1.0,2.2,2.0,1.2,HIT
2026-06-16,LA@GS,Veronica Burton,starters,ast,OVER,1.0,2.1,3.0,1.1,HIT
2026-06-16,LA@GS,Veronica Burton,starters,stl,OVER,0.0,0.6,2.0,0.6,HIT
2026-06-16,LA@GS,Veronica Burton,starters,blk,OVER,0.0,0.3,2.0,0.3,HIT
2026-06-16,LA@GS,Kiah Stokes,bench,pts,OVER,4.0,4.6,4.0,0.6,MISS
2026-06-16,LA@GS,Kiah Stokes,bench,reb,OVER,2.0,3.4,7.0,1.4,HIT
2026-06-16,LA@GS,Kiah Stokes,bench,ast,OVER,0.0,1.0,1.0,1.0,HIT
2026-06-16,LA@GS,Kiah Stokes,bench,stl,OVER,0.0,0.4,2.0,0.4,HIT
2026-06-16,LA@GS,Kiah Stokes,bench,blk,OVER,0.0,0.5,2.0,0.5,HIT
2026-06-16,LA@GS,Kaila Charles,bench,pts,OVER,4.0,5.4,13.0,1.4,HIT
2026-06-16,LA@GS,Kaila Charles,bench,reb,OVER,2.0,2.6,8.0,0.6,HIT
2026-06-16,LA@GS,Kaila Charles,bench,ast,OVER,0.0,1.1,5.0,1.1,HIT
2026-06-16,LA@GS,Kaila Charles,bench,stl,OVER,0.0,0.5,0.0,0.5,MISS
2026-06-16,LA@GS,Kaila Charles,bench,blk,OVER,0.0,0.3,0.0,0.3,MISS
2026-06-16,LA@GS,Cecilia Zandalasini,bench,pts,OVER,5.0,5.7,10.0,0.7,HIT
2026-06-16,LA@GS,Cecilia Zandalasini,bench,reb,OVER,1.0,1.9,3.0,0.9,HIT
2026-06-16,LA@GS,Cecilia Zandalasini,bench,ast,OVER,1.0,1.2,3.0,0.2,HIT
2026-06-16,LA@GS,Cecilia Zandalasini,bench,stl,OVER,0.0,0.4,1.0,0.4,HIT
2026-06-16,LA@GS,Cecilia Zandalasini,bench,blk,OVER,0.0,0.2,0.0,0.2,MISS
2026-06-16,LA@GS,Kaitlyn Chen,bench,pts,OVER,4.0,4.6,6.0,0.6,HIT
2026-06-16,LA@GS,Kaitlyn Chen,bench,reb,OVER,1.0,1.7,3.0,0.7,HIT
2026-06-16,LA@GS,Kaitlyn Chen,bench,ast,OVER,1.0,1.2,1.0,0.2,MISS
2026-06-16,LA@GS,Kaitlyn Chen,bench,stl,OVER,0.0,0.3,1.0,0.3,HIT
2026-06-16,LA@GS,Kaitlyn Chen,bench,blk,OVER,0.0,0.1,0.0,0.1,MISS
2026-06-16,LA@GS,Laeticia Amihere,bench,pts,OVER,4.0,4.7,0.0,0.7,MISS
2026-06-16,LA@GS,Laeticia Amihere,bench,reb,OVER,2.0,2.3,0.0,0.3,MISS
2026-06-16,LA@GS,Laeticia Amihere,bench,ast,OVER,0.0,1.0,0.0,1.0,MISS
2026-06-16,LA@GS,Laeticia Amihere,bench,stl,OVER,0.0,0.4,0.0,0.4,MISS
2026-06-16,LA@GS,Laeticia Amihere,bench,blk,OVER,0.0,0.3,0.0,0.3,MISS
2026-06-16,LA@GS,Juste Jocyte,bench,pts,OVER,4.0,5.0,0.0,1.0,MISS
2026-06-16,LA@GS,Juste Jocyte,bench,reb,OVER,1.0,1.5,0.0,0.5,MISS
2026-06-16,LA@GS,Juste Jocyte,bench,ast,OVER,1.0,1.2,0.0,0.2,MISS
2026-06-16,LA@GS,Juste Jocyte,bench,stl,OVER,0.0,0.2,0.0,0.2,MISS
2026-06-16,LA@GS,Juste Jocyte,bench,blk,OVER,0.0,0.2,0.0,0.2,MISS
2026-06-16,LV@DAL,A'ja Wilson,starters,pts,OVER,9.0,10.7,18.0,1.7,HIT
2026-06-16,LV@DAL,A'ja Wilson,starters,reb,OVER,3.0,4.4,5.0,1.4,HIT
2026-06-16,LV@DAL,A'ja Wilson,starters,ast,OVER,1.0,1.7,2.0,0.7,HIT
2026-06-16,LV@DAL,A'ja Wilson,starters,stl,OVER,0.0,0.7,1.0,0.7,HIT
2026-06-16,LV@DAL,A'ja Wilson,starters,blk,OVER,0.0,0.8,0.0,0.8,MISS
2026-06-16,LV@DAL,Jewell Loyd,starters,pts,OVER,8.0,9.1,21.0,1.1,HIT
2026-06-16,LV@DAL,Jewell Loyd,starters,reb,OVER,2.0,2.7,2.0,0.7,MISS
2026-06-16,LV@DAL,Jewell Loyd,starters,ast,OVER,1.0,1.9,0.0,0.9,MISS
2026-06-16,LV@DAL,Jewell Loyd,starters,stl,OVER,0.0,0.7,1.0,0.7,HIT
2026-06-16,LV@DAL,Jewell Loyd,starters,blk,OVER,0.0,0.3,0.0,0.3,MISS
2026-06-16,LV@DAL,Jackie Young,starters,pts,OVER,7.0,8.5,6.0,1.5,MISS
2026-06-16,LV@DAL,Jackie Young,starters,reb,OVER,2.0,2.9,4.0,0.9,HIT
2026-06-16,LV@DAL,Jackie Young,starters,ast,OVER,2.0,2.3,5.0,0.3,HIT
2026-06-16,LV@DAL,Jackie Young,starters,stl,OVER,0.0,0.7,0.0,0.7,MISS
2026-06-16,LV@DAL,Jackie Young,starters,blk,OVER,0.0,0.3,0.0,0.3,MISS
2026-06-16,LV@DAL,Chelsea Gray,starters,pts,OVER,6.0,7.9,0.0,1.9,MISS
2026-06-16,LV@DAL,Chelsea Gray,starters,reb,OVER,2.0,2.6,4.0,0.6,HIT
2026-06-16,LV@DAL,Chelsea Gray,starters,ast,OVER,2.0,2.5,9.0,0.5,HIT
2026-06-16,LV@DAL,Chelsea Gray,starters,stl,OVER,0.0,0.7,2.0,0.7,HIT
2026-06-16,LV@DAL,Chelsea Gray,starters,blk,OVER,0.0,0.3,0.0,0.3,MISS
2026-06-16,LV@DAL,NaLyssa Smith,starters,pts,OVER,6.0,7.7,9.0,1.7,HIT
2026-06-16,LV@DAL,NaLyssa Smith,starters,reb,OVER,3.0,3.8,6.0,0.8,HIT
2026-06-16,LV@DAL,NaLyssa Smith,starters,ast,OVER,1.0,1.3,0.0,0.3,MISS
2026-06-16,LV@DAL,NaLyssa Smith,starters,stl,OVER,0.0,0.5,0.0,0.5,MISS
2026-06-16,LV@DAL,NaLyssa Smith,starters,blk,OVER,0.0,0.4,0.0,0.4,MISS
2026-06-16,LV@DAL,Brianna Turner,bench,pts,OVER,4.0,5.5,2.0,1.5,MISS
2026-06-16,LV@DAL,Brianna Turner,bench,reb,OVER,2.0,3.3,0.0,1.3,MISS
2026-06-16,LV@DAL,Brianna Turner,bench,ast,OVER,1.0,1.3,0.0,0.3,MISS
2026-06-16,LV@DAL,Brianna Turner,bench,stl,OVER,0.0,0.5,0.0,0.5,MISS
2026-06-16,LV@DAL,Brianna Turner,bench,blk,OVER,0.0,0.5,0.0,0.5,MISS
2026-06-16,LV@DAL,Cheyenne Parker-Tyus,bench,pts,OVER,6.0,7.0,4.0,1.0,MISS
2026-06-16,LV@DAL,Cheyenne Parker-Tyus,bench,reb,OVER,2.0,3.1,5.0,1.1,HIT
2026-06-16,LV@DAL,Cheyenne Parker-Tyus,bench,ast,OVER,1.0,1.3,3.0,0.3,HIT
2026-06-16,LV@DAL,Cheyenne Parker-Tyus,bench,stl,OVER,0.0,0.5,1.0,0.5,HIT
2026-06-16,LV@DAL,Cheyenne Parker-Tyus,bench,blk,OVER,0.0,0.4,1.0,0.4,HIT
2026-06-16,LV@DAL,Stephanie Talbot,bench,pts,OVER,4.0,5.6,4.0,1.6,MISS
2026-06-16,LV@DAL,Stephanie Talbot,bench,reb,OVER,2.0,2.4,4.0,0.4,HIT
2026-06-16,LV@DAL,Stephanie Talbot,bench,ast,OVER,1.0,1.5,3.0,0.5,HIT
2026-06-16,LV@DAL,Stephanie Talbot,bench,stl,OVER,0.0,0.5,0.0,0.5,MISS
2026-06-16,LV@DAL,Stephanie Talbot,bench,blk,OVER,0.0,0.3,0.0,0.3,MISS
2026-06-16,LV@DAL,Kierstan Bell,bench,pts,OVER,4.0,5.3,2.0,1.3,MISS
2026-06-16,LV@DAL,Kierstan Bell,bench,reb,OVER,1.0,2.1,1.0,1.1,MISS
2026-06-16,LV@DAL,Kierstan Bell,bench,ast,OVER,0.0,1.1,2.0,1.1,HIT
2026-06-16,LV@DAL,Kierstan Bell,bench,stl,OVER,0.0,0.4,0.0,0.4,MISS
2026-06-16,LV@DAL,Kierstan Bell,bench,blk,OVER,0.0,0.3,2.0,0.3,HIT
2026-06-16,LV@DAL,Arike Ogunbowale,starters,pts,OVER,8.0,10.1,22.0,2.1,HIT
2026-06-16,LV@DAL,Arike Ogunbowale,starters,reb,OVER,2.0,2.6,4.0,0.6,HIT
2026-06-16,LV@DAL,Arike Ogunbowale,starters,ast,OVER,1.0,2.2,7.0,1.2,HIT
2026-06-16,LV@DAL,Arike Ogunbowale,starters,stl,OVER,0.0,0.8,2.0,0.8,HIT
2026-06-16,LV@DAL,Arike Ogunbowale,starters,blk,OVER,0.0,0.2,0.0,0.2,MISS
2026-06-16,LV@DAL,Paige Bueckers,starters,pts,OVER,8.0,10.1,10.0,2.1,HIT
2026-06-16,LV@DAL,Paige Bueckers,starters,reb,OVER,2.0,2.8,5.0,0.8,HIT
2026-06-16,LV@DAL,Paige Bueckers,starters,ast,OVER,2.0,2.6,7.0,0.6,HIT
2026-06-16,LV@DAL,Paige Bueckers,starters,stl,OVER,0.0,0.7,1.0,0.7,HIT
2026-06-16,LV@DAL,Paige Bueckers,starters,blk,OVER,0.0,0.3,0.0,0.3,MISS
2026-06-16,LV@DAL,Azzi Fudd,starters,pts,OVER,7.0,8.0,19.0,1.0,HIT
2026-06-16,LV@DAL,Azzi Fudd,starters,reb,OVER,1.0,2.1,0.0,1.1,MISS
2026-06-16,LV@DAL,Azzi Fudd,starters,ast,OVER,1.0,1.4,1.0,0.4,MISS
2026-06-16,LV@DAL,Azzi Fudd,starters,stl,OVER,0.0,0.7,0.0,0.7,MISS
2026-06-16,LV@DAL,Azzi Fudd,starters,blk,OVER,0.0,0.5,0.0,0.5,MISS
2026-06-16,LV@DAL,Jessica Shepard,starters,pts,OVER,5.0,6.6,15.0,1.6,HIT
2026-06-16,LV@DAL,Jessica Shepard,starters,reb,OVER,3.0,3.7,15.0,0.7,HIT
2026-06-16,LV@DAL,Jessica Shepard,starters,ast,OVER,1.0,1.9,9.0,0.9,HIT
2026-06-16,LV@DAL,Jessica Shepard,starters,stl,OVER,0.0,0.4,2.0,0.4,HIT
2026-06-16,LV@DAL,Jessica Shepard,starters,blk,OVER,0.0,0.3,0.0,0.3,MISS
2026-06-16,LV@DAL,Alysha Clark,starters,pts,OVER,5.0,6.3,0.0,1.3,MISS
2026-06-16,LV@DAL,Alysha Clark,starters,reb,OVER,2.0,2.6,1.0,0.6,MISS
2026-06-16,LV@DAL,Alysha Clark,starters,ast,OVER,1.0,1.4,0.0,0.4,MISS
2026-06-16,LV@DAL,Alysha Clark,starters,stl,OVER,0.0,0.5,0.0,0.5,MISS
2026-06-16,LV@DAL,Alysha Clark,starters,blk,OVER,0.0,0.3,0.0,0.3,MISS
2026-06-16,LV@DAL,Sug Sutton,bench,pts,OVER,5.0,6.1,4.0,1.1,MISS
2026-06-16,LV@DAL,Sug Sutton,bench,reb,OVER,1.0,2.1,2.0,1.1,HIT
2026-06-16,LV@DAL,Sug Sutton,bench,ast,OVER,1.0,2.0,4.0,1.0,HIT
2026-06-16,LV@DAL,Sug Sutton,bench,stl,OVER,0.0,0.5,1.0,0.5,HIT
2026-06-16,LV@DAL,Sug Sutton,bench,blk,OVER,0.0,0.2,1.0,0.2,HIT
2026-06-16,LV@DAL,Alanna Smith,bench,pts,OVER,5.0,6.4,4.0,1.4,MISS
2026-06-16,LV@DAL,Alanna Smith,bench,reb,OVER,2.0,3.0,1.0,1.0,MISS
2026-06-16,LV@DAL,Alanna Smith,bench,ast,OVER,1.0,1.5,0.0,0.5,MISS
2026-06-16,LV@DAL,Alanna Smith,bench,stl,OVER,0.0,0.6,0.0,0.6,MISS
2026-06-16,LV@DAL,Alanna Smith,bench,blk,OVER,0.0,0.5,0.0,0.5,MISS
2026-06-16,LV@DAL,Maddy Siegrist,bench,pts,OVER,5.0,6.6,5.0,1.6,MISS
2026-06-16,LV@DAL,Maddy Siegrist,bench,reb,OVER,2.0,2.5,1.0,0.5,MISS
2026-06-16,LV@DAL,Maddy Siegrist,bench,ast,OVER,1.0,1.2,0.0,0.2,MISS
2026-06-16,LV@DAL,Maddy Siegrist,bench,stl,OVER,0.0,0.4,0.0,0.4,MISS
2026-06-16,LV@DAL,Maddy Siegrist,bench,blk,OVER,0.0,0.3,0.0,0.3,MISS
2026-06-16,LV@DAL,Aziaha James,bench,pts,OVER,5.0,6.6,10.0,1.6,HIT
2026-06-16,LV@DAL,Aziaha James,bench,reb,OVER,2.0,2.5,4.0,0.5,HIT
2026-06-16,LV@DAL,Aziaha James,bench,ast,OVER,1.0,1.4,1.0,0.4,MISS
2026-06-16,LV@DAL,Aziaha James,bench,stl,OVER,0.0,0.6,2.0,0.6,HIT
2026-06-16,LV@DAL,Aziaha James,bench,blk,OVER,0.0,0.3,0.0,0.3,MISS
2026-06-16,LV@DAL,Li Yueru,bench,pts,OVER,5.0,5.7,0.0,0.7,MISS
2026-06-16,LV@DAL,Li Yueru,bench,reb,OVER,2.0,2.7,4.0,0.7,HIT
2026-06-16,LV@DAL,Li Yueru,bench,ast,OVER,1.0,1.2,1.0,0.2,MISS
2026-06-16,LV@DAL,Li Yueru,bench,stl,OVER,0.0,0.4,0.0,0.4,MISS
2026-06-16,LV@DAL,Li Yueru,bench,blk,OVER,0.0,0.3,0.0,0.3,MISS
2026-06-16,LV@DAL,Awak Kuier,bench,pts,OVER,4.0,5.2,7.0,1.2,HIT
2026-06-16,LV@DAL,Awak Kuier,bench,reb,OVER,2.0,2.4,4.0,0.4,HIT
2026-06-16,LV@DAL,Awak Kuier,bench,ast,OVER,1.0,1.2,0.0,0.2,MISS
2026-06-16,LV@DAL,Awak Kuier,bench,stl,OVER,0.0,0.4,2.0,0.4,HIT
2026-06-16,LV@DAL,Awak Kuier,bench,blk,OVER,0.0,0.4,2.0,0.4,HIT
2026-06-16,TOR@IND,Brittney Sykes,starters,pts,OVER,7.0,8.3,11.0,1.3,HIT
2026-06-16,TOR@IND,Brittney Sykes,starters,reb,OVER,2.0,2.8,2.0,0.8,MISS
2026-06-16,TOR@IND,Brittney Sykes,starters,ast,OVER,1.0,1.9,3.0,0.9,HIT
2026-06-16,TOR@IND,Brittney Sykes,starters,stl,OVER,0.0,0.8,0.0,0.8,MISS
2026-06-16,TOR@IND,Brittney Sykes,starters,blk,OVER,0.0,0.3,0.0,0.3,MISS
2026-06-16,TOR@IND,Marina Mabrey,starters,pts,OVER,7.0,8.3,18.0,1.3,HIT
2026-06-16,TOR@IND,Marina Mabrey,starters,reb,OVER,2.0,2.6,1.0,0.6,MISS
2026-06-16,TOR@IND,Marina Mabrey,starters,ast,OVER,1.0,2.0,7.0,1.0,HIT
2026-06-16,TOR@IND,Marina Mabrey,starters,stl,OVER,0.0,0.6,2.0,0.6,HIT
2026-06-16,TOR@IND,Marina Mabrey,starters,blk,OVER,0.0,0.3,1.0,0.3,HIT
2026-06-16,TOR@IND,Julie Allemand,starters,pts,OVER,4.0,5.5,0.0,1.5,MISS
2026-06-16,TOR@IND,Julie Allemand,starters,reb,OVER,2.0,2.5,0.0,0.5,MISS
2026-06-16,TOR@IND,Julie Allemand,starters,ast,OVER,2.0,2.6,1.0,0.6,MISS
2026-06-16,TOR@IND,Julie Allemand,starters,stl,OVER,0.0,0.7,0.0,0.7,MISS
2026-06-16,TOR@IND,Julie Allemand,starters,blk,OVER,0.0,0.2,0.0,0.2,MISS
2026-06-16,TOR@IND,Kia Nurse,starters,pts,OVER,5.0,6.7,10.0,1.7,HIT
2026-06-16,TOR@IND,Kia Nurse,starters,reb,OVER,1.0,2.2,1.0,1.2,MISS
2026-06-16,TOR@IND,Kia Nurse,starters,ast,OVER,1.0,1.4,0.0,0.4,MISS
2026-06-16,TOR@IND,Kia Nurse,starters,stl,OVER,0.0,0.4,0.0,0.4,MISS
2026-06-16,TOR@IND,Kia Nurse,starters,blk,OVER,0.0,0.2,0.0,0.2,MISS
2026-06-16,TOR@IND,Laura Juskaite,starters,pts,OVER,5.0,6.7,19.0,1.7,HIT
2026-06-16,TOR@IND,Laura Juskaite,starters,reb,OVER,2.0,2.6,2.0,0.6,MISS
2026-06-16,TOR@IND,Laura Juskaite,starters,ast,OVER,1.0,1.3,4.0,0.3,HIT
2026-06-16,TOR@IND,Laura Juskaite,starters,stl,OVER,0.0,0.8,3.0,0.8,HIT
2026-06-16,TOR@IND,Laura Juskaite,starters,blk,OVER,0.0,0.2,0.0,0.2,MISS
2026-06-16,TOR@IND,Maria Conde,bench,pts,OVER,5.0,6.1,12.0,1.1,HIT
2026-06-16,TOR@IND,Maria Conde,bench,reb,OVER,2.0,2.9,4.0,0.9,HIT
2026-06-16,TOR@IND,Maria Conde,bench,ast,OVER,1.0,1.4,5.0,0.4,HIT
2026-06-16,TOR@IND,Maria Conde,bench,stl,OVER,0.0,0.4,0.0,0.4,MISS
2026-06-16,TOR@IND,Maria Conde,bench,blk,OVER,0.0,0.2,0.0,0.2,MISS
2026-06-16,TOR@IND,Isabelle Harrison,bench,pts,OVER,5.0,6.4,11.0,1.4,HIT
2026-06-16,TOR@IND,Isabelle Harrison,bench,reb,OVER,2.0,3.0,8.0,1.0,HIT
2026-06-16,TOR@IND,Isabelle Harrison,bench,ast,OVER,0.0,1.1,2.0,1.1,HIT
2026-06-16,TOR@IND,Isabelle Harrison,bench,stl,OVER,0.0,0.6,3.0,0.6,HIT
2026-06-16,TOR@IND,Isabelle Harrison,bench,blk,OVER,0.0,0.3,0.0,0.3,MISS
2026-06-16,TOR@IND,Temi Fagbenle,bench,pts,OVER,4.0,5.2,3.0,1.2,MISS
2026-06-16,TOR@IND,Temi Fagbenle,bench,reb,OVER,2.0,2.6,5.0,0.6,HIT
2026-06-16,TOR@IND,Temi Fagbenle,bench,ast,OVER,0.0,1.1,1.0,1.1,HIT
2026-06-16,TOR@IND,Temi Fagbenle,bench,stl,OVER,0.0,0.4,0.0,0.4,MISS
2026-06-16,TOR@IND,Temi Fagbenle,bench,blk,OVER,0.0,0.3,0.0,0.3,MISS
2026-06-16,TOR@IND,Teonni Key,bench,pts,OVER,3.0,4.1,2.0,1.1,MISS
2026-06-16,TOR@IND,Teonni Key,bench,reb,OVER,1.0,2.2,2.0,1.2,HIT
2026-06-16,TOR@IND,Teonni Key,bench,ast,OVER,0.0,1.0,0.0,1.0,MISS
2026-06-16,TOR@IND,Teonni Key,bench,stl,OVER,0.0,0.4,0.0,0.4,MISS
2026-06-16,TOR@IND,Teonni Key,bench,blk,OVER,0.0,0.4,0.0,0.4,MISS
2026-06-16,TOR@IND,Tima Pouye,bench,pts,OVER,3.0,4.0,5.0,1.0,HIT
2026-06-16,TOR@IND,Tima Pouye,bench,reb,OVER,1.0,1.4,2.0,0.4,HIT
2026-06-16,TOR@IND,Tima Pouye,bench,ast,OVER,0.0,1.1,2.0,1.1,HIT
2026-06-16,TOR@IND,Tima Pouye,bench,stl,OVER,0.0,0.3,1.0,0.3,HIT
2026-06-16,TOR@IND,Tima Pouye,bench,blk,OVER,0.0,0.1,0.0,0.1,MISS
2026-06-16,TOR@IND,Caitlin Clark,starters,pts,OVER,9.0,10.7,21.0,1.7,HIT
2026-06-16,TOR@IND,Caitlin Clark,starters,reb,OVER,2.0,3.4,5.0,1.4,HIT
2026-06-16,TOR@IND,Caitlin Clark,starters,ast,OVER,3.0,4.1,14.0,1.1,HIT
2026-06-16,TOR@IND,Caitlin Clark,starters,stl,OVER,0.0,0.8,1.0,0.8,HIT
2026-06-16,TOR@IND,Caitlin Clark,starters,blk,OVER,0.0,0.4,1.0,0.4,HIT
2026-06-16,TOR@IND,Aliyah Boston,starters,pts,OVER,8.0,9.1,18.0,1.1,HIT
2026-06-16,TOR@IND,Aliyah Boston,starters,reb,OVER,4.0,4.7,11.0,0.7,HIT
2026-06-16,TOR@IND,Aliyah Boston,starters,ast,OVER,1.0,2.0,4.0,1.0,HIT
2026-06-16,TOR@IND,Aliyah Boston,starters,stl,OVER,0.0,0.7,2.0,0.7,HIT
2026-06-16,TOR@IND,Aliyah Boston,starters,blk,OVER,0.0,0.6,2.0,0.6,HIT
2026-06-16,TOR@IND,Kelsey Mitchell,starters,pts,OVER,8.0,10.2,27.0,2.2,HIT
2026-06-16,TOR@IND,Kelsey Mitchell,starters,reb,OVER,1.0,2.0,1.0,1.0,MISS
2026-06-16,TOR@IND,Kelsey Mitchell,starters,ast,OVER,1.0,1.9,2.0,0.9,HIT
2026-06-16,TOR@IND,Kelsey Mitchell,starters,stl,OVER,0.0,0.6,0.0,0.6,MISS
2026-06-16,TOR@IND,Kelsey Mitchell,starters,blk,OVER,0.0,0.2,0.0,0.2,MISS
2026-06-16,TOR@IND,Sophie Cunningham,starters,pts,OVER,5.0,6.4,24.0,1.4,HIT
2026-06-16,TOR@IND,Sophie Cunningham,starters,reb,OVER,2.0,2.4,6.0,0.4,HIT
2026-06-16,TOR@IND,Sophie Cunningham,starters,ast,OVER,1.0,1.3,2.0,0.3,HIT
2026-06-16,TOR@IND,Sophie Cunningham,starters,stl,OVER,0.0,0.5,0.0,0.5,MISS
2026-06-16,TOR@IND,Sophie Cunningham,starters,blk,OVER,0.0,0.2,0.0,0.2,MISS
2026-06-16,TOR@IND,Lexie Hull,starters,pts,OVER,4.0,5.5,6.0,1.5,HIT
2026-06-16,TOR@IND,Lexie Hull,starters,reb,OVER,2.0,2.5,4.0,0.5,HIT
2026-06-16,TOR@IND,Lexie Hull,starters,ast,OVER,1.0,1.2,0.0,0.2,MISS
2026-06-16,TOR@IND,Lexie Hull,starters,stl,OVER,0.0,0.6,0.0,0.6,MISS
2026-06-16,TOR@IND,Lexie Hull,starters,blk,OVER,0.0,0.2,0.0,0.2,MISS
2026-06-16,TOR@IND,Monique Billings,bench,pts,OVER,5.0,5.8,5.0,0.8,MISS
2026-06-16,TOR@IND,Monique Billings,bench,reb,OVER,3.0,3.5,7.0,0.5,HIT
2026-06-16,TOR@IND,Monique Billings,bench,ast,OVER,0.0,1.1,0.0,1.1,MISS
2026-06-16,TOR@IND,Monique Billings,bench,stl,OVER,0.0,0.5,0.0,0.5,MISS
2026-06-16,TOR@IND,Monique Billings,bench,blk,OVER,0.0,0.3,0.0,0.3,MISS
2026-06-16,TOR@IND,Myisha Hines-Allen,bench,pts,OVER,5.0,6.3,0.0,1.3,MISS
2026-06-16,TOR@IND,Myisha Hines-Allen,bench,reb,OVER,2.0,3.2,2.0,1.2,MISS
2026-06-16,TOR@IND,Myisha Hines-Allen,bench,ast,OVER,1.0,1.6,2.0,0.6,HIT
2026-06-16,TOR@IND,Myisha Hines-Allen,bench,stl,OVER,0.0,0.6,0.0,0.6,MISS
2026-06-16,TOR@IND,Myisha Hines-Allen,bench,blk,OVER,0.0,0.3,0.0,0.3,MISS
2026-06-16,TOR@IND,Damiris Dantas,bench,pts,OVER,5.0,6.0,4.0,1.0,MISS
2026-06-16,TOR@IND,Damiris Dantas,bench,reb,OVER,2.0,2.8,1.0,0.8,MISS
2026-06-16,TOR@IND,Damiris Dantas,bench,ast,OVER,1.0,1.3,0.0,0.3,MISS
2026-06-16,TOR@IND,Damiris Dantas,bench,stl,OVER,0.0,0.4,0.0,0.4,MISS
2026-06-16,TOR@IND,Damiris Dantas,bench,blk,OVER,0.0,0.3,0.0,0.3,MISS
2026-06-16,TOR@IND,Raven Johnson,bench,pts,OVER,4.0,5.0,6.0,1.0,HIT
2026-06-16,TOR@IND,Raven Johnson,bench,reb,OVER,1.0,2.0,0.0,1.0,MISS
2026-06-16,TOR@IND,Raven Johnson,bench,ast,OVER,1.0,1.3,1.0,0.3,MISS
2026-06-16,TOR@IND,Raven Johnson,bench,stl,OVER,0.0,0.4,0.0,0.4,MISS
2026-06-16,TOR@IND,Raven Johnson,bench,blk,OVER,0.0,0.2,0.0,0.2,MISS
2026-06-16,TOR@IND,Grace VanSlooten,bench,pts,OVER,4.0,4.6,0.0,0.6,MISS
2026-06-16,TOR@IND,Grace VanSlooten,bench,reb,OVER,1.0,1.6,0.0,0.6,MISS
2026-06-16,TOR@IND,Grace VanSlooten,bench,ast,OVER,0.0,0.9,0.0,0.9,MISS
2026-06-16,TOR@IND,Grace VanSlooten,bench,stl,OVER,0.0,0.5,0.0,0.5,MISS
2026-06-16,TOR@IND,Grace VanSlooten,bench,blk,OVER,0.0,0.3,0.0,0.3,MISS
2026-06-16,TOR@IND,Makayla Timpson,bench,pts,OVER,3.0,4.4,2.0,1.4,MISS
2026-06-16,TOR@IND,Makayla Timpson,bench,reb,OVER,1.0,2.2,6.0,1.2,HIT
2026-06-16,TOR@IND,Makayla Timpson,bench,ast,OVER,0.0,0.8,0.0,0.8,MISS
2026-06-16,TOR@IND,Makayla Timpson,bench,stl,OVER,0.0,0.4,1.0,0.4,HIT
2026-06-16,TOR@IND,Makayla Timpson,bench,blk,OVER,0.0,0.3,2.0,0.3,HIT
