game_id,home_team,away_team,start_time,book,market,updated_at,name,price,point
a11188d43bce66a788fd84b4a10dc19b,Toronto Tempo,New York Liberty,2026-07-12T19:02:55Z,fanduel,h2h,2026-07-12T19:47:13Z,New York Liberty,-104,
a11188d43bce66a788fd84b4a10dc19b,Toronto Tempo,New York Liberty,2026-07-12T19:02:55Z,fanduel,h2h,2026-07-12T19:47:13Z,Toronto Tempo,-122,
a11188d43bce66a788fd84b4a10dc19b,Toronto Tempo,New York Liberty,2026-07-12T19:02:55Z,fanduel,spreads,2026-07-12T19:47:13Z,New York Liberty,-118,1.5
a11188d43bce66a788fd84b4a10dc19b,Toronto Tempo,New York Liberty,2026-07-12T19:02:55Z,fanduel,spreads,2026-07-12T19:47:13Z,Toronto Tempo,-112,-1.5
a11188d43bce66a788fd84b4a10dc19b,Toronto Tempo,New York Liberty,2026-07-12T19:02:55Z,fanduel,totals,2026-07-12T19:47:13Z,Over,-132,180.5
a11188d43bce66a788fd84b4a10dc19b,Toronto Tempo,New York Liberty,2026-07-12T19:02:55Z,fanduel,totals,2026-07-12T19:47:13Z,Under,100,180.5
a11188d43bce66a788fd84b4a10dc19b,Toronto Tempo,New York Liberty,2026-07-12T19:02:55Z,mybookieag,h2h,2026-07-12T19:46:40Z,New York Liberty,-182,
a11188d43bce66a788fd84b4a10dc19b,Toronto Tempo,New York Liberty,2026-07-12T19:02:55Z,mybookieag,h2h,2026-07-12T19:46:40Z,Toronto Tempo,140,
a11188d43bce66a788fd84b4a10dc19b,Toronto Tempo,New York Liberty,2026-07-12T19:02:55Z,mybookieag,spreads,2026-07-12T19:46:40Z,New York Liberty,-118,-3.5
a11188d43bce66a788fd84b4a10dc19b,Toronto Tempo,New York Liberty,2026-07-12T19:02:55Z,mybookieag,spreads,2026-07-12T19:46:40Z,Toronto Tempo,-105,3.5
a11188d43bce66a788fd84b4a10dc19b,Toronto Tempo,New York Liberty,2026-07-12T19:02:55Z,mybookieag,totals,2026-07-12T19:46:40Z,Over,-118,178.5
a11188d43bce66a788fd84b4a10dc19b,Toronto Tempo,New York Liberty,2026-07-12T19:02:55Z,mybookieag,totals,2026-07-12T19:46:40Z,Under,-111,178.5
a11188d43bce66a788fd84b4a10dc19b,Toronto Tempo,New York Liberty,2026-07-12T19:02:55Z,betmgm,h2h,2026-07-12T19:46:55Z,New York Liberty,135,
a11188d43bce66a788fd84b4a10dc19b,Toronto Tempo,New York Liberty,2026-07-12T19:02:55Z,betmgm,h2h,2026-07-12T19:46:55Z,Toronto Tempo,-175,
a11188d43bce66a788fd84b4a10dc19b,Toronto Tempo,New York Liberty,2026-07-12T19:02:55Z,betmgm,spreads,2026-07-12T19:46:55Z,New York Liberty,-118,3.5
a11188d43bce66a788fd84b4a10dc19b,Toronto Tempo,New York Liberty,2026-07-12T19:02:55Z,betmgm,spreads,2026-07-12T19:46:55Z,Toronto Tempo,-105,-3.5
a11188d43bce66a788fd84b4a10dc19b,Toronto Tempo,New York Liberty,2026-07-12T19:02:55Z,betmgm,totals,2026-07-12T19:46:55Z,Over,-110,179.5
a11188d43bce66a788fd84b4a10dc19b,Toronto Tempo,New York Liberty,2026-07-12T19:02:55Z,betmgm,totals,2026-07-12T19:46:55Z,Under,-115,179.5
a11188d43bce66a788fd84b4a10dc19b,Toronto Tempo,New York Liberty,2026-07-12T19:02:55Z,draftkings,h2h,2026-07-12T19:46:56Z,New York Liberty,120,
a11188d43bce66a788fd84b4a10dc19b,Toronto Tempo,New York Liberty,2026-07-12T19:02:55Z,draftkings,h2h,2026-07-12T19:46:56Z,Toronto Tempo,-154,
a11188d43bce66a788fd84b4a10dc19b,Toronto Tempo,New York Liberty,2026-07-12T19:02:55Z,draftkings,spreads,2026-07-12T19:46:56Z,New York Liberty,-115,2.5
a11188d43bce66a788fd84b4a10dc19b,Toronto Tempo,New York Liberty,2026-07-12T19:02:55Z,draftkings,spreads,2026-07-12T19:46:56Z,Toronto Tempo,-115,-2.5
a11188d43bce66a788fd84b4a10dc19b,Toronto Tempo,New York Liberty,2026-07-12T19:02:55Z,draftkings,totals,2026-07-12T19:46:56Z,Over,-120,178.5
a11188d43bce66a788fd84b4a10dc19b,Toronto Tempo,New York Liberty,2026-07-12T19:02:55Z,draftkings,totals,2026-07-12T19:46:56Z,Under,-110,178.5
a11188d43bce66a788fd84b4a10dc19b,Toronto Tempo,New York Liberty,2026-07-12T19:02:55Z,williamhill_us,h2h,2026-07-12T19:42:05Z,New York Liberty,-240,
a11188d43bce66a788fd84b4a10dc19b,Toronto Tempo,New York Liberty,2026-07-12T19:02:55Z,williamhill_us,h2h,2026-07-12T19:42:05Z,Toronto Tempo,185,
a11188d43bce66a788fd84b4a10dc19b,Toronto Tempo,New York Liberty,2026-07-12T19:02:55Z,williamhill_us,spreads,2026-07-12T19:42:05Z,New York Liberty,-115,-5.5
a11188d43bce66a788fd84b4a10dc19b,Toronto Tempo,New York Liberty,2026-07-12T19:02:55Z,williamhill_us,spreads,2026-07-12T19:42:05Z,Toronto Tempo,-115,5.5
a11188d43bce66a788fd84b4a10dc19b,Toronto Tempo,New York Liberty,2026-07-12T19:02:55Z,williamhill_us,totals,2026-07-12T19:42:05Z,Over,-115,176.5
a11188d43bce66a788fd84b4a10dc19b,Toronto Tempo,New York Liberty,2026-07-12T19:02:55Z,williamhill_us,totals,2026-07-12T19:42:05Z,Under,-115,176.5
a11188d43bce66a788fd84b4a10dc19b,Toronto Tempo,New York Liberty,2026-07-12T19:02:55Z,bovada,h2h,2026-07-12T19:45:50Z,New York Liberty,-110,
a11188d43bce66a788fd84b4a10dc19b,Toronto Tempo,New York Liberty,2026-07-12T19:02:55Z,bovada,h2h,2026-07-12T19:45:50Z,Toronto Tempo,-120,
a11188d43bce66a788fd84b4a10dc19b,Toronto Tempo,New York Liberty,2026-07-12T19:02:55Z,bovada,spreads,2026-07-12T19:45:50Z,New York Liberty,-120,1.0
a11188d43bce66a788fd84b4a10dc19b,Toronto Tempo,New York Liberty,2026-07-12T19:02:55Z,bovada,spreads,2026-07-12T19:45:50Z,Toronto Tempo,-110,-1.0
a11188d43bce66a788fd84b4a10dc19b,Toronto Tempo,New York Liberty,2026-07-12T19:02:55Z,bovada,totals,2026-07-12T19:45:50Z,Over,-115,179.5
a11188d43bce66a788fd84b4a10dc19b,Toronto Tempo,New York Liberty,2026-07-12T19:02:55Z,bovada,totals,2026-07-12T19:45:50Z,Under,-115,179.5
a11188d43bce66a788fd84b4a10dc19b,Toronto Tempo,New York Liberty,2026-07-12T19:02:55Z,fanatics,h2h,2026-07-12T19:47:12Z,New York Liberty,-105,
a11188d43bce66a788fd84b4a10dc19b,Toronto Tempo,New York Liberty,2026-07-12T19:02:55Z,fanatics,h2h,2026-07-12T19:47:12Z,Toronto Tempo,-125,
a11188d43bce66a788fd84b4a10dc19b,Toronto Tempo,New York Liberty,2026-07-12T19:02:55Z,fanatics,spreads,2026-07-12T19:47:12Z,New York Liberty,-120,1.5
a11188d43bce66a788fd84b4a10dc19b,Toronto Tempo,New York Liberty,2026-07-12T19:02:55Z,fanatics,spreads,2026-07-12T19:47:12Z,Toronto Tempo,-110,-1.5
a11188d43bce66a788fd84b4a10dc19b,Toronto Tempo,New York Liberty,2026-07-12T19:02:55Z,fanatics,totals,2026-07-12T19:47:12Z,Over,-130,180.5
a11188d43bce66a788fd84b4a10dc19b,Toronto Tempo,New York Liberty,2026-07-12T19:02:55Z,fanatics,totals,2026-07-12T19:47:12Z,Under,100,180.5
a11188d43bce66a788fd84b4a10dc19b,Toronto Tempo,New York Liberty,2026-07-12T19:02:55Z,betrivers,h2h,2026-07-12T19:47:29Z,New York Liberty,165,
a11188d43bce66a788fd84b4a10dc19b,Toronto Tempo,New York Liberty,2026-07-12T19:02:55Z,betrivers,h2h,2026-07-12T19:47:29Z,Toronto Tempo,-240,
a11188d43bce66a788fd84b4a10dc19b,Toronto Tempo,New York Liberty,2026-07-12T19:02:55Z,betrivers,spreads,2026-07-12T19:47:29Z,New York Liberty,-118,4.5
a11188d43bce66a788fd84b4a10dc19b,Toronto Tempo,New York Liberty,2026-07-12T19:02:55Z,betrivers,spreads,2026-07-12T19:47:29Z,Toronto Tempo,-118,-4.5
a11188d43bce66a788fd84b4a10dc19b,Toronto Tempo,New York Liberty,2026-07-12T19:02:55Z,betrivers,totals,2026-07-12T19:47:29Z,Over,-122,182.5
a11188d43bce66a788fd84b4a10dc19b,Toronto Tempo,New York Liberty,2026-07-12T19:02:55Z,betrivers,totals,2026-07-12T19:47:29Z,Under,-129,182.5
a82c548dd13bf0b9134cd20a43ac88de,Washington Mystics,Seattle Storm,2026-07-12T19:03:02Z,fanduel,h2h,2026-07-12T19:47:13Z,Seattle Storm,150,
a82c548dd13bf0b9134cd20a43ac88de,Washington Mystics,Seattle Storm,2026-07-12T19:03:02Z,fanduel,h2h,2026-07-12T19:47:13Z,Washington Mystics,-196,
a82c548dd13bf0b9134cd20a43ac88de,Washington Mystics,Seattle Storm,2026-07-12T19:03:02Z,fanduel,spreads,2026-07-12T19:47:13Z,Seattle Storm,-104,3.5
a82c548dd13bf0b9134cd20a43ac88de,Washington Mystics,Seattle Storm,2026-07-12T19:03:02Z,fanduel,spreads,2026-07-12T19:47:13Z,Washington Mystics,-125,-3.5
a82c548dd13bf0b9134cd20a43ac88de,Washington Mystics,Seattle Storm,2026-07-12T19:03:02Z,fanduel,totals,2026-07-12T19:47:13Z,Over,-130,168.5
a82c548dd13bf0b9134cd20a43ac88de,Washington Mystics,Seattle Storm,2026-07-12T19:03:02Z,fanduel,totals,2026-07-12T19:47:13Z,Under,-102,168.5
a82c548dd13bf0b9134cd20a43ac88de,Washington Mystics,Seattle Storm,2026-07-12T19:03:02Z,fanatics,h2h,2026-07-12T19:47:12Z,Seattle Storm,165,
a82c548dd13bf0b9134cd20a43ac88de,Washington Mystics,Seattle Storm,2026-07-12T19:03:02Z,fanatics,h2h,2026-07-12T19:47:12Z,Washington Mystics,-220,
a82c548dd13bf0b9134cd20a43ac88de,Washington Mystics,Seattle Storm,2026-07-12T19:03:02Z,fanatics,spreads,2026-07-12T19:47:12Z,Seattle Storm,-115,5.5
a82c548dd13bf0b9134cd20a43ac88de,Washington Mystics,Seattle Storm,2026-07-12T19:03:02Z,fanatics,spreads,2026-07-12T19:47:12Z,Washington Mystics,-115,-5.5
a82c548dd13bf0b9134cd20a43ac88de,Washington Mystics,Seattle Storm,2026-07-12T19:03:02Z,fanatics,totals,2026-07-12T19:47:12Z,Over,-155,166.5
a82c548dd13bf0b9134cd20a43ac88de,Washington Mystics,Seattle Storm,2026-07-12T19:03:02Z,fanatics,totals,2026-07-12T19:47:12Z,Under,120,166.5
a82c548dd13bf0b9134cd20a43ac88de,Washington Mystics,Seattle Storm,2026-07-12T19:03:02Z,mybookieag,h2h,2026-07-12T19:46:40Z,Seattle Storm,130,
a82c548dd13bf0b9134cd20a43ac88de,Washington Mystics,Seattle Storm,2026-07-12T19:03:02Z,mybookieag,h2h,2026-07-12T19:46:40Z,Washington Mystics,-167,
a82c548dd13bf0b9134cd20a43ac88de,Washington Mystics,Seattle Storm,2026-07-12T19:03:02Z,mybookieag,spreads,2026-07-12T19:46:40Z,Seattle Storm,-125,3.5
a82c548dd13bf0b9134cd20a43ac88de,Washington Mystics,Seattle Storm,2026-07-12T19:03:02Z,mybookieag,spreads,2026-07-12T19:46:40Z,Washington Mystics,-105,-3.5
a82c548dd13bf0b9134cd20a43ac88de,Washington Mystics,Seattle Storm,2026-07-12T19:03:02Z,mybookieag,totals,2026-07-12T19:46:40Z,Over,-111,168.5
a82c548dd13bf0b9134cd20a43ac88de,Washington Mystics,Seattle Storm,2026-07-12T19:03:02Z,mybookieag,totals,2026-07-12T19:46:40Z,Under,-111,168.5
a82c548dd13bf0b9134cd20a43ac88de,Washington Mystics,Seattle Storm,2026-07-12T19:03:02Z,williamhill_us,h2h,2026-07-12T19:42:05Z,Seattle Storm,145,
a82c548dd13bf0b9134cd20a43ac88de,Washington Mystics,Seattle Storm,2026-07-12T19:03:02Z,williamhill_us,h2h,2026-07-12T19:42:05Z,Washington Mystics,-180,
a82c548dd13bf0b9134cd20a43ac88de,Washington Mystics,Seattle Storm,2026-07-12T19:03:02Z,williamhill_us,spreads,2026-07-12T19:42:05Z,Seattle Storm,-120,3.5
a82c548dd13bf0b9134cd20a43ac88de,Washington Mystics,Seattle Storm,2026-07-12T19:03:02Z,williamhill_us,spreads,2026-07-12T19:42:05Z,Washington Mystics,-110,-3.5
a82c548dd13bf0b9134cd20a43ac88de,Washington Mystics,Seattle Storm,2026-07-12T19:03:02Z,williamhill_us,totals,2026-07-12T19:42:05Z,Over,-115,167.5
a82c548dd13bf0b9134cd20a43ac88de,Washington Mystics,Seattle Storm,2026-07-12T19:03:02Z,williamhill_us,totals,2026-07-12T19:42:05Z,Under,-115,167.5
a82c548dd13bf0b9134cd20a43ac88de,Washington Mystics,Seattle Storm,2026-07-12T19:03:02Z,draftkings,h2h,2026-07-12T19:46:56Z,Seattle Storm,175,
a82c548dd13bf0b9134cd20a43ac88de,Washington Mystics,Seattle Storm,2026-07-12T19:03:02Z,draftkings,h2h,2026-07-12T19:46:56Z,Washington Mystics,-230,
a82c548dd13bf0b9134cd20a43ac88de,Washington Mystics,Seattle Storm,2026-07-12T19:03:02Z,draftkings,spreads,2026-07-12T19:46:56Z,Seattle Storm,-115,4.5
a82c548dd13bf0b9134cd20a43ac88de,Washington Mystics,Seattle Storm,2026-07-12T19:03:02Z,draftkings,spreads,2026-07-12T19:46:56Z,Washington Mystics,-115,-4.5
a82c548dd13bf0b9134cd20a43ac88de,Washington Mystics,Seattle Storm,2026-07-12T19:03:02Z,draftkings,totals,2026-07-12T19:46:56Z,Over,-115,167.5
a82c548dd13bf0b9134cd20a43ac88de,Washington Mystics,Seattle Storm,2026-07-12T19:03:02Z,draftkings,totals,2026-07-12T19:46:56Z,Under,-115,167.5
a82c548dd13bf0b9134cd20a43ac88de,Washington Mystics,Seattle Storm,2026-07-12T19:03:02Z,bovada,h2h,2026-07-12T19:45:50Z,Seattle Storm,205,
a82c548dd13bf0b9134cd20a43ac88de,Washington Mystics,Seattle Storm,2026-07-12T19:03:02Z,bovada,h2h,2026-07-12T19:45:50Z,Washington Mystics,-280,
a82c548dd13bf0b9134cd20a43ac88de,Washington Mystics,Seattle Storm,2026-07-12T19:03:02Z,bovada,spreads,2026-07-12T19:45:50Z,Seattle Storm,-115,6.0
a82c548dd13bf0b9134cd20a43ac88de,Washington Mystics,Seattle Storm,2026-07-12T19:03:02Z,bovada,spreads,2026-07-12T19:45:50Z,Washington Mystics,-115,-6.0
a82c548dd13bf0b9134cd20a43ac88de,Washington Mystics,Seattle Storm,2026-07-12T19:03:02Z,bovada,totals,2026-07-12T19:45:50Z,Over,-115,169.0
a82c548dd13bf0b9134cd20a43ac88de,Washington Mystics,Seattle Storm,2026-07-12T19:03:02Z,bovada,totals,2026-07-12T19:45:50Z,Under,-115,169.0
a82c548dd13bf0b9134cd20a43ac88de,Washington Mystics,Seattle Storm,2026-07-12T19:03:02Z,betmgm,h2h,2026-07-12T19:46:55Z,Seattle Storm,170,
a82c548dd13bf0b9134cd20a43ac88de,Washington Mystics,Seattle Storm,2026-07-12T19:03:02Z,betmgm,h2h,2026-07-12T19:46:55Z,Washington Mystics,-225,
a82c548dd13bf0b9134cd20a43ac88de,Washington Mystics,Seattle Storm,2026-07-12T19:03:02Z,betmgm,spreads,2026-07-12T19:46:55Z,Seattle Storm,-110,4.5
a82c548dd13bf0b9134cd20a43ac88de,Washington Mystics,Seattle Storm,2026-07-12T19:03:02Z,betmgm,spreads,2026-07-12T19:46:55Z,Washington Mystics,-115,-4.5
a82c548dd13bf0b9134cd20a43ac88de,Washington Mystics,Seattle Storm,2026-07-12T19:03:02Z,betmgm,totals,2026-07-12T19:46:55Z,Over,-118,166.5
a82c548dd13bf0b9134cd20a43ac88de,Washington Mystics,Seattle Storm,2026-07-12T19:03:02Z,betmgm,totals,2026-07-12T19:46:55Z,Under,-110,166.5
a82c548dd13bf0b9134cd20a43ac88de,Washington Mystics,Seattle Storm,2026-07-12T19:03:02Z,betrivers,h2h,2026-07-12T19:47:29Z,Seattle Storm,143,
a82c548dd13bf0b9134cd20a43ac88de,Washington Mystics,Seattle Storm,2026-07-12T19:03:02Z,betrivers,h2h,2026-07-12T19:47:29Z,Washington Mystics,-205,
a82c548dd13bf0b9134cd20a43ac88de,Washington Mystics,Seattle Storm,2026-07-12T19:03:02Z,betrivers,spreads,2026-07-12T19:47:29Z,Seattle Storm,-117,3.5
a82c548dd13bf0b9134cd20a43ac88de,Washington Mystics,Seattle Storm,2026-07-12T19:03:02Z,betrivers,spreads,2026-07-12T19:47:29Z,Washington Mystics,-120,-3.5
a82c548dd13bf0b9134cd20a43ac88de,Washington Mystics,Seattle Storm,2026-07-12T19:03:02Z,betrivers,totals,2026-07-12T19:47:29Z,Over,-130,170.5
a82c548dd13bf0b9134cd20a43ac88de,Washington Mystics,Seattle Storm,2026-07-12T19:03:02Z,betrivers,totals,2026-07-12T19:47:29Z,Under,-121,170.5
15504ed1a378321542911fbfb7a49591,Dallas Wings,Chicago Sky,2026-07-12T23:00:00Z,fanduel,h2h,2026-07-12T19:47:13Z,Chicago Sky,330,
15504ed1a378321542911fbfb7a49591,Dallas Wings,Chicago Sky,2026-07-12T23:00:00Z,fanduel,h2h,2026-07-12T19:47:13Z,Dallas Wings,-450,
15504ed1a378321542911fbfb7a49591,Dallas Wings,Chicago Sky,2026-07-12T23:00:00Z,fanduel,spreads,2026-07-12T19:47:13Z,Chicago Sky,-108,9.5
15504ed1a378321542911fbfb7a49591,Dallas Wings,Chicago Sky,2026-07-12T23:00:00Z,fanduel,spreads,2026-07-12T19:47:13Z,Dallas Wings,-112,-9.5
15504ed1a378321542911fbfb7a49591,Dallas Wings,Chicago Sky,2026-07-12T23:00:00Z,fanduel,totals,2026-07-12T19:47:13Z,Over,-115,177.5
15504ed1a378321542911fbfb7a49591,Dallas Wings,Chicago Sky,2026-07-12T23:00:00Z,fanduel,totals,2026-07-12T19:47:13Z,Under,-105,177.5
15504ed1a378321542911fbfb7a49591,Dallas Wings,Chicago Sky,2026-07-12T23:00:00Z,fanatics,h2h,2026-07-12T19:47:12Z,Chicago Sky,340,
15504ed1a378321542911fbfb7a49591,Dallas Wings,Chicago Sky,2026-07-12T23:00:00Z,fanatics,h2h,2026-07-12T19:47:12Z,Dallas Wings,-450,
15504ed1a378321542911fbfb7a49591,Dallas Wings,Chicago Sky,2026-07-12T23:00:00Z,fanatics,spreads,2026-07-12T19:47:12Z,Chicago Sky,-110,9.5
15504ed1a378321542911fbfb7a49591,Dallas Wings,Chicago Sky,2026-07-12T23:00:00Z,fanatics,spreads,2026-07-12T19:47:12Z,Dallas Wings,-110,-9.5
15504ed1a378321542911fbfb7a49591,Dallas Wings,Chicago Sky,2026-07-12T23:00:00Z,fanatics,totals,2026-07-12T19:47:12Z,Over,-110,177.5
15504ed1a378321542911fbfb7a49591,Dallas Wings,Chicago Sky,2026-07-12T23:00:00Z,fanatics,totals,2026-07-12T19:47:12Z,Under,-110,177.5
15504ed1a378321542911fbfb7a49591,Dallas Wings,Chicago Sky,2026-07-12T23:00:00Z,mybookieag,h2h,2026-07-12T19:46:40Z,Chicago Sky,340,
15504ed1a378321542911fbfb7a49591,Dallas Wings,Chicago Sky,2026-07-12T23:00:00Z,mybookieag,h2h,2026-07-12T19:46:40Z,Dallas Wings,-469,
15504ed1a378321542911fbfb7a49591,Dallas Wings,Chicago Sky,2026-07-12T23:00:00Z,mybookieag,spreads,2026-07-12T19:46:40Z,Chicago Sky,-110,9.5
15504ed1a378321542911fbfb7a49591,Dallas Wings,Chicago Sky,2026-07-12T23:00:00Z,mybookieag,spreads,2026-07-12T19:46:40Z,Dallas Wings,-110,-9.5
15504ed1a378321542911fbfb7a49591,Dallas Wings,Chicago Sky,2026-07-12T23:00:00Z,mybookieag,totals,2026-07-12T19:46:40Z,Over,-110,177.5
15504ed1a378321542911fbfb7a49591,Dallas Wings,Chicago Sky,2026-07-12T23:00:00Z,mybookieag,totals,2026-07-12T19:46:40Z,Under,-110,177.5
15504ed1a378321542911fbfb7a49591,Dallas Wings,Chicago Sky,2026-07-12T23:00:00Z,lowvig,h2h,2026-07-12T19:47:13Z,Chicago Sky,344,
15504ed1a378321542911fbfb7a49591,Dallas Wings,Chicago Sky,2026-07-12T23:00:00Z,lowvig,h2h,2026-07-12T19:47:13Z,Dallas Wings,-440,
15504ed1a378321542911fbfb7a49591,Dallas Wings,Chicago Sky,2026-07-12T23:00:00Z,lowvig,spreads,2026-07-12T19:47:13Z,Chicago Sky,-108,9.5
15504ed1a378321542911fbfb7a49591,Dallas Wings,Chicago Sky,2026-07-12T23:00:00Z,lowvig,spreads,2026-07-12T19:47:13Z,Dallas Wings,-108,-9.5
15504ed1a378321542911fbfb7a49591,Dallas Wings,Chicago Sky,2026-07-12T23:00:00Z,lowvig,totals,2026-07-12T19:47:13Z,Over,-111,177.5
15504ed1a378321542911fbfb7a49591,Dallas Wings,Chicago Sky,2026-07-12T23:00:00Z,lowvig,totals,2026-07-12T19:47:13Z,Under,-105,177.5
15504ed1a378321542911fbfb7a49591,Dallas Wings,Chicago Sky,2026-07-12T23:00:00Z,betonlineag,h2h,2026-07-12T19:46:57Z,Chicago Sky,344,
15504ed1a378321542911fbfb7a49591,Dallas Wings,Chicago Sky,2026-07-12T23:00:00Z,betonlineag,h2h,2026-07-12T19:46:57Z,Dallas Wings,-440,
15504ed1a378321542911fbfb7a49591,Dallas Wings,Chicago Sky,2026-07-12T23:00:00Z,betonlineag,spreads,2026-07-12T19:46:57Z,Chicago Sky,-110,9.5
15504ed1a378321542911fbfb7a49591,Dallas Wings,Chicago Sky,2026-07-12T23:00:00Z,betonlineag,spreads,2026-07-12T19:46:57Z,Dallas Wings,-110,-9.5
15504ed1a378321542911fbfb7a49591,Dallas Wings,Chicago Sky,2026-07-12T23:00:00Z,betonlineag,totals,2026-07-12T19:46:57Z,Over,-113,177.5
15504ed1a378321542911fbfb7a49591,Dallas Wings,Chicago Sky,2026-07-12T23:00:00Z,betonlineag,totals,2026-07-12T19:46:57Z,Under,-107,177.5
15504ed1a378321542911fbfb7a49591,Dallas Wings,Chicago Sky,2026-07-12T23:00:00Z,williamhill_us,h2h,2026-07-12T19:42:05Z,Chicago Sky,345,
15504ed1a378321542911fbfb7a49591,Dallas Wings,Chicago Sky,2026-07-12T23:00:00Z,williamhill_us,h2h,2026-07-12T19:42:05Z,Dallas Wings,-455,
15504ed1a378321542911fbfb7a49591,Dallas Wings,Chicago Sky,2026-07-12T23:00:00Z,williamhill_us,spreads,2026-07-12T19:42:05Z,Chicago Sky,-110,9.5
15504ed1a378321542911fbfb7a49591,Dallas Wings,Chicago Sky,2026-07-12T23:00:00Z,williamhill_us,spreads,2026-07-12T19:42:05Z,Dallas Wings,-110,-9.5
15504ed1a378321542911fbfb7a49591,Dallas Wings,Chicago Sky,2026-07-12T23:00:00Z,williamhill_us,totals,2026-07-12T19:42:05Z,Over,-110,177.5
15504ed1a378321542911fbfb7a49591,Dallas Wings,Chicago Sky,2026-07-12T23:00:00Z,williamhill_us,totals,2026-07-12T19:42:05Z,Under,-110,177.5
15504ed1a378321542911fbfb7a49591,Dallas Wings,Chicago Sky,2026-07-12T23:00:00Z,draftkings,h2h,2026-07-12T19:46:56Z,Chicago Sky,350,
15504ed1a378321542911fbfb7a49591,Dallas Wings,Chicago Sky,2026-07-12T23:00:00Z,draftkings,h2h,2026-07-12T19:46:56Z,Dallas Wings,-455,
15504ed1a378321542911fbfb7a49591,Dallas Wings,Chicago Sky,2026-07-12T23:00:00Z,draftkings,spreads,2026-07-12T19:46:56Z,Chicago Sky,-108,9.5
15504ed1a378321542911fbfb7a49591,Dallas Wings,Chicago Sky,2026-07-12T23:00:00Z,draftkings,spreads,2026-07-12T19:46:56Z,Dallas Wings,-112,-9.5
15504ed1a378321542911fbfb7a49591,Dallas Wings,Chicago Sky,2026-07-12T23:00:00Z,draftkings,totals,2026-07-12T19:46:56Z,Over,-112,177.5
15504ed1a378321542911fbfb7a49591,Dallas Wings,Chicago Sky,2026-07-12T23:00:00Z,draftkings,totals,2026-07-12T19:46:56Z,Under,-108,177.5
15504ed1a378321542911fbfb7a49591,Dallas Wings,Chicago Sky,2026-07-12T23:00:00Z,bovada,h2h,2026-07-12T19:45:50Z,Chicago Sky,345,
15504ed1a378321542911fbfb7a49591,Dallas Wings,Chicago Sky,2026-07-12T23:00:00Z,bovada,h2h,2026-07-12T19:45:50Z,Dallas Wings,-470,
15504ed1a378321542911fbfb7a49591,Dallas Wings,Chicago Sky,2026-07-12T23:00:00Z,bovada,spreads,2026-07-12T19:45:50Z,Chicago Sky,-110,9.5
15504ed1a378321542911fbfb7a49591,Dallas Wings,Chicago Sky,2026-07-12T23:00:00Z,bovada,spreads,2026-07-12T19:45:50Z,Dallas Wings,-110,-9.5
15504ed1a378321542911fbfb7a49591,Dallas Wings,Chicago Sky,2026-07-12T23:00:00Z,bovada,totals,2026-07-12T19:45:50Z,Over,-110,178.0
15504ed1a378321542911fbfb7a49591,Dallas Wings,Chicago Sky,2026-07-12T23:00:00Z,bovada,totals,2026-07-12T19:45:50Z,Under,-110,178.0
15504ed1a378321542911fbfb7a49591,Dallas Wings,Chicago Sky,2026-07-12T23:00:00Z,betmgm,h2h,2026-07-12T19:46:55Z,Chicago Sky,340,
15504ed1a378321542911fbfb7a49591,Dallas Wings,Chicago Sky,2026-07-12T23:00:00Z,betmgm,h2h,2026-07-12T19:46:55Z,Dallas Wings,-450,
15504ed1a378321542911fbfb7a49591,Dallas Wings,Chicago Sky,2026-07-12T23:00:00Z,betmgm,spreads,2026-07-12T19:46:55Z,Chicago Sky,-110,9.5
15504ed1a378321542911fbfb7a49591,Dallas Wings,Chicago Sky,2026-07-12T23:00:00Z,betmgm,spreads,2026-07-12T19:46:55Z,Dallas Wings,-110,-9.5
15504ed1a378321542911fbfb7a49591,Dallas Wings,Chicago Sky,2026-07-12T23:00:00Z,betmgm,totals,2026-07-12T19:46:55Z,Over,-110,177.5
15504ed1a378321542911fbfb7a49591,Dallas Wings,Chicago Sky,2026-07-12T23:00:00Z,betmgm,totals,2026-07-12T19:46:55Z,Under,-110,177.5
15504ed1a378321542911fbfb7a49591,Dallas Wings,Chicago Sky,2026-07-12T23:00:00Z,betrivers,h2h,2026-07-12T19:47:29Z,Chicago Sky,330,
15504ed1a378321542911fbfb7a49591,Dallas Wings,Chicago Sky,2026-07-12T23:00:00Z,betrivers,h2h,2026-07-12T19:47:29Z,Dallas Wings,-455,
15504ed1a378321542911fbfb7a49591,Dallas Wings,Chicago Sky,2026-07-12T23:00:00Z,betrivers,spreads,2026-07-12T19:47:29Z,Chicago Sky,-110,9.5
15504ed1a378321542911fbfb7a49591,Dallas Wings,Chicago Sky,2026-07-12T23:00:00Z,betrivers,spreads,2026-07-12T19:47:29Z,Dallas Wings,-112,-9.5
15504ed1a378321542911fbfb7a49591,Dallas Wings,Chicago Sky,2026-07-12T23:00:00Z,betrivers,totals,2026-07-12T19:47:29Z,Over,-115,177.5
15504ed1a378321542911fbfb7a49591,Dallas Wings,Chicago Sky,2026-07-12T23:00:00Z,betrivers,totals,2026-07-12T19:47:29Z,Under,-107,177.5
15504ed1a378321542911fbfb7a49591,Dallas Wings,Chicago Sky,2026-07-12T23:00:00Z,betus,h2h,2026-07-12T19:47:14Z,Chicago Sky,345,
15504ed1a378321542911fbfb7a49591,Dallas Wings,Chicago Sky,2026-07-12T23:00:00Z,betus,h2h,2026-07-12T19:47:14Z,Dallas Wings,-460,
15504ed1a378321542911fbfb7a49591,Dallas Wings,Chicago Sky,2026-07-12T23:00:00Z,betus,spreads,2026-07-12T19:47:14Z,Chicago Sky,-110,9.5
15504ed1a378321542911fbfb7a49591,Dallas Wings,Chicago Sky,2026-07-12T23:00:00Z,betus,spreads,2026-07-12T19:47:14Z,Dallas Wings,-110,-9.5
15504ed1a378321542911fbfb7a49591,Dallas Wings,Chicago Sky,2026-07-12T23:00:00Z,betus,totals,2026-07-12T19:47:14Z,Over,-110,177.5
15504ed1a378321542911fbfb7a49591,Dallas Wings,Chicago Sky,2026-07-12T23:00:00Z,betus,totals,2026-07-12T19:47:14Z,Under,-110,177.5
7a7ba7018aa8c14997cbbcb0170fe203,Las Vegas Aces,Indiana Fever,2026-07-13T01:00:00Z,fanduel,h2h,2026-07-12T19:47:13Z,Indiana Fever,142,
7a7ba7018aa8c14997cbbcb0170fe203,Las Vegas Aces,Indiana Fever,2026-07-13T01:00:00Z,fanduel,h2h,2026-07-12T19:47:13Z,Las Vegas Aces,-176,
7a7ba7018aa8c14997cbbcb0170fe203,Las Vegas Aces,Indiana Fever,2026-07-13T01:00:00Z,fanduel,spreads,2026-07-12T19:47:13Z,Indiana Fever,-112,4.5
7a7ba7018aa8c14997cbbcb0170fe203,Las Vegas Aces,Indiana Fever,2026-07-13T01:00:00Z,fanduel,spreads,2026-07-12T19:47:13Z,Las Vegas Aces,-108,-4.5
7a7ba7018aa8c14997cbbcb0170fe203,Las Vegas Aces,Indiana Fever,2026-07-13T01:00:00Z,fanduel,totals,2026-07-12T19:47:13Z,Over,-108,180.5
7a7ba7018aa8c14997cbbcb0170fe203,Las Vegas Aces,Indiana Fever,2026-07-13T01:00:00Z,fanduel,totals,2026-07-12T19:47:13Z,Under,-112,180.5
7a7ba7018aa8c14997cbbcb0170fe203,Las Vegas Aces,Indiana Fever,2026-07-13T01:00:00Z,draftkings,h2h,2026-07-12T19:46:56Z,Indiana Fever,154,
7a7ba7018aa8c14997cbbcb0170fe203,Las Vegas Aces,Indiana Fever,2026-07-13T01:00:00Z,draftkings,h2h,2026-07-12T19:46:56Z,Las Vegas Aces,-185,
7a7ba7018aa8c14997cbbcb0170fe203,Las Vegas Aces,Indiana Fever,2026-07-13T01:00:00Z,draftkings,spreads,2026-07-12T19:46:56Z,Indiana Fever,-112,4.5
7a7ba7018aa8c14997cbbcb0170fe203,Las Vegas Aces,Indiana Fever,2026-07-13T01:00:00Z,draftkings,spreads,2026-07-12T19:46:56Z,Las Vegas Aces,-108,-4.5
7a7ba7018aa8c14997cbbcb0170fe203,Las Vegas Aces,Indiana Fever,2026-07-13T01:00:00Z,draftkings,totals,2026-07-12T19:46:56Z,Over,-110,180.5
7a7ba7018aa8c14997cbbcb0170fe203,Las Vegas Aces,Indiana Fever,2026-07-13T01:00:00Z,draftkings,totals,2026-07-12T19:46:56Z,Under,-110,180.5
7a7ba7018aa8c14997cbbcb0170fe203,Las Vegas Aces,Indiana Fever,2026-07-13T01:00:00Z,mybookieag,h2h,2026-07-12T19:46:40Z,Indiana Fever,155,
7a7ba7018aa8c14997cbbcb0170fe203,Las Vegas Aces,Indiana Fever,2026-07-13T01:00:00Z,mybookieag,h2h,2026-07-12T19:46:40Z,Las Vegas Aces,-192,
7a7ba7018aa8c14997cbbcb0170fe203,Las Vegas Aces,Indiana Fever,2026-07-13T01:00:00Z,mybookieag,spreads,2026-07-12T19:46:40Z,Indiana Fever,-110,4.5
7a7ba7018aa8c14997cbbcb0170fe203,Las Vegas Aces,Indiana Fever,2026-07-13T01:00:00Z,mybookieag,spreads,2026-07-12T19:46:40Z,Las Vegas Aces,-110,-4.5
7a7ba7018aa8c14997cbbcb0170fe203,Las Vegas Aces,Indiana Fever,2026-07-13T01:00:00Z,mybookieag,totals,2026-07-12T19:46:40Z,Over,-110,180.0
7a7ba7018aa8c14997cbbcb0170fe203,Las Vegas Aces,Indiana Fever,2026-07-13T01:00:00Z,mybookieag,totals,2026-07-12T19:46:40Z,Under,-110,180.0
7a7ba7018aa8c14997cbbcb0170fe203,Las Vegas Aces,Indiana Fever,2026-07-13T01:00:00Z,williamhill_us,h2h,2026-07-12T19:42:05Z,Indiana Fever,158,
7a7ba7018aa8c14997cbbcb0170fe203,Las Vegas Aces,Indiana Fever,2026-07-13T01:00:00Z,williamhill_us,h2h,2026-07-12T19:42:05Z,Las Vegas Aces,-190,
7a7ba7018aa8c14997cbbcb0170fe203,Las Vegas Aces,Indiana Fever,2026-07-13T01:00:00Z,williamhill_us,spreads,2026-07-12T19:42:05Z,Indiana Fever,-110,4.5
7a7ba7018aa8c14997cbbcb0170fe203,Las Vegas Aces,Indiana Fever,2026-07-13T01:00:00Z,williamhill_us,spreads,2026-07-12T19:42:05Z,Las Vegas Aces,-110,-4.5
7a7ba7018aa8c14997cbbcb0170fe203,Las Vegas Aces,Indiana Fever,2026-07-13T01:00:00Z,williamhill_us,totals,2026-07-12T19:42:05Z,Over,-110,180.5
7a7ba7018aa8c14997cbbcb0170fe203,Las Vegas Aces,Indiana Fever,2026-07-13T01:00:00Z,williamhill_us,totals,2026-07-12T19:42:05Z,Under,-110,180.5
7a7ba7018aa8c14997cbbcb0170fe203,Las Vegas Aces,Indiana Fever,2026-07-13T01:00:00Z,betmgm,h2h,2026-07-12T19:46:55Z,Indiana Fever,150,
7a7ba7018aa8c14997cbbcb0170fe203,Las Vegas Aces,Indiana Fever,2026-07-13T01:00:00Z,betmgm,h2h,2026-07-12T19:46:55Z,Las Vegas Aces,-185,
7a7ba7018aa8c14997cbbcb0170fe203,Las Vegas Aces,Indiana Fever,2026-07-13T01:00:00Z,betmgm,spreads,2026-07-12T19:46:55Z,Indiana Fever,-110,4.5
7a7ba7018aa8c14997cbbcb0170fe203,Las Vegas Aces,Indiana Fever,2026-07-13T01:00:00Z,betmgm,spreads,2026-07-12T19:46:55Z,Las Vegas Aces,-110,-4.5
7a7ba7018aa8c14997cbbcb0170fe203,Las Vegas Aces,Indiana Fever,2026-07-13T01:00:00Z,betmgm,totals,2026-07-12T19:46:55Z,Over,-110,180.5
7a7ba7018aa8c14997cbbcb0170fe203,Las Vegas Aces,Indiana Fever,2026-07-13T01:00:00Z,betmgm,totals,2026-07-12T19:46:55Z,Under,-110,180.5
7a7ba7018aa8c14997cbbcb0170fe203,Las Vegas Aces,Indiana Fever,2026-07-13T01:00:00Z,bovada,h2h,2026-07-12T19:45:50Z,Indiana Fever,165,
7a7ba7018aa8c14997cbbcb0170fe203,Las Vegas Aces,Indiana Fever,2026-07-13T01:00:00Z,bovada,h2h,2026-07-12T19:45:50Z,Las Vegas Aces,-195,
7a7ba7018aa8c14997cbbcb0170fe203,Las Vegas Aces,Indiana Fever,2026-07-13T01:00:00Z,bovada,spreads,2026-07-12T19:45:50Z,Indiana Fever,-105,4.5
7a7ba7018aa8c14997cbbcb0170fe203,Las Vegas Aces,Indiana Fever,2026-07-13T01:00:00Z,bovada,spreads,2026-07-12T19:45:50Z,Las Vegas Aces,-115,-4.5
7a7ba7018aa8c14997cbbcb0170fe203,Las Vegas Aces,Indiana Fever,2026-07-13T01:00:00Z,bovada,totals,2026-07-12T19:45:50Z,Over,-105,180.0
7a7ba7018aa8c14997cbbcb0170fe203,Las Vegas Aces,Indiana Fever,2026-07-13T01:00:00Z,bovada,totals,2026-07-12T19:45:50Z,Under,-115,180.0
7a7ba7018aa8c14997cbbcb0170fe203,Las Vegas Aces,Indiana Fever,2026-07-13T01:00:00Z,fanatics,h2h,2026-07-12T19:47:12Z,Indiana Fever,155,
7a7ba7018aa8c14997cbbcb0170fe203,Las Vegas Aces,Indiana Fever,2026-07-13T01:00:00Z,fanatics,h2h,2026-07-12T19:47:12Z,Las Vegas Aces,-190,
7a7ba7018aa8c14997cbbcb0170fe203,Las Vegas Aces,Indiana Fever,2026-07-13T01:00:00Z,fanatics,spreads,2026-07-12T19:47:12Z,Indiana Fever,-110,4.5
7a7ba7018aa8c14997cbbcb0170fe203,Las Vegas Aces,Indiana Fever,2026-07-13T01:00:00Z,fanatics,spreads,2026-07-12T19:47:12Z,Las Vegas Aces,-110,-4.5
7a7ba7018aa8c14997cbbcb0170fe203,Las Vegas Aces,Indiana Fever,2026-07-13T01:00:00Z,fanatics,totals,2026-07-12T19:47:12Z,Over,-110,180.5
7a7ba7018aa8c14997cbbcb0170fe203,Las Vegas Aces,Indiana Fever,2026-07-13T01:00:00Z,fanatics,totals,2026-07-12T19:47:12Z,Under,-110,180.5
7a7ba7018aa8c14997cbbcb0170fe203,Las Vegas Aces,Indiana Fever,2026-07-13T01:00:00Z,betonlineag,h2h,2026-07-12T19:46:57Z,Indiana Fever,161,
7a7ba7018aa8c14997cbbcb0170fe203,Las Vegas Aces,Indiana Fever,2026-07-13T01:00:00Z,betonlineag,h2h,2026-07-12T19:46:57Z,Las Vegas Aces,-185,
7a7ba7018aa8c14997cbbcb0170fe203,Las Vegas Aces,Indiana Fever,2026-07-13T01:00:00Z,betonlineag,spreads,2026-07-12T19:46:57Z,Indiana Fever,-111,4.5
7a7ba7018aa8c14997cbbcb0170fe203,Las Vegas Aces,Indiana Fever,2026-07-13T01:00:00Z,betonlineag,spreads,2026-07-12T19:46:57Z,Las Vegas Aces,-109,-4.5
7a7ba7018aa8c14997cbbcb0170fe203,Las Vegas Aces,Indiana Fever,2026-07-13T01:00:00Z,betonlineag,totals,2026-07-12T19:46:57Z,Over,-107,180.5
7a7ba7018aa8c14997cbbcb0170fe203,Las Vegas Aces,Indiana Fever,2026-07-13T01:00:00Z,betonlineag,totals,2026-07-12T19:46:57Z,Under,-113,180.5
7a7ba7018aa8c14997cbbcb0170fe203,Las Vegas Aces,Indiana Fever,2026-07-13T01:00:00Z,lowvig,h2h,2026-07-12T19:47:13Z,Indiana Fever,161,
7a7ba7018aa8c14997cbbcb0170fe203,Las Vegas Aces,Indiana Fever,2026-07-13T01:00:00Z,lowvig,h2h,2026-07-12T19:47:13Z,Las Vegas Aces,-185,
7a7ba7018aa8c14997cbbcb0170fe203,Las Vegas Aces,Indiana Fever,2026-07-13T01:00:00Z,lowvig,spreads,2026-07-12T19:47:13Z,Indiana Fever,-109,4.5
7a7ba7018aa8c14997cbbcb0170fe203,Las Vegas Aces,Indiana Fever,2026-07-13T01:00:00Z,lowvig,spreads,2026-07-12T19:47:13Z,Las Vegas Aces,-107,-4.5
7a7ba7018aa8c14997cbbcb0170fe203,Las Vegas Aces,Indiana Fever,2026-07-13T01:00:00Z,lowvig,totals,2026-07-12T19:47:13Z,Over,-105,180.5
7a7ba7018aa8c14997cbbcb0170fe203,Las Vegas Aces,Indiana Fever,2026-07-13T01:00:00Z,lowvig,totals,2026-07-12T19:47:13Z,Under,-111,180.5
7a7ba7018aa8c14997cbbcb0170fe203,Las Vegas Aces,Indiana Fever,2026-07-13T01:00:00Z,betus,h2h,2026-07-12T19:47:14Z,Indiana Fever,160,
7a7ba7018aa8c14997cbbcb0170fe203,Las Vegas Aces,Indiana Fever,2026-07-13T01:00:00Z,betus,h2h,2026-07-12T19:47:14Z,Las Vegas Aces,-185,
7a7ba7018aa8c14997cbbcb0170fe203,Las Vegas Aces,Indiana Fever,2026-07-13T01:00:00Z,betus,spreads,2026-07-12T19:47:14Z,Indiana Fever,-110,4.5
7a7ba7018aa8c14997cbbcb0170fe203,Las Vegas Aces,Indiana Fever,2026-07-13T01:00:00Z,betus,spreads,2026-07-12T19:47:14Z,Las Vegas Aces,-110,-4.5
7a7ba7018aa8c14997cbbcb0170fe203,Las Vegas Aces,Indiana Fever,2026-07-13T01:00:00Z,betus,totals,2026-07-12T19:47:14Z,Over,-105,180.5
7a7ba7018aa8c14997cbbcb0170fe203,Las Vegas Aces,Indiana Fever,2026-07-13T01:00:00Z,betus,totals,2026-07-12T19:47:14Z,Under,-115,180.5
7a7ba7018aa8c14997cbbcb0170fe203,Las Vegas Aces,Indiana Fever,2026-07-13T01:00:00Z,betrivers,h2h,2026-07-12T19:47:29Z,Indiana Fever,155,
7a7ba7018aa8c14997cbbcb0170fe203,Las Vegas Aces,Indiana Fever,2026-07-13T01:00:00Z,betrivers,h2h,2026-07-12T19:47:29Z,Las Vegas Aces,-195,
7a7ba7018aa8c14997cbbcb0170fe203,Las Vegas Aces,Indiana Fever,2026-07-13T01:00:00Z,betrivers,spreads,2026-07-12T19:47:29Z,Indiana Fever,-113,4.5
7a7ba7018aa8c14997cbbcb0170fe203,Las Vegas Aces,Indiana Fever,2026-07-13T01:00:00Z,betrivers,spreads,2026-07-12T19:47:29Z,Las Vegas Aces,-110,-4.5
7a7ba7018aa8c14997cbbcb0170fe203,Las Vegas Aces,Indiana Fever,2026-07-13T01:00:00Z,betrivers,totals,2026-07-12T19:47:29Z,Over,-117,180.5
7a7ba7018aa8c14997cbbcb0170fe203,Las Vegas Aces,Indiana Fever,2026-07-13T01:00:00Z,betrivers,totals,2026-07-12T19:47:29Z,Under,-107,180.5
59e806dd41a1cdd33be91c732ab446be,Atlanta Dream,Los Angeles Sparks,2026-07-13T23:00:00Z,draftkings,h2h,2026-07-12T19:46:56Z,Atlanta Dream,-340,
59e806dd41a1cdd33be91c732ab446be,Atlanta Dream,Los Angeles Sparks,2026-07-13T23:00:00Z,draftkings,h2h,2026-07-12T19:46:56Z,Los Angeles Sparks,270,
59e806dd41a1cdd33be91c732ab446be,Atlanta Dream,Los Angeles Sparks,2026-07-13T23:00:00Z,draftkings,spreads,2026-07-12T19:46:56Z,Atlanta Dream,100,-8.5
59e806dd41a1cdd33be91c732ab446be,Atlanta Dream,Los Angeles Sparks,2026-07-13T23:00:00Z,draftkings,spreads,2026-07-12T19:46:56Z,Los Angeles Sparks,-120,8.5
59e806dd41a1cdd33be91c732ab446be,Atlanta Dream,Los Angeles Sparks,2026-07-13T23:00:00Z,draftkings,totals,2026-07-12T19:46:56Z,Over,-108,180.5
59e806dd41a1cdd33be91c732ab446be,Atlanta Dream,Los Angeles Sparks,2026-07-13T23:00:00Z,draftkings,totals,2026-07-12T19:46:56Z,Under,-112,180.5
59e806dd41a1cdd33be91c732ab446be,Atlanta Dream,Los Angeles Sparks,2026-07-13T23:00:00Z,fanatics,h2h,2026-07-12T19:47:12Z,Atlanta Dream,-340,
59e806dd41a1cdd33be91c732ab446be,Atlanta Dream,Los Angeles Sparks,2026-07-13T23:00:00Z,fanatics,h2h,2026-07-12T19:47:12Z,Los Angeles Sparks,265,
59e806dd41a1cdd33be91c732ab446be,Atlanta Dream,Los Angeles Sparks,2026-07-13T23:00:00Z,fanatics,spreads,2026-07-12T19:47:12Z,Atlanta Dream,-115,-7.5
59e806dd41a1cdd33be91c732ab446be,Atlanta Dream,Los Angeles Sparks,2026-07-13T23:00:00Z,fanatics,spreads,2026-07-12T19:47:12Z,Los Angeles Sparks,-105,7.5
59e806dd41a1cdd33be91c732ab446be,Atlanta Dream,Los Angeles Sparks,2026-07-13T23:00:00Z,fanatics,totals,2026-07-12T19:47:12Z,Over,-110,180.5
59e806dd41a1cdd33be91c732ab446be,Atlanta Dream,Los Angeles Sparks,2026-07-13T23:00:00Z,fanatics,totals,2026-07-12T19:47:12Z,Under,-110,180.5
59e806dd41a1cdd33be91c732ab446be,Atlanta Dream,Los Angeles Sparks,2026-07-13T23:00:00Z,fanduel,h2h,2026-07-12T19:47:13Z,Atlanta Dream,-355,
59e806dd41a1cdd33be91c732ab446be,Atlanta Dream,Los Angeles Sparks,2026-07-13T23:00:00Z,fanduel,h2h,2026-07-12T19:47:13Z,Los Angeles Sparks,270,
59e806dd41a1cdd33be91c732ab446be,Atlanta Dream,Los Angeles Sparks,2026-07-13T23:00:00Z,fanduel,spreads,2026-07-12T19:47:13Z,Atlanta Dream,-110,-8.5
59e806dd41a1cdd33be91c732ab446be,Atlanta Dream,Los Angeles Sparks,2026-07-13T23:00:00Z,fanduel,spreads,2026-07-12T19:47:13Z,Los Angeles Sparks,-110,8.5
59e806dd41a1cdd33be91c732ab446be,Atlanta Dream,Los Angeles Sparks,2026-07-13T23:00:00Z,fanduel,totals,2026-07-12T19:47:13Z,Over,-115,179.5
59e806dd41a1cdd33be91c732ab446be,Atlanta Dream,Los Angeles Sparks,2026-07-13T23:00:00Z,fanduel,totals,2026-07-12T19:47:13Z,Under,-105,179.5
59e806dd41a1cdd33be91c732ab446be,Atlanta Dream,Los Angeles Sparks,2026-07-13T23:00:00Z,williamhill_us,h2h,2026-07-12T19:42:05Z,Atlanta Dream,-345,
59e806dd41a1cdd33be91c732ab446be,Atlanta Dream,Los Angeles Sparks,2026-07-13T23:00:00Z,williamhill_us,h2h,2026-07-12T19:42:05Z,Los Angeles Sparks,270,
59e806dd41a1cdd33be91c732ab446be,Atlanta Dream,Los Angeles Sparks,2026-07-13T23:00:00Z,williamhill_us,spreads,2026-07-12T19:42:05Z,Atlanta Dream,-110,-7.5
59e806dd41a1cdd33be91c732ab446be,Atlanta Dream,Los Angeles Sparks,2026-07-13T23:00:00Z,williamhill_us,spreads,2026-07-12T19:42:05Z,Los Angeles Sparks,-110,7.5
59e806dd41a1cdd33be91c732ab446be,Atlanta Dream,Los Angeles Sparks,2026-07-13T23:00:00Z,williamhill_us,totals,2026-07-12T19:42:05Z,Over,-115,180.0
59e806dd41a1cdd33be91c732ab446be,Atlanta Dream,Los Angeles Sparks,2026-07-13T23:00:00Z,williamhill_us,totals,2026-07-12T19:42:05Z,Under,-105,180.0
59e806dd41a1cdd33be91c732ab446be,Atlanta Dream,Los Angeles Sparks,2026-07-13T23:00:00Z,betrivers,h2h,2026-07-12T19:47:29Z,Atlanta Dream,-315,
59e806dd41a1cdd33be91c732ab446be,Atlanta Dream,Los Angeles Sparks,2026-07-13T23:00:00Z,betrivers,h2h,2026-07-12T19:47:29Z,Los Angeles Sparks,240,
59e806dd41a1cdd33be91c732ab446be,Atlanta Dream,Los Angeles Sparks,2026-07-13T23:00:00Z,betrivers,spreads,2026-07-12T19:47:29Z,Atlanta Dream,-117,-7.5
59e806dd41a1cdd33be91c732ab446be,Atlanta Dream,Los Angeles Sparks,2026-07-13T23:00:00Z,betrivers,spreads,2026-07-12T19:47:29Z,Los Angeles Sparks,-107,7.5
59e806dd41a1cdd33be91c732ab446be,Atlanta Dream,Los Angeles Sparks,2026-07-13T23:00:00Z,betrivers,totals,2026-07-12T19:47:29Z,Over,-114,178.5
59e806dd41a1cdd33be91c732ab446be,Atlanta Dream,Los Angeles Sparks,2026-07-13T23:00:00Z,betrivers,totals,2026-07-12T19:47:29Z,Under,-109,178.5
59e806dd41a1cdd33be91c732ab446be,Atlanta Dream,Los Angeles Sparks,2026-07-13T23:00:00Z,betonlineag,h2h,2026-07-12T19:46:57Z,Atlanta Dream,-340,
59e806dd41a1cdd33be91c732ab446be,Atlanta Dream,Los Angeles Sparks,2026-07-13T23:00:00Z,betonlineag,h2h,2026-07-12T19:46:57Z,Los Angeles Sparks,274,
59e806dd41a1cdd33be91c732ab446be,Atlanta Dream,Los Angeles Sparks,2026-07-13T23:00:00Z,betonlineag,spreads,2026-07-12T19:46:57Z,Atlanta Dream,-110,-7.5
59e806dd41a1cdd33be91c732ab446be,Atlanta Dream,Los Angeles Sparks,2026-07-13T23:00:00Z,betonlineag,spreads,2026-07-12T19:46:57Z,Los Angeles Sparks,-110,7.5
59e806dd41a1cdd33be91c732ab446be,Atlanta Dream,Los Angeles Sparks,2026-07-13T23:00:00Z,betonlineag,totals,2026-07-12T19:46:57Z,Over,-115,180.0
59e806dd41a1cdd33be91c732ab446be,Atlanta Dream,Los Angeles Sparks,2026-07-13T23:00:00Z,betonlineag,totals,2026-07-12T19:46:57Z,Under,-105,180.0
59e806dd41a1cdd33be91c732ab446be,Atlanta Dream,Los Angeles Sparks,2026-07-13T23:00:00Z,lowvig,h2h,2026-07-12T19:47:13Z,Atlanta Dream,-340,
59e806dd41a1cdd33be91c732ab446be,Atlanta Dream,Los Angeles Sparks,2026-07-13T23:00:00Z,lowvig,h2h,2026-07-12T19:47:13Z,Los Angeles Sparks,274,
59e806dd41a1cdd33be91c732ab446be,Atlanta Dream,Los Angeles Sparks,2026-07-13T23:00:00Z,lowvig,spreads,2026-07-12T19:47:13Z,Atlanta Dream,-108,-7.5
59e806dd41a1cdd33be91c732ab446be,Atlanta Dream,Los Angeles Sparks,2026-07-13T23:00:00Z,lowvig,spreads,2026-07-12T19:47:13Z,Los Angeles Sparks,-108,7.5
59e806dd41a1cdd33be91c732ab446be,Atlanta Dream,Los Angeles Sparks,2026-07-13T23:00:00Z,lowvig,totals,2026-07-12T19:47:13Z,Over,-113,180.0
59e806dd41a1cdd33be91c732ab446be,Atlanta Dream,Los Angeles Sparks,2026-07-13T23:00:00Z,lowvig,totals,2026-07-12T19:47:13Z,Under,-103,180.0
59e806dd41a1cdd33be91c732ab446be,Atlanta Dream,Los Angeles Sparks,2026-07-13T23:00:00Z,bovada,h2h,2026-07-12T19:45:50Z,Atlanta Dream,-350,
59e806dd41a1cdd33be91c732ab446be,Atlanta Dream,Los Angeles Sparks,2026-07-13T23:00:00Z,bovada,h2h,2026-07-12T19:45:50Z,Los Angeles Sparks,275,
59e806dd41a1cdd33be91c732ab446be,Atlanta Dream,Los Angeles Sparks,2026-07-13T23:00:00Z,bovada,spreads,2026-07-12T19:45:50Z,Atlanta Dream,-110,-7.5
59e806dd41a1cdd33be91c732ab446be,Atlanta Dream,Los Angeles Sparks,2026-07-13T23:00:00Z,bovada,spreads,2026-07-12T19:45:50Z,Los Angeles Sparks,-110,7.5
59e806dd41a1cdd33be91c732ab446be,Atlanta Dream,Los Angeles Sparks,2026-07-13T23:00:00Z,bovada,totals,2026-07-12T19:45:50Z,Over,-115,180.0
59e806dd41a1cdd33be91c732ab446be,Atlanta Dream,Los Angeles Sparks,2026-07-13T23:00:00Z,bovada,totals,2026-07-12T19:45:50Z,Under,-105,180.0
59e806dd41a1cdd33be91c732ab446be,Atlanta Dream,Los Angeles Sparks,2026-07-13T23:00:00Z,betus,h2h,2026-07-12T19:47:14Z,Atlanta Dream,-340,
59e806dd41a1cdd33be91c732ab446be,Atlanta Dream,Los Angeles Sparks,2026-07-13T23:00:00Z,betus,h2h,2026-07-12T19:47:14Z,Los Angeles Sparks,275,
59e806dd41a1cdd33be91c732ab446be,Atlanta Dream,Los Angeles Sparks,2026-07-13T23:00:00Z,betus,spreads,2026-07-12T19:47:14Z,Atlanta Dream,-110,-7.5
59e806dd41a1cdd33be91c732ab446be,Atlanta Dream,Los Angeles Sparks,2026-07-13T23:00:00Z,betus,spreads,2026-07-12T19:47:14Z,Los Angeles Sparks,-110,7.5
59e806dd41a1cdd33be91c732ab446be,Atlanta Dream,Los Angeles Sparks,2026-07-13T23:00:00Z,betus,totals,2026-07-12T19:47:14Z,Over,-115,180.0
59e806dd41a1cdd33be91c732ab446be,Atlanta Dream,Los Angeles Sparks,2026-07-13T23:00:00Z,betus,totals,2026-07-12T19:47:14Z,Under,-105,180.0
089163a3a05d1b2e8028fab27ad5605f,Minnesota Lynx,Phoenix Mercury,2026-07-14T01:00:00Z,draftkings,h2h,2026-07-12T19:46:56Z,Minnesota Lynx,-700,
089163a3a05d1b2e8028fab27ad5605f,Minnesota Lynx,Phoenix Mercury,2026-07-14T01:00:00Z,draftkings,h2h,2026-07-12T19:46:56Z,Phoenix Mercury,500,
089163a3a05d1b2e8028fab27ad5605f,Minnesota Lynx,Phoenix Mercury,2026-07-14T01:00:00Z,draftkings,spreads,2026-07-12T19:46:56Z,Minnesota Lynx,-108,-12.5
089163a3a05d1b2e8028fab27ad5605f,Minnesota Lynx,Phoenix Mercury,2026-07-14T01:00:00Z,draftkings,spreads,2026-07-12T19:46:56Z,Phoenix Mercury,-112,12.5
089163a3a05d1b2e8028fab27ad5605f,Minnesota Lynx,Phoenix Mercury,2026-07-14T01:00:00Z,draftkings,totals,2026-07-12T19:46:56Z,Over,-112,168.5
089163a3a05d1b2e8028fab27ad5605f,Minnesota Lynx,Phoenix Mercury,2026-07-14T01:00:00Z,draftkings,totals,2026-07-12T19:46:56Z,Under,-108,168.5
089163a3a05d1b2e8028fab27ad5605f,Minnesota Lynx,Phoenix Mercury,2026-07-14T01:00:00Z,fanatics,h2h,2026-07-12T19:47:12Z,Minnesota Lynx,-700,
089163a3a05d1b2e8028fab27ad5605f,Minnesota Lynx,Phoenix Mercury,2026-07-14T01:00:00Z,fanatics,h2h,2026-07-12T19:47:12Z,Phoenix Mercury,500,
089163a3a05d1b2e8028fab27ad5605f,Minnesota Lynx,Phoenix Mercury,2026-07-14T01:00:00Z,fanatics,spreads,2026-07-12T19:47:12Z,Minnesota Lynx,-110,-12.5
089163a3a05d1b2e8028fab27ad5605f,Minnesota Lynx,Phoenix Mercury,2026-07-14T01:00:00Z,fanatics,spreads,2026-07-12T19:47:12Z,Phoenix Mercury,-110,12.5
089163a3a05d1b2e8028fab27ad5605f,Minnesota Lynx,Phoenix Mercury,2026-07-14T01:00:00Z,fanatics,totals,2026-07-12T19:47:12Z,Over,-110,168.5
089163a3a05d1b2e8028fab27ad5605f,Minnesota Lynx,Phoenix Mercury,2026-07-14T01:00:00Z,fanatics,totals,2026-07-12T19:47:12Z,Under,-110,168.5
089163a3a05d1b2e8028fab27ad5605f,Minnesota Lynx,Phoenix Mercury,2026-07-14T01:00:00Z,fanduel,h2h,2026-07-12T19:47:13Z,Minnesota Lynx,-900,
089163a3a05d1b2e8028fab27ad5605f,Minnesota Lynx,Phoenix Mercury,2026-07-14T01:00:00Z,fanduel,h2h,2026-07-12T19:47:13Z,Phoenix Mercury,570,
089163a3a05d1b2e8028fab27ad5605f,Minnesota Lynx,Phoenix Mercury,2026-07-14T01:00:00Z,fanduel,spreads,2026-07-12T19:47:13Z,Minnesota Lynx,-106,-13.5
089163a3a05d1b2e8028fab27ad5605f,Minnesota Lynx,Phoenix Mercury,2026-07-14T01:00:00Z,fanduel,spreads,2026-07-12T19:47:13Z,Phoenix Mercury,-114,13.5
089163a3a05d1b2e8028fab27ad5605f,Minnesota Lynx,Phoenix Mercury,2026-07-14T01:00:00Z,fanduel,totals,2026-07-12T19:47:13Z,Over,-108,169.5
089163a3a05d1b2e8028fab27ad5605f,Minnesota Lynx,Phoenix Mercury,2026-07-14T01:00:00Z,fanduel,totals,2026-07-12T19:47:13Z,Under,-112,169.5
089163a3a05d1b2e8028fab27ad5605f,Minnesota Lynx,Phoenix Mercury,2026-07-14T01:00:00Z,williamhill_us,h2h,2026-07-12T19:42:05Z,Minnesota Lynx,-700,
089163a3a05d1b2e8028fab27ad5605f,Minnesota Lynx,Phoenix Mercury,2026-07-14T01:00:00Z,williamhill_us,h2h,2026-07-12T19:42:05Z,Phoenix Mercury,500,
089163a3a05d1b2e8028fab27ad5605f,Minnesota Lynx,Phoenix Mercury,2026-07-14T01:00:00Z,williamhill_us,spreads,2026-07-12T19:42:05Z,Minnesota Lynx,-110,-12.5
089163a3a05d1b2e8028fab27ad5605f,Minnesota Lynx,Phoenix Mercury,2026-07-14T01:00:00Z,williamhill_us,spreads,2026-07-12T19:42:05Z,Phoenix Mercury,-110,12.5
089163a3a05d1b2e8028fab27ad5605f,Minnesota Lynx,Phoenix Mercury,2026-07-14T01:00:00Z,williamhill_us,totals,2026-07-12T19:42:05Z,Over,-110,168.5
089163a3a05d1b2e8028fab27ad5605f,Minnesota Lynx,Phoenix Mercury,2026-07-14T01:00:00Z,williamhill_us,totals,2026-07-12T19:42:05Z,Under,-110,168.5
089163a3a05d1b2e8028fab27ad5605f,Minnesota Lynx,Phoenix Mercury,2026-07-14T01:00:00Z,betrivers,h2h,2026-07-12T19:47:29Z,Minnesota Lynx,-910,
089163a3a05d1b2e8028fab27ad5605f,Minnesota Lynx,Phoenix Mercury,2026-07-14T01:00:00Z,betrivers,h2h,2026-07-12T19:47:29Z,Phoenix Mercury,550,
089163a3a05d1b2e8028fab27ad5605f,Minnesota Lynx,Phoenix Mercury,2026-07-14T01:00:00Z,betrivers,spreads,2026-07-12T19:47:29Z,Minnesota Lynx,-108,-13.5
089163a3a05d1b2e8028fab27ad5605f,Minnesota Lynx,Phoenix Mercury,2026-07-14T01:00:00Z,betrivers,spreads,2026-07-12T19:47:29Z,Phoenix Mercury,-115,13.5
089163a3a05d1b2e8028fab27ad5605f,Minnesota Lynx,Phoenix Mercury,2026-07-14T01:00:00Z,betrivers,totals,2026-07-12T19:47:29Z,Over,-117,169.5
089163a3a05d1b2e8028fab27ad5605f,Minnesota Lynx,Phoenix Mercury,2026-07-14T01:00:00Z,betrivers,totals,2026-07-12T19:47:29Z,Under,-107,169.5
089163a3a05d1b2e8028fab27ad5605f,Minnesota Lynx,Phoenix Mercury,2026-07-14T01:00:00Z,lowvig,h2h,2026-07-12T19:47:13Z,Minnesota Lynx,-700,
089163a3a05d1b2e8028fab27ad5605f,Minnesota Lynx,Phoenix Mercury,2026-07-14T01:00:00Z,lowvig,h2h,2026-07-12T19:47:13Z,Phoenix Mercury,505,
089163a3a05d1b2e8028fab27ad5605f,Minnesota Lynx,Phoenix Mercury,2026-07-14T01:00:00Z,lowvig,spreads,2026-07-12T19:47:13Z,Minnesota Lynx,-108,-12.5
089163a3a05d1b2e8028fab27ad5605f,Minnesota Lynx,Phoenix Mercury,2026-07-14T01:00:00Z,lowvig,spreads,2026-07-12T19:47:13Z,Phoenix Mercury,-108,12.5
089163a3a05d1b2e8028fab27ad5605f,Minnesota Lynx,Phoenix Mercury,2026-07-14T01:00:00Z,lowvig,totals,2026-07-12T19:47:13Z,Over,-108,168.5
089163a3a05d1b2e8028fab27ad5605f,Minnesota Lynx,Phoenix Mercury,2026-07-14T01:00:00Z,lowvig,totals,2026-07-12T19:47:13Z,Under,-108,168.5
089163a3a05d1b2e8028fab27ad5605f,Minnesota Lynx,Phoenix Mercury,2026-07-14T01:00:00Z,betonlineag,h2h,2026-07-12T19:46:57Z,Minnesota Lynx,-700,
089163a3a05d1b2e8028fab27ad5605f,Minnesota Lynx,Phoenix Mercury,2026-07-14T01:00:00Z,betonlineag,h2h,2026-07-12T19:46:57Z,Phoenix Mercury,505,
089163a3a05d1b2e8028fab27ad5605f,Minnesota Lynx,Phoenix Mercury,2026-07-14T01:00:00Z,betonlineag,spreads,2026-07-12T19:46:57Z,Minnesota Lynx,-110,-12.5
089163a3a05d1b2e8028fab27ad5605f,Minnesota Lynx,Phoenix Mercury,2026-07-14T01:00:00Z,betonlineag,spreads,2026-07-12T19:46:57Z,Phoenix Mercury,-110,12.5
089163a3a05d1b2e8028fab27ad5605f,Minnesota Lynx,Phoenix Mercury,2026-07-14T01:00:00Z,betonlineag,totals,2026-07-12T19:46:57Z,Over,-110,168.5
089163a3a05d1b2e8028fab27ad5605f,Minnesota Lynx,Phoenix Mercury,2026-07-14T01:00:00Z,betonlineag,totals,2026-07-12T19:46:57Z,Under,-110,168.5
089163a3a05d1b2e8028fab27ad5605f,Minnesota Lynx,Phoenix Mercury,2026-07-14T01:00:00Z,bovada,h2h,2026-07-12T19:45:50Z,Minnesota Lynx,-750,
089163a3a05d1b2e8028fab27ad5605f,Minnesota Lynx,Phoenix Mercury,2026-07-14T01:00:00Z,bovada,h2h,2026-07-12T19:45:50Z,Phoenix Mercury,500,
089163a3a05d1b2e8028fab27ad5605f,Minnesota Lynx,Phoenix Mercury,2026-07-14T01:00:00Z,bovada,spreads,2026-07-12T19:45:50Z,Minnesota Lynx,-110,-12.5
089163a3a05d1b2e8028fab27ad5605f,Minnesota Lynx,Phoenix Mercury,2026-07-14T01:00:00Z,bovada,spreads,2026-07-12T19:45:50Z,Phoenix Mercury,-110,12.5
089163a3a05d1b2e8028fab27ad5605f,Minnesota Lynx,Phoenix Mercury,2026-07-14T01:00:00Z,bovada,totals,2026-07-12T19:45:50Z,Over,-110,168.5
089163a3a05d1b2e8028fab27ad5605f,Minnesota Lynx,Phoenix Mercury,2026-07-14T01:00:00Z,bovada,totals,2026-07-12T19:45:50Z,Under,-110,168.5
089163a3a05d1b2e8028fab27ad5605f,Minnesota Lynx,Phoenix Mercury,2026-07-14T01:00:00Z,betus,h2h,2026-07-12T19:47:14Z,Minnesota Lynx,-700,
089163a3a05d1b2e8028fab27ad5605f,Minnesota Lynx,Phoenix Mercury,2026-07-14T01:00:00Z,betus,h2h,2026-07-12T19:47:14Z,Phoenix Mercury,490,
089163a3a05d1b2e8028fab27ad5605f,Minnesota Lynx,Phoenix Mercury,2026-07-14T01:00:00Z,betus,spreads,2026-07-12T19:47:14Z,Minnesota Lynx,-110,-12.5
089163a3a05d1b2e8028fab27ad5605f,Minnesota Lynx,Phoenix Mercury,2026-07-14T01:00:00Z,betus,spreads,2026-07-12T19:47:14Z,Phoenix Mercury,-110,12.5
089163a3a05d1b2e8028fab27ad5605f,Minnesota Lynx,Phoenix Mercury,2026-07-14T01:00:00Z,betus,totals,2026-07-12T19:47:14Z,Over,-110,168.5
089163a3a05d1b2e8028fab27ad5605f,Minnesota Lynx,Phoenix Mercury,2026-07-14T01:00:00Z,betus,totals,2026-07-12T19:47:14Z,Under,-110,168.5
