date,matchup,team,name,stat,raw_avg,tc_proj,actual,result,minutes,starter
20260608,NY@CON,NY,B. Stewart,PTS,7.62,6.3,28,HIT,34,True
20260608,NY@CON,NY,B. Stewart,REB,4.0,3.3,9,HIT,34,True
20260608,NY@CON,NY,B. Stewart,AST,2.38,2.0,3,HIT,34,True
20260608,NY@CON,NY,B. Stewart,STL,1.0,0.8,3,HIT,34,True
20260608,NY@CON,NY,B. Stewart,BLK,0.56,0.4,0,MISS,34,True
20260611,NY@ATL,NY,B. Stewart,PTS,8.75,7.2,19,HIT,35,True
20260611,NY@ATL,NY,B. Stewart,REB,3.75,3.1,11,HIT,35,True
20260611,NY@ATL,NY,B. Stewart,AST,2.12,1.8,5,HIT,35,True
20260611,NY@ATL,NY,B. Stewart,STL,1.17,0.9,2,HIT,35,True
20260611,NY@ATL,NY,B. Stewart,TPM,0.56,0.5,0,MISS,35,True
20260608,NY@CON,NY,L. Fiebich,PTS,6.0,4.9,5,PUSH,28,True
20260608,NY@CON,NY,L. Fiebich,REB,3.0,2.5,7,HIT,28,True
20260608,NY@CON,NY,L. Fiebich,AST,1.88,1.5,1,MISS,28,True
20260608,NY@CON,NY,L. Fiebich,TPM,0.69,0.6,1,HIT,28,True
20260611,NY@ATL,NY,L. Fiebich,PTS,5.88,4.8,6,HIT,27,True
20260611,NY@ATL,NY,L. Fiebich,REB,3.5,2.9,3,HIT,27,True
20260611,NY@ATL,NY,L. Fiebich,AST,1.88,1.5,1,MISS,27,True
20260611,NY@ATL,NY,L. Fiebich,TPM,0.56,0.5,2,HIT,27,True
20260608,NY@CON,NY,M. Johannes,PTS,7.38,6.1,7,HIT,24,True
20260608,NY@CON,NY,M. Johannes,REB,2.75,2.3,4,HIT,24,True
20260608,NY@CON,NY,M. Johannes,TPM,0.69,0.6,1,HIT,24,True
20260611,NY@ATL,NY,M. Johannes,PTS,6.12,5.1,17,HIT,22,True
20260611,NY@ATL,NY,M. Johannes,REB,3.12,2.6,1,MISS,22,True
20260611,NY@ATL,NY,M. Johannes,AST,2.12,1.8,0,MISS,22,True
20260611,NY@ATL,NY,M. Johannes,STL,0.83,0.6,0,MISS,22,True
20260611,NY@ATL,NY,M. Johannes,TPM,0.56,0.5,2,HIT,22,True
20260608,NY@CON,NY,P. Astier,PTS,7.25,6.0,6,PUSH,26,True
20260608,NY@CON,NY,P. Astier,REB,3.62,3.0,3,PUSH,26,True
20260608,NY@CON,NY,P. Astier,AST,2.38,2.0,4,HIT,26,True
20260608,NY@CON,NY,P. Astier,TPM,0.56,0.5,0,MISS,26,True
20260611,NY@ATL,NY,P. Astier,PTS,6.0,4.9,16,HIT,26,True
20260611,NY@ATL,NY,P. Astier,REB,3.0,2.5,8,HIT,26,True
20260611,NY@ATL,NY,P. Astier,AST,2.25,1.9,5,HIT,26,True
20260611,NY@ATL,NY,P. Astier,BLK,0.56,0.4,0,MISS,26,True
20260608,NY@CON,NY,S. Sabally,PTS,7.62,6.3,9,HIT,19,False
20260608,NY@CON,NY,S. Sabally,REB,3.0,2.5,2,MISS,19,False
20260608,NY@CON,NY,S. Sabally,TPM,1.06,0.9,1,PUSH,19,False
20260611,NY@ATL,NY,S. Sabally,PTS,6.38,5.3,19,HIT,17,False
20260611,NY@ATL,NY,S. Sabally,REB,2.88,2.4,3,HIT,17,False
20260611,NY@ATL,NY,S. Sabally,AST,2.0,1.6,0,MISS,17,False
20260611,NY@ATL,NY,S. Sabally,TPM,0.56,0.5,5,HIT,17,False
20260608,NY@CON,NY,R. Gardner,PTS,6.25,5.2,2,MISS,8,False
20260608,NY@CON,NY,R. Gardner,REB,3.0,2.5,1,MISS,8,False
20260608,NY@CON,NY,R. Gardner,AST,2.0,1.6,0,MISS,8,False
20260608,NY@CON,NY,R. Gardner,TPM,0.56,0.5,0,MISS,8,False
20260611,NY@ATL,NY,R. Gardner,PTS,5.5,4.5,8,HIT,13,False
20260611,NY@ATL,NY,R. Gardner,REB,2.75,2.3,3,HIT,13,False
20260608,NY@CON,NY,B. Laney-Hamilton,REB,2.75,2.3,5,HIT,18,False
20260608,NY@CON,NY,B. Laney-Hamilton,AST,2.12,1.8,0,MISS,18,False
20260611,NY@ATL,NY,B. Laney-Hamilton,PTS,6.62,5.5,0,MISS,14,False
20260611,NY@ATL,NY,B. Laney-Hamilton,REB,3.25,2.7,1,MISS,14,False
20260611,NY@ATL,NY,B. Laney-Hamilton,TPM,0.56,0.5,0,MISS,14,False
20260608,NY@CON,NY,J. Jones,PTS,7.25,6.0,0,MISS,0,False
20260608,NY@CON,NY,J. Jones,REB,3.88,3.2,0,MISS,0,False
20260608,NY@CON,NY,J. Jones,AST,2.38,2.0,0,MISS,0,False
20260608,NY@CON,NY,J. Jones,BLK,0.81,0.6,0,MISS,0,False
20260608,NY@CON,NY,J. Jones,TPM,0.94,0.8,0,MISS,0,False
20260608,NY@CON,CON,A. Edwards,PTS,8.25,7.0,15,HIT,28,True
20260608,NY@CON,CON,A. Edwards,REB,3.12,2.7,5,HIT,28,True
20260608,NY@CON,CON,A. Edwards,TPM,0.56,0.5,0,MISS,28,True
20260610,CON@TOR,CON,A. Edwards,PTS,7.12,6.1,24,HIT,30,True
20260610,CON@TOR,CON,A. Edwards,REB,3.25,2.8,4,HIT,30,True
20260610,CON@TOR,CON,A. Edwards,STL,1.17,0.9,0,MISS,30,True
20260608,NY@CON,CON,D. Miller,PTS,6.62,5.6,10,HIT,23,True
20260608,NY@CON,CON,D. Miller,REB,3.12,2.7,2,MISS,23,True
20260608,NY@CON,CON,D. Miller,AST,1.88,1.6,2,HIT,23,True
20260608,NY@CON,CON,D. Miller,TPM,0.56,0.5,2,HIT,23,True
20260610,CON@TOR,CON,D. Miller,PTS,6.5,5.5,11,HIT,30,True
20260610,CON@TOR,CON,D. Miller,REB,2.88,2.4,4,HIT,30,True
20260610,CON@TOR,CON,D. Miller,AST,2.0,1.7,1,MISS,30,True
20260610,CON@TOR,CON,D. Miller,TPM,0.69,0.6,1,HIT,30,True
20260608,NY@CON,CON,O. Nelson-Ododa,PTS,6.38,5.4,15,HIT,26,True
20260608,NY@CON,CON,O. Nelson-Ododa,REB,4.25,3.6,8,HIT,26,True
20260608,NY@CON,CON,O. Nelson-Ododa,AST,1.88,1.6,1,MISS,26,True
20260608,NY@CON,CON,O. Nelson-Ododa,BLK,0.56,0.5,1,HIT,26,True
20260610,CON@TOR,CON,O. Nelson-Ododa,PTS,7.12,6.1,9,HIT,29,True
20260610,CON@TOR,CON,O. Nelson-Ododa,REB,3.62,3.1,13,HIT,29,True
20260610,CON@TOR,CON,O. Nelson-Ododa,AST,1.88,1.6,1,MISS,29,True
20260610,CON@TOR,CON,O. Nelson-Ododa,BLK,0.56,0.5,1,HIT,29,True
20260608,NY@CON,CON,S. Rivers,PTS,6.75,5.7,12,HIT,29,True
20260608,NY@CON,CON,S. Rivers,REB,3.5,3.0,5,HIT,29,True
20260608,NY@CON,CON,S. Rivers,AST,2.62,2.2,3,HIT,29,True
20260608,NY@CON,CON,S. Rivers,STL,0.83,0.7,0,MISS,29,True
20260608,NY@CON,CON,S. Rivers,BLK,0.69,0.6,2,HIT,29,True
20260608,NY@CON,CON,S. Rivers,TPM,0.69,0.6,0,MISS,29,True
20260610,CON@TOR,CON,S. Rivers,PTS,6.75,5.7,12,HIT,35,True
20260610,CON@TOR,CON,S. Rivers,REB,3.25,2.8,7,HIT,35,True
20260610,CON@TOR,CON,S. Rivers,AST,2.12,1.8,7,HIT,35,True
20260610,CON@TOR,CON,S. Rivers,BLK,0.69,0.6,2,HIT,35,True
20260608,NY@CON,CON,L. Lacan,PTS,8.25,7.0,7,PUSH,26,True
20260608,NY@CON,CON,L. Lacan,REB,2.75,2.3,0,MISS,26,True
20260608,NY@CON,CON,L. Lacan,AST,2.62,2.2,7,HIT,26,True
20260608,NY@CON,CON,L. Lacan,STL,0.83,0.7,2,HIT,26,True
20260608,NY@CON,CON,L. Lacan,BLK,0.56,0.5,0,MISS,26,True
20260608,NY@CON,CON,L. Lacan,TPM,0.94,0.8,1,HIT,26,True
20260610,CON@TOR,CON,L. Lacan,PTS,6.12,5.2,24,HIT,32,True
20260610,CON@TOR,CON,L. Lacan,AST,2.62,2.2,7,HIT,32,True
20260610,CON@TOR,CON,L. Lacan,STL,1.0,0.8,1,HIT,32,True
20260610,CON@TOR,CON,L. Lacan,TPM,0.56,0.5,4,HIT,32,True
20260608,NY@CON,CON,K. Burke,PTS,6.62,5.6,1,MISS,15,False
20260608,NY@CON,CON,K. Burke,REB,3.38,2.9,1,MISS,15,False
20260608,NY@CON,CON,K. Burke,AST,2.0,1.7,0,MISS,15,False
20260608,NY@CON,CON,K. Burke,STL,0.83,0.7,1,HIT,15,False
20260608,NY@CON,CON,K. Burke,TPM,0.56,0.5,0,MISS,15,False
20260610,CON@TOR,CON,K. Burke,PTS,5.38,4.6,11,HIT,29,False
20260610,CON@TOR,CON,K. Burke,REB,2.75,2.3,6,HIT,29,False
20260610,CON@TOR,CON,K. Burke,STL,0.83,0.7,1,HIT,29,False
20260608,NY@CON,CON,C. Leger-Walker,PTS,5.75,4.9,4,MISS,14,False
20260608,NY@CON,CON,C. Leger-Walker,REB,2.75,2.3,2,MISS,14,False
20260608,NY@CON,CON,C. Leger-Walker,AST,1.88,1.6,2,HIT,14,False
20260610,CON@TOR,CON,C. Leger-Walker,PTS,5.75,4.9,4,MISS,18,False
20260610,CON@TOR,CON,C. Leger-Walker,REB,2.88,2.4,1,MISS,18,False
20260610,CON@TOR,CON,C. Leger-Walker,AST,2.0,1.7,1,MISS,18,False
20260610,CON@TOR,CON,C. Leger-Walker,STL,1.0,0.8,0,MISS,18,False
20260608,IND@WSH,IND,A. Boston,PTS,9.5,8.3,14,HIT,24,True
20260608,IND@WSH,IND,A. Boston,REB,4.12,3.6,10,HIT,24,True
20260608,IND@WSH,IND,A. Boston,AST,2.12,1.9,3,HIT,24,True
20260608,IND@WSH,IND,A. Boston,STL,0.83,0.7,2,HIT,24,True
20260608,IND@WSH,IND,A. Boston,BLK,0.69,0.6,2,HIT,24,True
20260608,IND@WSH,IND,A. Boston,TPM,0.69,0.6,0,MISS,24,True
20260611,CHI@IND,IND,A. Boston,PTS,7.0,6.1,34,HIT,32,True
20260611,CHI@IND,IND,A. Boston,REB,3.88,3.4,12,HIT,32,True
20260611,CHI@IND,IND,A. Boston,AST,2.12,1.9,3,HIT,32,True
20260611,CHI@IND,IND,A. Boston,STL,1.0,0.8,1,HIT,32,True
20260611,CHI@IND,IND,A. Boston,BLK,0.69,0.6,2,HIT,32,True
20260608,IND@WSH,IND,K. Mitchell,PTS,7.62,6.7,15,HIT,31,True
20260608,IND@WSH,IND,K. Mitchell,REB,2.75,2.4,2,MISS,31,True
20260608,IND@WSH,IND,K. Mitchell,AST,2.12,1.9,3,HIT,31,True
20260608,IND@WSH,IND,K. Mitchell,STL,1.17,1.0,1,PUSH,31,True
20260608,IND@WSH,IND,K. Mitchell,TPM,0.69,0.6,1,HIT,31,True
20260611,CHI@IND,IND,K. Mitchell,PTS,7.12,6.2,19,HIT,39,True
20260611,CHI@IND,IND,K. Mitchell,REB,2.88,2.5,1,MISS,39,True
20260611,CHI@IND,IND,K. Mitchell,AST,2.12,1.9,3,HIT,39,True
20260611,CHI@IND,IND,K. Mitchell,STL,0.83,0.7,3,HIT,39,True
20260611,CHI@IND,IND,K. Mitchell,BLK,0.56,0.5,0,MISS,39,True
20260611,CHI@IND,IND,K. Mitchell,TPM,0.56,0.5,2,HIT,39,True
20260608,IND@WSH,IND,L. Hull,PTS,6.62,5.8,8,HIT,22,True
20260608,IND@WSH,IND,L. Hull,REB,3.62,3.2,3,MISS,22,True
20260608,IND@WSH,IND,L. Hull,AST,1.88,1.6,0,MISS,22,True
20260608,IND@WSH,IND,L. Hull,STL,1.0,0.8,0,MISS,22,True
20260608,IND@WSH,IND,L. Hull,TPM,0.56,0.5,2,HIT,22,True
20260611,CHI@IND,IND,L. Hull,PTS,6.25,5.5,11,HIT,32,True
20260611,CHI@IND,IND,L. Hull,REB,3.0,2.6,8,HIT,32,True
20260611,CHI@IND,IND,L. Hull,TPM,0.69,0.6,1,HIT,32,True
20260608,IND@WSH,IND,C. Clark,PTS,9.25,8.1,19,HIT,31,True
20260608,IND@WSH,IND,C. Clark,REB,3.5,3.1,3,MISS,31,True
20260608,IND@WSH,IND,C. Clark,AST,3.0,2.6,5,HIT,31,True
20260608,IND@WSH,IND,C. Clark,TPM,0.56,0.5,4,HIT,31,True
20260611,CHI@IND,IND,C. Clark,PTS,7.62,6.7,32,HIT,40,True
20260611,CHI@IND,IND,C. Clark,REB,3.0,2.6,7,HIT,40,True
20260611,CHI@IND,IND,C. Clark,AST,2.38,2.1,10,HIT,40,True
20260611,CHI@IND,IND,C. Clark,STL,0.83,0.7,0,MISS,40,True
20260611,CHI@IND,IND,C. Clark,TPM,0.94,0.8,1,HIT,40,True
20260608,IND@WSH,IND,M. Hines-Allen,PTS,5.88,5.1,5,PUSH,18,False
20260608,IND@WSH,IND,M. Hines-Allen,REB,3.75,3.3,4,HIT,18,False
20260608,IND@WSH,IND,M. Hines-Allen,AST,2.12,1.9,1,MISS,18,False
20260608,IND@WSH,IND,M. Hines-Allen,BLK,0.56,0.5,0,MISS,18,False
20260611,CHI@IND,IND,M. Hines-Allen,PTS,5.88,5.1,5,PUSH,23,False
20260611,CHI@IND,IND,M. Hines-Allen,REB,3.12,2.7,9,HIT,23,False
20260611,CHI@IND,IND,M. Hines-Allen,AST,1.88,1.6,3,HIT,23,False
20260611,CHI@IND,IND,M. Hines-Allen,STL,0.83,0.7,0,MISS,23,False
20260608,IND@WSH,IND,M. Timpson,PTS,5.75,5.0,0,MISS,2,False
20260608,IND@WSH,IND,M. Timpson,REB,3.38,3.0,0,MISS,2,False
20260608,IND@WSH,IND,M. Timpson,BLK,0.69,0.6,0,MISS,2,False
20260611,CHI@IND,IND,M. Timpson,AST,1.88,1.6,0,MISS,20,False
20260608,IND@WSH,IND,R. Johnson,PTS,5.62,4.9,0,MISS,7,False
20260608,IND@WSH,IND,R. Johnson,STL,1.0,0.8,0,MISS,7,False
20260608,IND@WSH,IND,R. Johnson,TPM,0.56,0.5,0,MISS,7,False
20260608,IND@WSH,WSH,M. Onyenwere,PTS,7.38,6.3,17,HIT,24,True
20260608,IND@WSH,WSH,M. Onyenwere,REB,3.62,3.1,2,MISS,24,True
20260608,IND@WSH,WSH,M. Onyenwere,AST,1.88,1.6,1,MISS,24,True
20260608,IND@WSH,WSH,M. Onyenwere,STL,0.83,0.7,1,HIT,24,True
20260608,IND@WSH,WSH,M. Onyenwere,TPM,0.56,0.5,3,HIT,24,True
20260612,TOR@WSH,WSH,M. Onyenwere,PTS,7.38,6.3,17,HIT,29,True
20260612,TOR@WSH,WSH,M. Onyenwere,REB,2.88,2.4,8,HIT,29,True
20260612,TOR@WSH,WSH,M. Onyenwere,AST,1.88,1.6,1,MISS,29,True
20260612,TOR@WSH,WSH,M. Onyenwere,STL,0.83,0.7,1,HIT,29,True
20260612,TOR@WSH,WSH,M. Onyenwere,TPM,0.81,0.7,1,HIT,29,True
20260608,IND@WSH,WSH,S. Austin,PTS,6.75,5.7,10,HIT,34,True
20260608,IND@WSH,WSH,S. Austin,REB,4.0,3.4,9,HIT,34,True
20260608,IND@WSH,WSH,S. Austin,AST,2.12,1.8,4,HIT,34,True
20260608,IND@WSH,WSH,S. Austin,BLK,0.69,0.6,1,HIT,34,True
20260612,TOR@WSH,WSH,S. Austin,PTS,6.5,5.5,12,HIT,32,True
20260612,TOR@WSH,WSH,S. Austin,REB,3.75,3.2,11,HIT,32,True
20260612,TOR@WSH,WSH,S. Austin,AST,2.25,1.9,3,HIT,32,True
20260612,TOR@WSH,WSH,S. Austin,BLK,0.56,0.5,2,HIT,32,True
20260608,IND@WSH,WSH,S. Citron,PTS,7.38,6.3,12,HIT,38,True
20260608,IND@WSH,WSH,S. Citron,REB,3.25,2.8,0,MISS,38,True
20260608,IND@WSH,WSH,S. Citron,AST,2.12,1.8,5,HIT,38,True
20260608,IND@WSH,WSH,S. Citron,STL,1.0,0.8,1,HIT,38,True
20260608,IND@WSH,WSH,S. Citron,TPM,0.56,0.5,2,HIT,38,True
20260612,TOR@WSH,WSH,S. Citron,PTS,6.75,5.7,17,HIT,34,True
20260612,TOR@WSH,WSH,S. Citron,AST,2.38,2.0,3,HIT,34,True
20260612,TOR@WSH,WSH,S. Citron,STL,0.83,0.7,2,HIT,34,True
20260612,TOR@WSH,WSH,S. Citron,BLK,0.69,0.6,0,MISS,34,True
20260612,TOR@WSH,WSH,S. Citron,TPM,0.69,0.6,1,HIT,34,True
20260608,IND@WSH,WSH,G. Amoore,PTS,5.38,4.6,12,HIT,29,True
20260608,IND@WSH,WSH,G. Amoore,AST,2.62,2.2,4,HIT,29,True
20260612,TOR@WSH,WSH,G. Amoore,PTS,6.75,5.7,1,MISS,26,True
20260612,TOR@WSH,WSH,G. Amoore,REB,2.75,2.3,0,MISS,26,True
20260612,TOR@WSH,WSH,G. Amoore,AST,2.25,1.9,7,HIT,26,True
20260612,TOR@WSH,WSH,G. Amoore,STL,0.83,0.7,0,MISS,26,True
20260612,TOR@WSH,WSH,G. Amoore,BLK,0.56,0.5,0,MISS,26,True
20260612,TOR@WSH,WSH,G. Amoore,TPM,0.94,0.8,0,MISS,26,True
20260608,IND@WSH,WSH,A. Dugalic,PTS,6.5,5.5,7,HIT,18,False
20260608,IND@WSH,WSH,A. Dugalic,REB,3.38,2.9,5,HIT,18,False
20260612,TOR@WSH,WSH,A. Dugalic,PTS,6.12,5.2,10,HIT,18,True
20260612,TOR@WSH,WSH,A. Dugalic,REB,3.25,2.8,6,HIT,18,True
20260612,TOR@WSH,WSH,A. Dugalic,AST,1.88,1.6,0,MISS,18,True
20260612,TOR@WSH,WSH,A. Dugalic,STL,1.0,0.8,0,MISS,18,True
20260612,TOR@WSH,WSH,A. Dugalic,BLK,0.56,0.5,0,MISS,18,True
20260608,IND@WSH,WSH,L. Betts,PTS,7.5,6.4,8,HIT,12,False
20260608,IND@WSH,WSH,L. Betts,REB,3.12,2.7,3,HIT,12,False
20260608,IND@WSH,WSH,L. Betts,AST,1.88,1.6,1,MISS,12,False
20260608,IND@WSH,WSH,L. Betts,STL,1.0,0.8,0,MISS,12,False
20260612,TOR@WSH,WSH,L. Betts,PTS,6.25,5.3,18,HIT,21,False
20260612,TOR@WSH,WSH,L. Betts,REB,3.0,2.5,4,HIT,21,False
20260612,TOR@WSH,WSH,L. Betts,AST,1.88,1.6,1,MISS,21,False
20260608,IND@WSH,WSH,C. McMahon,PTS,6.38,5.4,7,HIT,22,False
20260608,IND@WSH,WSH,C. McMahon,REB,2.88,2.4,7,HIT,22,False
20260608,IND@WSH,WSH,C. McMahon,AST,2.12,1.8,3,HIT,22,False
20260608,IND@WSH,WSH,C. McMahon,STL,1.0,0.8,0,MISS,22,False
20260612,TOR@WSH,WSH,C. McMahon,PTS,6.12,5.2,9,HIT,23,False
20260612,TOR@WSH,WSH,C. McMahon,REB,3.5,3.0,2,MISS,23,False
20260612,TOR@WSH,WSH,C. McMahon,AST,2.12,1.8,3,HIT,23,False
20260608,IND@WSH,WSH,A. Florez,PTS,5.5,4.7,0,MISS,9,False
20260608,IND@WSH,WSH,A. Florez,REB,3.0,2.5,1,MISS,9,False
20260608,IND@WSH,WSH,A. Florez,AST,2.25,1.9,1,MISS,9,False
20260608,IND@WSH,WSH,A. Florez,STL,0.83,0.7,0,MISS,9,False
20260612,TOR@WSH,WSH,A. Florez,REB,2.75,2.3,3,HIT,14,False
20260612,TOR@WSH,WSH,A. Florez,AST,1.88,1.6,4,HIT,14,False
20260612,TOR@WSH,WSH,A. Florez,BLK,0.56,0.5,0,MISS,14,False
20260608,SEA@LV,SEA,J. Horston,PTS,6.44,5.3,0,MISS,18,True
20260608,SEA@LV,SEA,J. Horston,REB,3.33,2.7,7,HIT,18,True
20260608,SEA@LV,SEA,J. Horston,AST,2.56,2.1,1,MISS,18,True
20260608,SEA@LV,SEA,J. Horston,STL,1.0,0.8,3,HIT,18,True
20260608,SEA@LV,SEA,J. Horston,BLK,0.72,0.6,0,MISS,18,True
20260608,SEA@LV,SEA,J. Horston,TPM,0.5,0.4,0,MISS,18,True
20260610,LA@SEA,SEA,J. Horston,PTS,5.22,4.3,11,HIT,26,True
20260610,LA@SEA,SEA,J. Horston,REB,3.67,3.0,4,HIT,26,True
20260610,LA@SEA,SEA,J. Horston,AST,2.22,1.8,4,HIT,26,True
20260610,LA@SEA,SEA,J. Horston,STL,1.29,1.0,1,PUSH,26,True
20260610,LA@SEA,SEA,J. Horston,BLK,0.61,0.5,1,HIT,26,True
20260612,GS@SEA,SEA,J. Horston,PTS,5.89,4.9,5,PUSH,26,True
20260612,GS@SEA,SEA,J. Horston,REB,3.56,2.9,5,HIT,26,True
20260612,GS@SEA,SEA,J. Horston,AST,2.11,1.7,5,HIT,26,True
20260612,GS@SEA,SEA,J. Horston,STL,1.14,0.9,2,HIT,26,True
20260612,GS@SEA,SEA,J. Horston,BLK,0.5,0.4,2,HIT,26,True
20260612,GS@SEA,SEA,J. Horston,TPM,0.5,0.4,0,MISS,26,True
20260608,SEA@LV,SEA,D. Malonga,PTS,7.33,6.0,19,HIT,17,True
20260608,SEA@LV,SEA,D. Malonga,REB,4.0,3.3,5,HIT,17,True
20260608,SEA@LV,SEA,D. Malonga,AST,2.0,1.6,0,MISS,17,True
20260608,SEA@LV,SEA,D. Malonga,BLK,0.5,0.4,0,MISS,17,True
20260608,SEA@LV,SEA,D. Malonga,TPM,0.5,0.4,1,HIT,17,True
20260610,LA@SEA,SEA,D. Malonga,PTS,7.78,6.4,15,HIT,24,True
20260610,LA@SEA,SEA,D. Malonga,REB,3.78,3.1,7,HIT,24,True
20260610,LA@SEA,SEA,D. Malonga,AST,1.78,1.5,2,HIT,24,True
20260610,LA@SEA,SEA,D. Malonga,STL,0.71,0.6,0,MISS,24,True
20260610,LA@SEA,SEA,D. Malonga,BLK,0.5,0.4,0,MISS,24,True
20260610,LA@SEA,SEA,D. Malonga,TPM,0.5,0.4,1,HIT,24,True
20260612,GS@SEA,SEA,D. Malonga,PTS,8.44,7.0,9,HIT,25,True
20260612,GS@SEA,SEA,D. Malonga,REB,3.67,3.0,8,HIT,25,True
20260612,GS@SEA,SEA,D. Malonga,AST,1.78,1.5,2,HIT,25,True
20260612,GS@SEA,SEA,D. Malonga,STL,0.71,0.6,0,MISS,25,True
20260612,GS@SEA,SEA,D. Malonga,TPM,0.61,0.5,0,MISS,25,True
20260608,SEA@LV,SEA,A. Fam,PTS,6.89,5.7,16,HIT,29,True
20260608,SEA@LV,SEA,A. Fam,REB,3.67,3.0,3,PUSH,29,True
20260608,SEA@LV,SEA,A. Fam,AST,2.11,1.7,1,MISS,29,True
20260608,SEA@LV,SEA,A. Fam,BLK,0.72,0.6,0,MISS,29,True
20260608,SEA@LV,SEA,A. Fam,TPM,0.83,0.7,1,HIT,29,True
20260610,LA@SEA,SEA,A. Fam,PTS,7.33,6.0,12,HIT,30,True
20260610,LA@SEA,SEA,A. Fam,REB,3.33,2.7,6,HIT,30,True
20260610,LA@SEA,SEA,A. Fam,AST,1.78,1.5,4,HIT,30,True
20260610,LA@SEA,SEA,A. Fam,BLK,0.5,0.4,2,HIT,30,True
20260610,LA@SEA,SEA,A. Fam,TPM,0.72,0.6,2,HIT,30,True
20260612,GS@SEA,SEA,A. Fam,PTS,7.78,6.4,8,HIT,35,True
20260612,GS@SEA,SEA,A. Fam,REB,3.33,2.7,6,HIT,35,True
20260612,GS@SEA,SEA,A. Fam,AST,2.11,1.7,1,MISS,35,True
20260612,GS@SEA,SEA,A. Fam,BLK,0.61,0.5,1,HIT,35,True
20260612,GS@SEA,SEA,A. Fam,TPM,0.72,0.6,2,HIT,35,True
20260608,SEA@LV,SEA,N. Hiedeman,PTS,9.33,7.7,17,HIT,28,True
20260608,SEA@LV,SEA,N. Hiedeman,REB,2.89,2.4,5,HIT,28,True
20260608,SEA@LV,SEA,N. Hiedeman,AST,2.67,2.2,5,HIT,28,True
20260608,SEA@LV,SEA,N. Hiedeman,STL,1.0,0.8,3,HIT,28,True
20260608,SEA@LV,SEA,N. Hiedeman,BLK,0.5,0.4,0,MISS,28,True
20260608,SEA@LV,SEA,N. Hiedeman,TPM,1.17,1.0,4,HIT,28,True
20260610,LA@SEA,SEA,N. Hiedeman,PTS,9.44,7.8,16,HIT,29,True
20260610,LA@SEA,SEA,N. Hiedeman,REB,3.33,2.7,1,MISS,29,True
20260610,LA@SEA,SEA,N. Hiedeman,AST,2.67,2.2,5,HIT,29,True
20260610,LA@SEA,SEA,N. Hiedeman,STL,1.29,1.0,1,PUSH,29,True
20260610,LA@SEA,SEA,N. Hiedeman,BLK,0.5,0.4,0,MISS,29,True
20260610,LA@SEA,SEA,N. Hiedeman,TPM,1.39,1.1,2,HIT,29,True
20260612,GS@SEA,SEA,N. Hiedeman,PTS,8.33,6.9,26,HIT,33,True
20260612,GS@SEA,SEA,N. Hiedeman,REB,3.0,2.5,4,HIT,33,True
20260612,GS@SEA,SEA,N. Hiedeman,AST,2.67,2.2,5,HIT,33,True
20260612,GS@SEA,SEA,N. Hiedeman,STL,1.14,0.9,2,HIT,33,True
20260612,GS@SEA,SEA,N. Hiedeman,TPM,1.06,0.9,5,HIT,33,True
20260608,SEA@LV,SEA,F. Johnson,PTS,7.11,5.9,13,HIT,24,True
20260608,SEA@LV,SEA,F. Johnson,REB,4.22,3.5,2,MISS,24,True
20260608,SEA@LV,SEA,F. Johnson,AST,2.33,1.9,7,HIT,24,True
20260608,SEA@LV,SEA,F. Johnson,TPM,0.5,0.4,1,HIT,24,True
20260610,LA@SEA,SEA,F. Johnson,PTS,7.0,5.8,14,HIT,30,True
20260610,LA@SEA,SEA,F. Johnson,REB,3.11,2.6,12,HIT,30,True
20260610,LA@SEA,SEA,F. Johnson,AST,2.44,2.0,6,HIT,30,True
20260610,LA@SEA,SEA,F. Johnson,TPM,0.5,0.4,1,HIT,30,True
20260612,GS@SEA,SEA,F. Johnson,PTS,7.67,6.3,8,HIT,29,True
20260612,GS@SEA,SEA,F. Johnson,REB,3.89,3.2,5,HIT,29,True
20260612,GS@SEA,SEA,F. Johnson,AST,3.0,2.5,1,MISS,29,True
20260612,GS@SEA,SEA,F. Johnson,TPM,0.61,0.5,0,MISS,29,True
20260608,SEA@LV,SEA,K. Samuelson,PTS,5.89,4.9,7,HIT,20,False
20260608,SEA@LV,SEA,K. Samuelson,REB,2.44,2.0,3,HIT,20,False
20260608,SEA@LV,SEA,K. Samuelson,STL,0.71,0.6,2,HIT,20,False
20260608,SEA@LV,SEA,K. Samuelson,TPM,0.72,0.6,1,HIT,20,False
20260610,LA@SEA,SEA,K. Samuelson,PTS,6.33,5.2,3,MISS,9,False
20260610,LA@SEA,SEA,K. Samuelson,REB,2.78,2.3,0,MISS,9,False
20260610,LA@SEA,SEA,K. Samuelson,STL,0.86,0.7,1,HIT,9,False
20260610,LA@SEA,SEA,K. Samuelson,TPM,0.72,0.6,1,HIT,9,False
20260612,GS@SEA,SEA,K. Samuelson,PTS,5.78,4.8,8,HIT,12,False
20260612,GS@SEA,SEA,K. Samuelson,REB,2.67,2.2,1,MISS,12,False
20260612,GS@SEA,SEA,K. Samuelson,STL,1.0,0.8,0,MISS,12,False
20260612,GS@SEA,SEA,K. Samuelson,TPM,0.61,0.5,2,HIT,12,False
20260608,SEA@LV,SEA,J. Melbourne,PTS,5.67,4.7,6,HIT,23,False
20260608,SEA@LV,SEA,J. Melbourne,REB,2.44,2.0,0,MISS,23,False
20260608,SEA@LV,SEA,J. Melbourne,AST,2.11,1.7,5,HIT,23,False
20260608,SEA@LV,SEA,J. Melbourne,STL,1.0,0.8,1,HIT,23,False
20260610,LA@SEA,SEA,J. Melbourne,PTS,5.89,4.9,4,MISS,16,False
20260610,LA@SEA,SEA,J. Melbourne,AST,2.33,1.9,3,HIT,16,False
20260610,LA@SEA,SEA,J. Melbourne,STL,1.0,0.8,1,HIT,16,False
20260612,GS@SEA,SEA,J. Melbourne,PTS,5.78,4.8,5,HIT,27,False
20260612,GS@SEA,SEA,J. Melbourne,REB,2.44,2.0,0,MISS,27,False
20260612,GS@SEA,SEA,J. Melbourne,AST,2.44,2.0,2,PUSH,27,False
20260612,GS@SEA,SEA,J. Melbourne,STL,0.86,0.7,2,HIT,27,False
20260608,SEA@LV,LV,S. Talbot,PTS,6.25,5.5,3,MISS,17,True
20260608,SEA@LV,LV,S. Talbot,REB,3.88,3.4,3,MISS,17,True
20260608,SEA@LV,LV,S. Talbot,AST,2.12,1.9,3,HIT,17,True
20260608,SEA@LV,LV,S. Talbot,STL,0.83,0.7,1,HIT,17,True
20260608,SEA@LV,LV,S. Talbot,BLK,0.56,0.5,0,MISS,17,True
20260608,SEA@LV,LV,S. Talbot,TPM,0.69,0.6,1,HIT,17,True
20260611,LV@POR,LV,S. Talbot,PTS,5.62,4.9,8,HIT,24,True
20260611,LV@POR,LV,S. Talbot,REB,3.0,2.6,10,HIT,24,True
20260611,LV@POR,LV,S. Talbot,AST,2.12,1.9,3,HIT,24,True
20260611,LV@POR,LV,S. Talbot,STL,0.83,0.7,1,HIT,24,True
20260611,LV@POR,LV,S. Talbot,TPM,0.56,0.5,2,HIT,24,True
20260608,SEA@LV,LV,N. Smith,PTS,6.75,5.9,16,HIT,26,True
20260608,SEA@LV,LV,N. Smith,REB,3.88,3.4,9,HIT,26,True
20260608,SEA@LV,LV,N. Smith,AST,2.12,1.9,0,MISS,26,True
20260611,LV@POR,LV,N. Smith,PTS,7.25,6.3,12,HIT,25,True
20260611,LV@POR,LV,N. Smith,REB,3.75,3.3,10,HIT,25,True
20260608,SEA@LV,LV,A. Wilson,PTS,9.25,8.1,34,HIT,36,True
20260608,SEA@LV,LV,A. Wilson,REB,3.25,2.8,12,HIT,36,True
20260608,SEA@LV,LV,A. Wilson,AST,2.25,2.0,9,HIT,36,True
20260608,SEA@LV,LV,A. Wilson,STL,0.83,0.7,1,HIT,36,True
20260608,SEA@LV,LV,A. Wilson,BLK,0.69,0.6,3,HIT,36,True
20260608,SEA@LV,LV,A. Wilson,TPM,0.56,0.5,3,HIT,36,True
20260611,LV@POR,LV,A. Wilson,PTS,9.5,8.3,32,HIT,36,True
20260611,LV@POR,LV,A. Wilson,REB,4.12,3.6,5,HIT,36,True
20260611,LV@POR,LV,A. Wilson,AST,2.88,2.5,4,HIT,36,True
20260611,LV@POR,LV,A. Wilson,STL,0.83,0.7,1,HIT,36,True
20260611,LV@POR,LV,A. Wilson,BLK,0.81,0.7,2,HIT,36,True
20260611,LV@POR,LV,A. Wilson,TPM,0.81,0.7,1,HIT,36,True
20260608,SEA@LV,LV,C. Gray,PTS,8.88,7.8,12,HIT,35,True
20260608,SEA@LV,LV,C. Gray,REB,3.25,2.8,5,HIT,35,True
20260608,SEA@LV,LV,C. Gray,AST,2.12,1.9,8,HIT,35,True
20260608,SEA@LV,LV,C. Gray,TPM,1.56,1.4,1,MISS,35,True
20260611,LV@POR,LV,C. Gray,PTS,6.75,5.9,29,HIT,37,True
20260611,LV@POR,LV,C. Gray,REB,3.25,2.8,5,HIT,37,True
20260611,LV@POR,LV,C. Gray,AST,2.75,2.4,3,HIT,37,True
20260611,LV@POR,LV,C. Gray,TPM,0.56,0.5,9,HIT,37,True
20260608,SEA@LV,LV,J. Young,PTS,7.5,6.6,29,HIT,34,True
20260608,SEA@LV,LV,J. Young,REB,3.62,3.2,3,MISS,34,True
20260608,SEA@LV,LV,J. Young,AST,3.0,2.6,6,HIT,34,True
20260608,SEA@LV,LV,J. Young,STL,0.83,0.7,0,MISS,34,True
20260608,SEA@LV,LV,J. Young,BLK,0.56,0.5,1,HIT,34,True
20260608,SEA@LV,LV,J. Young,TPM,0.69,0.6,4,HIT,34,True
20260611,LV@POR,LV,J. Young,PTS,8.88,7.8,18,HIT,35,True
20260611,LV@POR,LV,J. Young,REB,3.0,2.6,8,HIT,35,True
20260611,LV@POR,LV,J. Young,AST,2.5,2.2,10,HIT,35,True
20260611,LV@POR,LV,J. Young,BLK,0.56,0.5,1,HIT,35,True
20260611,LV@POR,LV,J. Young,TPM,0.94,0.8,2,HIT,35,True
20260608,SEA@LV,LV,J. Loyd,PTS,5.5,4.8,5,HIT,28,False
20260608,SEA@LV,LV,J. Loyd,REB,2.88,2.5,2,MISS,28,False
20260608,SEA@LV,LV,J. Loyd,AST,2.0,1.8,0,MISS,28,False
20260608,SEA@LV,LV,J. Loyd,STL,1.17,1.0,1,PUSH,28,False
20260611,LV@POR,LV,J. Loyd,PTS,5.88,5.1,2,MISS,25,False
20260611,LV@POR,LV,J. Loyd,REB,2.88,2.5,2,MISS,25,False
20260611,LV@POR,LV,J. Loyd,STL,0.83,0.7,3,HIT,25,False
20260611,LV@POR,LV,J. Loyd,TPM,0.56,0.5,0,MISS,25,False
20260609,ATL@CHI,ATL,N. Hillmon,PTS,6.12,5.4,16,HIT,38,True
20260609,ATL@CHI,ATL,N. Hillmon,REB,2.75,2.4,6,HIT,38,True
20260609,ATL@CHI,ATL,N. Hillmon,AST,2.12,1.9,1,MISS,38,True
20260609,ATL@CHI,ATL,N. Hillmon,TPM,0.56,0.5,3,HIT,38,True
20260611,NY@ATL,ATL,N. Hillmon,PTS,7.25,6.3,7,HIT,30,True
20260611,NY@ATL,ATL,N. Hillmon,REB,3.38,3.0,1,MISS,30,True
20260611,NY@ATL,ATL,N. Hillmon,AST,1.88,1.6,3,HIT,30,True
20260611,NY@ATL,ATL,N. Hillmon,STL,0.83,0.7,0,MISS,30,True
20260611,NY@ATL,ATL,N. Hillmon,TPM,0.81,0.7,1,HIT,30,True
20260609,ATL@CHI,ATL,A. Reese,PTS,8.38,7.3,17,HIT,35,True
20260609,ATL@CHI,ATL,A. Reese,REB,3.75,3.3,17,HIT,35,True
20260609,ATL@CHI,ATL,A. Reese,AST,2.12,1.9,4,HIT,35,True
20260609,ATL@CHI,ATL,A. Reese,STL,1.0,0.8,2,HIT,35,True
20260609,ATL@CHI,ATL,A. Reese,BLK,0.56,0.5,0,MISS,35,True
20260611,NY@ATL,ATL,A. Reese,PTS,7.38,6.5,25,HIT,33,True
20260611,NY@ATL,ATL,A. Reese,REB,4.75,4.2,9,HIT,33,True
20260611,NY@ATL,ATL,A. Reese,AST,2.25,2.0,3,HIT,33,True
20260611,NY@ATL,ATL,A. Reese,STL,1.0,0.8,2,HIT,33,True
20260611,NY@ATL,ATL,A. Reese,TPM,0.56,0.5,0,MISS,33,True
20260609,ATL@CHI,ATL,A. Gray,PTS,7.5,6.6,14,HIT,35,True
20260609,ATL@CHI,ATL,A. Gray,REB,3.0,2.6,4,HIT,35,True
20260609,ATL@CHI,ATL,A. Gray,AST,2.0,1.8,1,MISS,35,True
20260609,ATL@CHI,ATL,A. Gray,STL,0.83,0.7,3,HIT,35,True
20260609,ATL@CHI,ATL,A. Gray,TPM,0.56,0.5,0,MISS,35,True
20260611,NY@ATL,ATL,A. Gray,PTS,7.0,6.1,18,HIT,31,True
20260611,NY@ATL,ATL,A. Gray,REB,3.12,2.7,3,HIT,31,True
20260611,NY@ATL,ATL,A. Gray,AST,1.88,1.6,2,HIT,31,True
20260611,NY@ATL,ATL,A. Gray,STL,1.17,1.0,1,PUSH,31,True
20260609,ATL@CHI,ATL,J. Canada,PTS,5.62,4.9,14,HIT,33,True
20260609,ATL@CHI,ATL,J. Canada,REB,3.0,2.6,1,MISS,33,True
20260609,ATL@CHI,ATL,J. Canada,AST,2.62,2.3,6,HIT,33,True
20260609,ATL@CHI,ATL,J. Canada,STL,1.0,0.8,0,MISS,33,True
20260611,NY@ATL,ATL,J. Canada,PTS,7.0,6.1,3,MISS,29,True
20260611,NY@ATL,ATL,J. Canada,REB,2.75,2.4,3,HIT,29,True
20260611,NY@ATL,ATL,J. Canada,AST,2.5,2.2,7,HIT,29,True
20260609,ATL@CHI,ATL,R. Howard,PTS,8.25,7.2,17,HIT,36,True
20260609,ATL@CHI,ATL,R. Howard,REB,3.12,2.7,3,HIT,36,True
20260609,ATL@CHI,ATL,R. Howard,AST,2.12,1.9,5,HIT,36,True
20260609,ATL@CHI,ATL,R. Howard,STL,1.33,1.1,3,HIT,36,True
20260609,ATL@CHI,ATL,R. Howard,BLK,0.56,0.5,0,MISS,36,True
20260609,ATL@CHI,ATL,R. Howard,TPM,1.06,0.9,1,PUSH,36,True
20260611,NY@ATL,ATL,R. Howard,PTS,7.38,6.5,24,HIT,36,True
20260611,NY@ATL,ATL,R. Howard,REB,3.0,2.6,4,HIT,36,True
20260611,NY@ATL,ATL,R. Howard,AST,2.38,2.1,3,HIT,36,True
20260611,NY@ATL,ATL,R. Howard,STL,1.17,1.0,4,HIT,36,True
20260611,NY@ATL,ATL,R. Howard,TPM,0.56,0.5,5,HIT,36,True
20260609,ATL@CHI,ATL,I. Borlase,PTS,5.88,5.1,4,MISS,10,False
20260609,ATL@CHI,ATL,I. Borlase,REB,2.88,2.5,1,MISS,10,False
20260609,ATL@CHI,ATL,I. Borlase,TPM,0.56,0.5,0,MISS,10,False
20260611,NY@ATL,ATL,I. Borlase,PTS,5.75,5.0,5,PUSH,19,False
20260611,NY@ATL,ATL,I. Borlase,REB,2.75,2.4,2,MISS,19,False
20260609,ATL@CHI,CHI,A. Stevens,PTS,6.5,5.7,8,HIT,23,True
20260609,ATL@CHI,CHI,A. Stevens,REB,3.75,3.3,7,HIT,23,True
20260609,ATL@CHI,CHI,A. Stevens,AST,2.5,2.2,0,MISS,23,True
20260609,ATL@CHI,CHI,A. Stevens,STL,0.83,0.7,1,HIT,23,True
20260609,ATL@CHI,CHI,A. Stevens,BLK,0.56,0.5,0,MISS,23,True
20260611,CHI@IND,CHI,A. Stevens,PTS,6.25,5.5,10,HIT,26,True
20260611,CHI@IND,CHI,A. Stevens,REB,3.5,3.1,9,HIT,26,True
20260611,CHI@IND,CHI,A. Stevens,STL,0.83,0.7,1,HIT,26,True
20260609,ATL@CHI,CHI,K. Cardoso,PTS,6.5,5.7,13,HIT,35,True
20260609,ATL@CHI,CHI,K. Cardoso,REB,3.12,2.7,2,MISS,35,True
20260609,ATL@CHI,CHI,K. Cardoso,AST,1.88,1.6,5,HIT,35,True
20260609,ATL@CHI,CHI,K. Cardoso,BLK,0.56,0.5,4,HIT,35,True
20260611,CHI@IND,CHI,K. Cardoso,PTS,6.88,6.0,10,HIT,21,True
20260611,CHI@IND,CHI,K. Cardoso,REB,2.88,2.5,4,HIT,21,True
20260611,CHI@IND,CHI,K. Cardoso,AST,2.38,2.1,1,MISS,21,True
20260611,CHI@IND,CHI,K. Cardoso,STL,0.83,0.7,0,MISS,21,True
20260611,CHI@IND,CHI,K. Cardoso,BLK,0.94,0.8,1,HIT,21,True
20260609,ATL@CHI,CHI,S. Diggins,PTS,7.88,6.9,17,HIT,32,True
20260609,ATL@CHI,CHI,S. Diggins,REB,3.0,2.6,3,HIT,32,True
20260609,ATL@CHI,CHI,S. Diggins,AST,1.88,1.6,3,HIT,32,True
20260609,ATL@CHI,CHI,S. Diggins,STL,0.83,0.7,1,HIT,32,True
20260609,ATL@CHI,CHI,S. Diggins,TPM,0.69,0.6,4,HIT,32,True
20260611,CHI@IND,CHI,S. Diggins,PTS,7.38,6.5,21,HIT,32,True
20260611,CHI@IND,CHI,S. Diggins,REB,3.0,2.6,3,HIT,32,True
20260611,CHI@IND,CHI,S. Diggins,AST,2.12,1.9,1,MISS,32,True
20260611,CHI@IND,CHI,S. Diggins,STL,0.83,0.7,1,HIT,32,True
20260611,CHI@IND,CHI,S. Diggins,TPM,0.94,0.8,2,HIT,32,True
20260609,ATL@CHI,CHI,J. Sheldon,PTS,6.5,5.7,6,HIT,25,True
20260609,ATL@CHI,CHI,J. Sheldon,REB,2.75,2.4,0,MISS,25,True
20260609,ATL@CHI,CHI,J. Sheldon,AST,2.25,2.0,3,HIT,25,True
20260609,ATL@CHI,CHI,J. Sheldon,TPM,0.56,0.5,2,HIT,25,True
20260611,CHI@IND,CHI,J. Sheldon,PTS,6.0,5.3,10,HIT,26,True
20260611,CHI@IND,CHI,J. Sheldon,AST,2.12,1.9,4,HIT,26,True
20260611,CHI@IND,CHI,J. Sheldon,STL,0.83,0.7,0,MISS,26,True
20260611,CHI@IND,CHI,J. Sheldon,BLK,0.56,0.5,0,MISS,26,True
20260611,CHI@IND,CHI,J. Sheldon,TPM,0.69,0.6,1,HIT,26,True
20260609,ATL@CHI,CHI,G. Jaquez,PTS,6.0,5.3,3,MISS,19,True
20260609,ATL@CHI,CHI,G. Jaquez,REB,2.88,2.5,4,HIT,19,True
20260609,ATL@CHI,CHI,G. Jaquez,AST,1.88,1.6,0,MISS,19,True
20260609,ATL@CHI,CHI,G. Jaquez,STL,0.83,0.7,0,MISS,19,True
20260611,CHI@IND,CHI,G. Jaquez,PTS,5.62,4.9,6,HIT,22,True
20260611,CHI@IND,CHI,G. Jaquez,REB,3.12,2.7,2,MISS,22,True
20260609,ATL@CHI,CHI,E. Williams,PTS,6.12,5.4,7,HIT,20,False
20260609,ATL@CHI,CHI,E. Williams,REB,3.0,2.6,3,HIT,20,False
20260609,ATL@CHI,CHI,E. Williams,AST,1.88,1.6,2,HIT,20,False
20260609,ATL@CHI,CHI,E. Williams,STL,0.83,0.7,0,MISS,20,False
20260609,ATL@CHI,CHI,E. Williams,BLK,0.81,0.7,0,MISS,20,False
20260611,CHI@IND,CHI,E. Williams,PTS,6.12,5.4,7,HIT,24,False
20260611,CHI@IND,CHI,E. Williams,REB,3.0,2.6,3,HIT,24,False
20260611,CHI@IND,CHI,E. Williams,AST,2.0,1.8,1,MISS,24,False
20260609,ATL@CHI,CHI,N. Cloud,PTS,6.0,5.3,18,HIT,30,False
20260609,ATL@CHI,CHI,N. Cloud,REB,3.12,2.7,6,HIT,30,False
20260609,ATL@CHI,CHI,N. Cloud,AST,2.38,2.1,4,HIT,30,False
20260611,CHI@IND,CHI,N. Cloud,PTS,7.5,6.6,6,MISS,34,False
20260611,CHI@IND,CHI,N. Cloud,REB,3.38,3.0,4,HIT,34,False
20260611,CHI@IND,CHI,N. Cloud,AST,2.25,2.0,5,HIT,34,False
20260611,CHI@IND,CHI,N. Cloud,STL,1.0,0.8,0,MISS,34,False
20260611,CHI@IND,CHI,N. Cloud,BLK,0.69,0.6,0,MISS,34,False
20260611,CHI@IND,CHI,N. Cloud,TPM,0.56,0.5,0,MISS,34,False
20260609,ATL@CHI,CHI,S. Taylor,PTS,9.0,7.9,0,MISS,3,False
20260609,ATL@CHI,CHI,S. Taylor,REB,2.88,2.5,0,MISS,3,False
20260609,ATL@CHI,CHI,S. Taylor,AST,2.0,1.8,0,MISS,3,False
20260609,ATL@CHI,CHI,S. Taylor,STL,0.83,0.7,0,MISS,3,False
20260609,ATL@CHI,CHI,S. Taylor,BLK,0.56,0.5,0,MISS,3,False
20260609,ATL@CHI,CHI,S. Taylor,TPM,0.94,0.8,0,MISS,3,False
20260609,DAL@MIN,DAL,J. Shepard,PTS,7.38,6.3,12,HIT,29,True
20260609,DAL@MIN,DAL,J. Shepard,REB,3.88,3.3,9,HIT,29,True
20260609,DAL@MIN,DAL,J. Shepard,AST,2.62,2.2,4,HIT,29,True
20260609,DAL@MIN,DAL,J. Shepard,STL,1.0,0.8,0,MISS,29,True
20260611,PHX@DAL,DAL,J. Shepard,PTS,6.75,5.7,17,HIT,32,True
20260611,PHX@DAL,DAL,J. Shepard,REB,3.75,3.2,10,HIT,32,True
20260611,PHX@DAL,DAL,J. Shepard,AST,2.25,1.9,7,HIT,32,True
20260609,DAL@MIN,DAL,M. Siegrist,REB,2.88,2.4,7,HIT,22,True
20260611,PHX@DAL,DAL,M. Siegrist,PTS,5.75,4.9,0,MISS,14,True
20260611,PHX@DAL,DAL,M. Siegrist,REB,3.5,3.0,2,MISS,14,True
20260611,PHX@DAL,DAL,M. Siegrist,AST,2.0,1.7,0,MISS,14,True
20260611,PHX@DAL,DAL,M. Siegrist,STL,0.83,0.7,0,MISS,14,True
20260611,PHX@DAL,DAL,M. Siegrist,BLK,0.56,0.5,0,MISS,14,True
20260609,DAL@MIN,DAL,A. Ogunbowale,PTS,5.5,4.7,16,HIT,28,True
20260609,DAL@MIN,DAL,A. Ogunbowale,REB,3.38,2.9,3,HIT,28,True
20260609,DAL@MIN,DAL,A. Ogunbowale,AST,1.88,1.6,6,HIT,28,True
20260609,DAL@MIN,DAL,A. Ogunbowale,STL,1.0,0.8,3,HIT,28,True
20260611,PHX@DAL,DAL,A. Ogunbowale,PTS,7.25,6.2,2,MISS,29,True
20260611,PHX@DAL,DAL,A. Ogunbowale,REB,3.0,2.5,6,HIT,29,True
20260611,PHX@DAL,DAL,A. Ogunbowale,AST,2.5,2.1,1,MISS,29,True
20260611,PHX@DAL,DAL,A. Ogunbowale,STL,1.17,0.9,2,HIT,29,True
20260611,PHX@DAL,DAL,A. Ogunbowale,TPM,0.69,0.6,0,MISS,29,True
20260609,DAL@MIN,DAL,P. Bueckers,PTS,9.12,7.8,23,HIT,30,True
20260609,DAL@MIN,DAL,P. Bueckers,REB,3.38,2.9,1,MISS,30,True
20260609,DAL@MIN,DAL,P. Bueckers,AST,2.38,2.0,2,PUSH,30,True
20260609,DAL@MIN,DAL,P. Bueckers,STL,0.83,0.7,0,MISS,30,True
20260609,DAL@MIN,DAL,P. Bueckers,TPM,0.81,0.7,3,HIT,30,True
20260611,PHX@DAL,DAL,P. Bueckers,PTS,8.12,6.9,31,HIT,32,True
20260611,PHX@DAL,DAL,P. Bueckers,REB,2.75,2.3,6,HIT,32,True
20260611,PHX@DAL,DAL,P. Bueckers,AST,2.0,1.7,5,HIT,32,True
20260611,PHX@DAL,DAL,P. Bueckers,BLK,0.56,0.5,0,MISS,32,True
20260611,PHX@DAL,DAL,P. Bueckers,TPM,0.81,0.7,3,HIT,32,True
20260609,DAL@MIN,DAL,A. Fudd,PTS,7.38,6.3,6,MISS,30,True
20260609,DAL@MIN,DAL,A. Fudd,REB,3.0,2.5,0,MISS,30,True
20260609,DAL@MIN,DAL,A. Fudd,AST,2.25,1.9,0,MISS,30,True
20260609,DAL@MIN,DAL,A. Fudd,STL,0.83,0.7,2,HIT,30,True
20260609,DAL@MIN,DAL,A. Fudd,BLK,0.81,0.7,0,MISS,30,True
20260609,DAL@MIN,DAL,A. Fudd,TPM,0.56,0.5,2,HIT,30,True
20260611,PHX@DAL,DAL,A. Fudd,PTS,6.0,5.1,17,HIT,34,True
20260611,PHX@DAL,DAL,A. Fudd,STL,1.0,0.8,1,HIT,34,True
20260611,PHX@DAL,DAL,A. Fudd,TPM,0.69,0.6,1,HIT,34,True
20260609,DAL@MIN,DAL,A. Smith,PTS,5.5,4.7,0,MISS,9,False
20260609,DAL@MIN,DAL,A. Smith,REB,3.25,2.8,2,MISS,9,False
20260609,DAL@MIN,DAL,A. Smith,AST,1.88,1.6,1,MISS,9,False
20260611,PHX@DAL,DAL,A. Smith,REB,2.88,2.4,5,HIT,16,False
20260611,PHX@DAL,DAL,A. Smith,AST,1.88,1.6,1,MISS,16,False
20260611,PHX@DAL,DAL,A. Smith,STL,1.0,0.8,0,MISS,16,False
20260609,DAL@MIN,DAL,A. James,PTS,6.12,5.2,9,HIT,16,False
20260609,DAL@MIN,DAL,A. James,REB,2.75,2.3,5,HIT,16,False
20260609,DAL@MIN,DAL,A. James,AST,2.25,1.9,0,MISS,16,False
20260609,DAL@MIN,DAL,A. James,STL,1.17,0.9,0,MISS,16,False
20260611,PHX@DAL,DAL,A. James,PTS,6.38,5.4,7,HIT,17,False
20260611,PHX@DAL,DAL,A. James,REB,3.25,2.8,1,MISS,17,False
20260611,PHX@DAL,DAL,A. James,TPM,0.56,0.5,0,MISS,17,False
20260609,DAL@MIN,DAL,A. Kuier,PTS,5.75,4.9,0,MISS,0,False
20260609,DAL@MIN,DAL,A. Kuier,REB,3.0,2.5,0,MISS,0,False
20260609,DAL@MIN,DAL,A. Kuier,AST,1.88,1.6,0,MISS,0,False
20260609,DAL@MIN,DAL,A. Kuier,BLK,0.56,0.5,0,MISS,0,False
20260609,PHX@GS,PHX,A. Thomas,PTS,6.0,5.1,22,HIT,32,True
20260609,PHX@GS,PHX,A. Thomas,REB,3.75,3.2,8,HIT,32,True
20260609,PHX@GS,PHX,A. Thomas,AST,3.0,2.5,9,HIT,32,True
20260609,PHX@GS,PHX,A. Thomas,STL,1.0,0.8,1,HIT,32,True
20260611,PHX@DAL,PHX,A. Thomas,PTS,8.0,6.8,6,MISS,32,True
20260611,PHX@DAL,PHX,A. Thomas,REB,3.62,3.1,9,HIT,32,True
20260611,PHX@DAL,PHX,A. Thomas,AST,2.88,2.4,10,HIT,32,True
20260611,PHX@DAL,PHX,A. Thomas,STL,0.83,0.7,2,HIT,32,True
20260609,PHX@GS,PHX,N. Mack,PTS,6.25,5.3,9,HIT,25,True
20260609,PHX@GS,PHX,N. Mack,REB,3.0,2.5,10,HIT,25,True
20260609,PHX@GS,PHX,N. Mack,AST,2.0,1.7,1,MISS,25,True
20260611,PHX@DAL,PHX,N. Mack,PTS,6.38,5.4,8,HIT,22,True
20260611,PHX@DAL,PHX,N. Mack,REB,3.88,3.3,3,MISS,22,True
20260611,PHX@DAL,PHX,N. Mack,AST,1.88,1.6,2,HIT,22,True
20260611,PHX@DAL,PHX,N. Mack,BLK,0.56,0.5,0,MISS,22,True
20260611,PHX@DAL,PHX,N. Mack,TPM,0.56,0.5,0,MISS,22,True
20260609,PHX@GS,PHX,N. Brochant,PTS,5.75,4.9,10,HIT,29,True
20260609,PHX@GS,PHX,N. Brochant,REB,2.88,2.4,2,MISS,29,True
20260609,PHX@GS,PHX,N. Brochant,AST,1.88,1.6,6,HIT,29,True
20260609,PHX@GS,PHX,N. Brochant,STL,1.0,0.8,2,HIT,29,True
20260611,PHX@DAL,PHX,N. Brochant,PTS,6.5,5.5,4,MISS,22,True
20260611,PHX@DAL,PHX,N. Brochant,REB,2.88,2.4,2,MISS,22,True
20260611,PHX@DAL,PHX,N. Brochant,AST,2.5,2.1,1,MISS,22,True
20260611,PHX@DAL,PHX,N. Brochant,STL,1.0,0.8,2,HIT,22,True
20260611,PHX@DAL,PHX,N. Brochant,TPM,0.69,0.6,0,MISS,22,True
20260609,PHX@GS,PHX,K. Copper,PTS,6.88,5.8,9,HIT,26,True
20260609,PHX@GS,PHX,K. Copper,REB,2.88,2.4,4,HIT,26,True
20260609,PHX@GS,PHX,K. Copper,AST,2.12,1.8,1,MISS,26,True
20260609,PHX@GS,PHX,K. Copper,TPM,0.69,0.6,1,HIT,26,True
20260611,PHX@DAL,PHX,K. Copper,PTS,6.38,5.4,13,HIT,29,True
20260611,PHX@DAL,PHX,K. Copper,REB,3.12,2.7,2,MISS,29,True
20260611,PHX@DAL,PHX,K. Copper,AST,1.88,1.6,3,HIT,29,True
20260611,PHX@DAL,PHX,K. Copper,STL,0.83,0.7,0,MISS,29,True
20260611,PHX@DAL,PHX,K. Copper,TPM,0.56,0.5,2,HIT,29,True
20260609,PHX@GS,PHX,M. Akoa Makani,PTS,6.0,5.1,19,HIT,32,True
20260609,PHX@GS,PHX,M. Akoa Makani,AST,1.88,1.6,3,HIT,32,True
20260609,PHX@GS,PHX,M. Akoa Makani,STL,0.83,0.7,1,HIT,32,True
20260609,PHX@GS,PHX,M. Akoa Makani,BLK,0.56,0.5,0,MISS,32,True
20260611,PHX@DAL,PHX,M. Akoa Makani,PTS,7.62,6.5,6,MISS,24,True
20260611,PHX@DAL,PHX,M. Akoa Makani,REB,3.0,2.5,0,MISS,24,True
20260611,PHX@DAL,PHX,M. Akoa Makani,AST,2.12,1.8,1,MISS,24,True
20260611,PHX@DAL,PHX,M. Akoa Makani,STL,0.83,0.7,1,HIT,24,True
20260611,PHX@DAL,PHX,M. Akoa Makani,TPM,0.81,0.7,0,MISS,24,True
20260609,PHX@GS,PHX,D. Bonner,PTS,6.38,5.4,3,MISS,28,False
20260609,PHX@GS,PHX,D. Bonner,REB,3.5,3.0,4,HIT,28,False
20260609,PHX@GS,PHX,D. Bonner,AST,1.88,1.6,0,MISS,28,False
20260609,PHX@GS,PHX,D. Bonner,STL,1.17,0.9,0,MISS,28,False
20260611,PHX@DAL,PHX,D. Bonner,PTS,5.62,4.8,9,HIT,29,False
20260611,PHX@DAL,PHX,D. Bonner,REB,3.12,2.7,7,HIT,29,False
20260611,PHX@DAL,PHX,D. Bonner,BLK,0.56,0.5,0,MISS,29,False
20260611,PHX@DAL,PHX,D. Bonner,TPM,0.56,0.5,0,MISS,29,False
20260609,PHX@GS,PHX,J. Nogic,PTS,6.12,5.2,2,MISS,9,False
20260609,PHX@GS,PHX,J. Nogic,REB,2.88,2.4,0,MISS,9,False
20260609,PHX@GS,PHX,J. Nogic,AST,1.88,1.6,1,MISS,9,False
20260609,PHX@GS,PHX,J. Nogic,STL,0.83,0.7,0,MISS,9,False
20260609,PHX@GS,PHX,J. Nogic,TPM,0.56,0.5,0,MISS,9,False
20260611,PHX@DAL,PHX,J. Nogic,PTS,5.5,4.7,7,HIT,16,False
20260611,PHX@DAL,PHX,J. Nogic,AST,1.88,1.6,1,MISS,16,False
20260609,PHX@GS,PHX,L. Held,PTS,7.38,6.3,5,MISS,15,False
20260609,PHX@GS,PHX,L. Held,REB,3.12,2.7,2,MISS,15,False
20260609,PHX@GS,PHX,L. Held,AST,1.88,1.6,2,HIT,15,False
20260609,PHX@GS,PHX,L. Held,STL,0.83,0.7,1,HIT,15,False
20260609,PHX@GS,PHX,L. Held,TPM,0.81,0.7,1,HIT,15,False
20260611,PHX@DAL,PHX,L. Held,PTS,5.88,5.0,17,HIT,23,False
20260611,PHX@DAL,PHX,L. Held,REB,2.88,2.4,4,HIT,23,False
20260611,PHX@DAL,PHX,L. Held,AST,2.0,1.7,1,MISS,23,False
20260611,PHX@DAL,PHX,L. Held,STL,0.83,0.7,1,HIT,23,False
20260611,PHX@DAL,PHX,L. Held,TPM,0.56,0.5,3,HIT,23,False
20260609,PHX@GS,GS,K. Thornton,PTS,5.5,4.7,12,HIT,35,True
20260609,PHX@GS,GS,K. Thornton,REB,3.12,2.7,4,HIT,35,True
20260609,PHX@GS,GS,K. Thornton,AST,1.88,1.6,2,HIT,35,True
20260609,PHX@GS,GS,K. Thornton,STL,0.83,0.7,1,HIT,35,True
20260609,PHX@GS,GS,K. Thornton,BLK,0.69,0.6,0,MISS,35,True
20260612,GS@SEA,GS,K. Thornton,PTS,6.75,5.7,2,MISS,24,True
20260612,GS@SEA,GS,K. Thornton,REB,3.12,2.7,4,HIT,24,True
20260612,GS@SEA,GS,K. Thornton,AST,2.0,1.7,1,MISS,24,True
20260612,GS@SEA,GS,K. Thornton,STL,0.83,0.7,1,HIT,24,True
20260612,GS@SEA,GS,K. Thornton,TPM,0.69,0.6,0,MISS,24,True
20260609,PHX@GS,GS,G. Williams,PTS,7.62,6.5,25,HIT,30,True
20260609,PHX@GS,GS,G. Williams,REB,2.75,2.3,4,HIT,30,True
20260609,PHX@GS,GS,G. Williams,AST,2.25,1.9,1,MISS,30,True
20260609,PHX@GS,GS,G. Williams,STL,0.83,0.7,1,HIT,30,True
20260609,PHX@GS,GS,G. Williams,TPM,0.69,0.6,3,HIT,30,True
20260612,GS@SEA,GS,G. Williams,PTS,8.38,7.1,19,HIT,32,True
20260612,GS@SEA,GS,G. Williams,REB,3.12,2.7,1,MISS,32,True
20260612,GS@SEA,GS,G. Williams,AST,1.88,1.6,4,HIT,32,True
20260612,GS@SEA,GS,G. Williams,STL,0.83,0.7,1,HIT,32,True
20260612,GS@SEA,GS,G. Williams,TPM,0.81,0.7,2,HIT,32,True
20260609,PHX@GS,GS,C. Zandalasini,PTS,5.5,4.7,0,MISS,17,True
20260609,PHX@GS,GS,C. Zandalasini,REB,2.88,2.4,0,MISS,17,True
20260609,PHX@GS,GS,C. Zandalasini,STL,0.83,0.7,3,HIT,17,True
20260609,PHX@GS,GS,C. Zandalasini,BLK,0.56,0.5,0,MISS,17,True
20260612,GS@SEA,GS,C. Zandalasini,AST,1.88,1.6,0,MISS,13,True
20260612,GS@SEA,GS,C. Zandalasini,STL,1.17,0.9,1,PUSH,13,True
20260609,PHX@GS,GS,K. Stokes,PTS,5.5,4.7,3,MISS,20,True
20260609,PHX@GS,GS,K. Stokes,REB,3.25,2.8,4,HIT,20,True
20260609,PHX@GS,GS,K. Stokes,AST,1.88,1.6,3,HIT,20,True
20260609,PHX@GS,GS,K. Stokes,STL,0.83,0.7,0,MISS,20,True
20260609,PHX@GS,GS,K. Stokes,BLK,0.56,0.5,1,HIT,20,True
20260612,GS@SEA,GS,K. Stokes,PTS,5.62,4.8,2,MISS,23,True
20260612,GS@SEA,GS,K. Stokes,REB,3.12,2.7,5,HIT,23,True
20260612,GS@SEA,GS,K. Stokes,AST,2.12,1.8,1,MISS,23,True
20260612,GS@SEA,GS,K. Stokes,BLK,0.56,0.5,1,HIT,23,True
20260612,GS@SEA,GS,K. Stokes,TPM,0.56,0.5,0,MISS,23,True
20260609,PHX@GS,GS,V. Burton,PTS,6.62,5.6,25,HIT,37,True
20260609,PHX@GS,GS,V. Burton,REB,3.25,2.8,3,HIT,37,True
20260609,PHX@GS,GS,V. Burton,AST,2.75,2.3,8,HIT,37,True
20260609,PHX@GS,GS,V. Burton,STL,1.0,0.8,0,MISS,37,True
20260609,PHX@GS,GS,V. Burton,BLK,0.56,0.5,0,MISS,37,True
20260609,PHX@GS,GS,V. Burton,TPM,0.56,0.5,2,HIT,37,True
20260612,GS@SEA,GS,V. Burton,PTS,8.38,7.1,11,HIT,30,True
20260612,GS@SEA,GS,V. Burton,REB,3.0,2.5,5,HIT,30,True
20260612,GS@SEA,GS,V. Burton,AST,2.75,2.3,8,HIT,30,True
20260612,GS@SEA,GS,V. Burton,TPM,0.69,0.6,1,HIT,30,True
20260609,PHX@GS,GS,J. Salaun,PTS,8.0,6.8,11,HIT,25,False
20260609,PHX@GS,GS,J. Salaun,REB,3.5,3.0,5,HIT,25,False
20260609,PHX@GS,GS,J. Salaun,AST,1.88,1.6,0,MISS,25,False
20260609,PHX@GS,GS,J. Salaun,TPM,1.06,0.9,2,HIT,25,False
20260612,GS@SEA,GS,J. Salaun,PTS,6.62,5.6,22,HIT,33,False
20260612,GS@SEA,GS,J. Salaun,REB,3.25,2.8,7,HIT,33,False
20260612,GS@SEA,GS,J. Salaun,STL,0.83,0.7,0,MISS,33,False
20260612,GS@SEA,GS,J. Salaun,TPM,0.69,0.6,5,HIT,33,False
20260609,PHX@GS,GS,T. Hayes,PTS,7.38,6.3,7,HIT,13,False
20260609,PHX@GS,GS,T. Hayes,REB,3.12,2.7,1,MISS,13,False
20260609,PHX@GS,GS,T. Hayes,AST,2.12,1.8,3,HIT,13,False
20260612,GS@SEA,GS,T. Hayes,PTS,6.12,5.2,17,HIT,24,False
20260612,GS@SEA,GS,T. Hayes,REB,2.75,2.3,4,HIT,24,False
20260612,GS@SEA,GS,T. Hayes,AST,2.12,1.8,3,HIT,24,False
20260610,CON@TOR,TOR,L. Juskaite,PTS,6.25,5.3,19,HIT,37,True
20260610,CON@TOR,TOR,L. Juskaite,STL,1.0,0.8,4,HIT,37,True
20260612,TOR@WSH,TOR,L. Juskaite,PTS,7.62,6.5,8,HIT,23,True
20260612,TOR@WSH,TOR,L. Juskaite,REB,3.38,2.9,0,MISS,23,True
20260612,TOR@WSH,TOR,L. Juskaite,AST,2.0,1.7,0,MISS,23,True
20260612,TOR@WSH,TOR,L. Juskaite,STL,1.33,1.1,2,HIT,23,True
20260612,TOR@WSH,TOR,L. Juskaite,BLK,0.56,0.5,0,MISS,23,True
20260612,TOR@WSH,TOR,L. Juskaite,TPM,0.56,0.5,0,MISS,23,True
20260610,CON@TOR,TOR,B. Sykes,PTS,7.75,6.6,38,HIT,41,True
20260610,CON@TOR,TOR,B. Sykes,REB,2.88,2.4,4,HIT,41,True
20260610,CON@TOR,TOR,B. Sykes,AST,2.12,1.8,1,MISS,41,True
20260610,CON@TOR,TOR,B. Sykes,STL,0.83,0.7,2,HIT,41,True
20260610,CON@TOR,TOR,B. Sykes,BLK,0.56,0.5,1,HIT,41,True
20260610,CON@TOR,TOR,B. Sykes,TPM,0.56,0.5,3,HIT,41,True
20260612,TOR@WSH,TOR,B. Sykes,PTS,10.0,8.5,20,HIT,31,True
20260612,TOR@WSH,TOR,B. Sykes,REB,3.12,2.7,2,MISS,31,True
20260612,TOR@WSH,TOR,B. Sykes,AST,1.88,1.6,3,HIT,31,True
20260612,TOR@WSH,TOR,B. Sykes,STL,1.0,0.8,1,HIT,31,True
20260612,TOR@WSH,TOR,B. Sykes,BLK,0.56,0.5,1,HIT,31,True
20260612,TOR@WSH,TOR,B. Sykes,TPM,0.81,0.7,1,HIT,31,True
20260610,CON@TOR,TOR,M. Mabrey,PTS,8.62,7.3,21,HIT,34,True
20260610,CON@TOR,TOR,M. Mabrey,REB,2.75,2.3,1,MISS,34,True
20260610,CON@TOR,TOR,M. Mabrey,AST,2.12,1.8,1,MISS,34,True
20260610,CON@TOR,TOR,M. Mabrey,STL,0.83,0.7,3,HIT,34,True
20260610,CON@TOR,TOR,M. Mabrey,TPM,1.06,0.9,4,HIT,34,True
20260612,TOR@WSH,TOR,M. Mabrey,PTS,7.88,6.7,27,HIT,28,True
20260612,TOR@WSH,TOR,M. Mabrey,REB,2.75,2.3,1,MISS,28,True
20260612,TOR@WSH,TOR,M. Mabrey,AST,1.88,1.6,3,HIT,28,True
20260612,TOR@WSH,TOR,M. Mabrey,STL,1.17,0.9,1,PUSH,28,True
20260612,TOR@WSH,TOR,M. Mabrey,TPM,0.94,0.8,5,HIT,28,True
20260610,CON@TOR,TOR,J. Allemand,PTS,6.38,5.4,6,HIT,36,True
20260610,CON@TOR,TOR,J. Allemand,REB,2.88,2.4,2,MISS,36,True
20260610,CON@TOR,TOR,J. Allemand,AST,2.12,1.8,4,HIT,36,True
20260610,CON@TOR,TOR,J. Allemand,STL,1.17,0.9,2,HIT,36,True
20260610,CON@TOR,TOR,J. Allemand,BLK,0.56,0.5,0,MISS,36,True
20260610,CON@TOR,TOR,J. Allemand,TPM,0.56,0.5,0,MISS,36,True
20260612,TOR@WSH,TOR,J. Allemand,PTS,6.0,5.1,9,HIT,26,True
20260612,TOR@WSH,TOR,J. Allemand,REB,2.88,2.4,2,MISS,26,True
20260612,TOR@WSH,TOR,J. Allemand,AST,2.25,1.9,3,HIT,26,True
20260612,TOR@WSH,TOR,J. Allemand,STL,1.0,0.8,3,HIT,26,True
20260610,CON@TOR,TOR,I. Harrison,PTS,6.25,5.3,5,MISS,13,False
20260610,CON@TOR,TOR,I. Harrison,REB,3.38,2.9,3,HIT,13,False
20260610,CON@TOR,TOR,I. Harrison,AST,2.12,1.8,2,HIT,13,False
20260610,CON@TOR,TOR,I. Harrison,STL,1.33,1.1,0,MISS,13,False
20260610,CON@TOR,TOR,I. Harrison,BLK,0.56,0.5,0,MISS,13,False
20260612,TOR@WSH,TOR,I. Harrison,PTS,5.88,5.0,8,HIT,28,True
20260612,TOR@WSH,TOR,I. Harrison,REB,3.0,2.5,6,HIT,28,True
20260612,TOR@WSH,TOR,I. Harrison,AST,2.0,1.7,3,HIT,28,True
20260610,CON@TOR,TOR,M. Conde,PTS,6.12,5.2,0,MISS,15,False
20260610,CON@TOR,TOR,M. Conde,REB,3.38,2.9,2,MISS,15,False
20260610,CON@TOR,TOR,M. Conde,AST,2.25,1.9,2,HIT,15,False
20260610,CON@TOR,TOR,M. Conde,STL,0.83,0.7,1,HIT,15,False
20260612,TOR@WSH,TOR,M. Conde,REB,2.88,2.4,6,HIT,22,False
20260612,TOR@WSH,TOR,M. Conde,AST,2.0,1.7,4,HIT,22,False
20260612,TOR@WSH,TOR,M. Conde,STL,0.83,0.7,1,HIT,22,False
20260612,TOR@WSH,TOR,M. Conde,BLK,0.56,0.5,0,MISS,22,False
20260610,CON@TOR,TOR,T. Key,PTS,5.5,4.7,0,MISS,9,False
20260610,CON@TOR,TOR,T. Key,REB,2.75,2.3,3,HIT,9,False
20260610,CON@TOR,TOR,T. Key,AST,2.0,1.7,1,MISS,9,False
20260610,CON@TOR,TOR,T. Key,STL,1.17,0.9,0,MISS,9,False
20260610,CON@TOR,TOR,T. Key,BLK,0.69,0.6,0,MISS,9,False
20260612,TOR@WSH,TOR,T. Key,REB,3.0,2.5,1,MISS,15,False
20260612,TOR@WSH,TOR,T. Key,AST,1.88,1.6,2,HIT,15,False
20260610,CON@TOR,TOR,T. Pouye,PTS,5.75,4.9,2,MISS,8,False
20260610,CON@TOR,TOR,T. Pouye,AST,2.12,1.8,2,HIT,8,False
20260612,TOR@WSH,TOR,T. Pouye,PTS,5.5,4.7,4,MISS,17,False
20260612,TOR@WSH,TOR,T. Pouye,REB,2.88,2.4,0,MISS,17,False
20260612,TOR@WSH,TOR,T. Pouye,AST,2.0,1.7,3,HIT,17,False
