event_id,home,away,start_time,market,book,player,side,point,price,updated
2aa029b6f16580a4239f7e91f62f69fa,Golden State Valkyries,Atlanta Dream,2026-06-27T02:10:00Z,player_assists,draftkings,Jordin Canada,Over,6.5,115,2026-06-27T00:03:16Z
2aa029b6f16580a4239f7e91f62f69fa,Golden State Valkyries,Atlanta Dream,2026-06-27T02:10:00Z,player_assists,draftkings,Jordin Canada,Under,6.5,-157,2026-06-27T00:03:16Z
2aa029b6f16580a4239f7e91f62f69fa,Golden State Valkyries,Atlanta Dream,2026-06-27T02:10:00Z,player_assists,draftkings,Veronica Burton,Over,5.5,-116,2026-06-27T00:03:16Z
2aa029b6f16580a4239f7e91f62f69fa,Golden State Valkyries,Atlanta Dream,2026-06-27T02:10:00Z,player_assists,draftkings,Veronica Burton,Under,5.5,-117,2026-06-27T00:03:16Z
2aa029b6f16580a4239f7e91f62f69fa,Golden State Valkyries,Atlanta Dream,2026-06-27T02:10:00Z,player_assists,draftkings,Rhyne Howard,Over,3.5,100,2026-06-27T00:03:16Z
2aa029b6f16580a4239f7e91f62f69fa,Golden State Valkyries,Atlanta Dream,2026-06-27T02:10:00Z,player_assists,draftkings,Rhyne Howard,Under,3.5,-136,2026-06-27T00:03:16Z
2aa029b6f16580a4239f7e91f62f69fa,Golden State Valkyries,Atlanta Dream,2026-06-27T02:10:00Z,player_assists,draftkings,Angel Reese,Over,2.5,-140,2026-06-27T00:03:16Z
2aa029b6f16580a4239f7e91f62f69fa,Golden State Valkyries,Atlanta Dream,2026-06-27T02:10:00Z,player_assists,draftkings,Angel Reese,Under,2.5,103,2026-06-27T00:03:16Z
2aa029b6f16580a4239f7e91f62f69fa,Golden State Valkyries,Atlanta Dream,2026-06-27T02:10:00Z,player_assists,draftkings,Gabby Williams,Over,2.5,-120,2026-06-27T00:03:16Z
2aa029b6f16580a4239f7e91f62f69fa,Golden State Valkyries,Atlanta Dream,2026-06-27T02:10:00Z,player_assists,draftkings,Gabby Williams,Under,2.5,-113,2026-06-27T00:03:16Z
2aa029b6f16580a4239f7e91f62f69fa,Golden State Valkyries,Atlanta Dream,2026-06-27T02:10:00Z,player_assists,williamhill_us,Rhyne Howard,Over,3.5,-102,2026-06-27T00:02:29Z
2aa029b6f16580a4239f7e91f62f69fa,Golden State Valkyries,Atlanta Dream,2026-06-27T02:10:00Z,player_assists,williamhill_us,Rhyne Howard,Under,3.5,-132,2026-06-27T00:02:29Z
2aa029b6f16580a4239f7e91f62f69fa,Golden State Valkyries,Atlanta Dream,2026-06-27T02:10:00Z,player_assists,williamhill_us,Jordin Canada,Over,5.5,-154,2026-06-27T00:02:29Z
2aa029b6f16580a4239f7e91f62f69fa,Golden State Valkyries,Atlanta Dream,2026-06-27T02:10:00Z,player_assists,williamhill_us,Jordin Canada,Under,5.5,115,2026-06-27T00:02:29Z
2aa029b6f16580a4239f7e91f62f69fa,Golden State Valkyries,Atlanta Dream,2026-06-27T02:10:00Z,player_assists,williamhill_us,Veronica Burton,Over,5.5,-111,2026-06-27T00:02:29Z
2aa029b6f16580a4239f7e91f62f69fa,Golden State Valkyries,Atlanta Dream,2026-06-27T02:10:00Z,player_assists,williamhill_us,Veronica Burton,Under,5.5,-121,2026-06-27T00:02:29Z
2aa029b6f16580a4239f7e91f62f69fa,Golden State Valkyries,Atlanta Dream,2026-06-27T02:10:00Z,player_assists,fanduel,Veronica Burton,Over,5.5,-110,2026-06-27T00:03:17Z
2aa029b6f16580a4239f7e91f62f69fa,Golden State Valkyries,Atlanta Dream,2026-06-27T02:10:00Z,player_assists,fanduel,Veronica Burton,Under,5.5,-120,2026-06-27T00:03:17Z
2aa029b6f16580a4239f7e91f62f69fa,Golden State Valkyries,Atlanta Dream,2026-06-27T02:10:00Z,player_assists,fanduel,Gabby Williams,Over,2.5,-120,2026-06-27T00:03:17Z
2aa029b6f16580a4239f7e91f62f69fa,Golden State Valkyries,Atlanta Dream,2026-06-27T02:10:00Z,player_assists,fanduel,Gabby Williams,Under,2.5,-110,2026-06-27T00:03:17Z
2aa029b6f16580a4239f7e91f62f69fa,Golden State Valkyries,Atlanta Dream,2026-06-27T02:10:00Z,player_assists,fanduel,Rhyne Howard,Over,3.5,-102,2026-06-27T00:03:17Z
2aa029b6f16580a4239f7e91f62f69fa,Golden State Valkyries,Atlanta Dream,2026-06-27T02:10:00Z,player_assists,fanduel,Rhyne Howard,Under,3.5,-130,2026-06-27T00:03:17Z
2aa029b6f16580a4239f7e91f62f69fa,Golden State Valkyries,Atlanta Dream,2026-06-27T02:10:00Z,player_assists,fanduel,Jordin Canada,Over,5.5,-146,2026-06-27T00:03:17Z
2aa029b6f16580a4239f7e91f62f69fa,Golden State Valkyries,Atlanta Dream,2026-06-27T02:10:00Z,player_assists,fanduel,Jordin Canada,Under,5.5,110,2026-06-27T00:03:17Z
2aa029b6f16580a4239f7e91f62f69fa,Golden State Valkyries,Atlanta Dream,2026-06-27T02:10:00Z,player_assists,fanduel,Angel Reese,Over,2.5,-132,2026-06-27T00:03:17Z
2aa029b6f16580a4239f7e91f62f69fa,Golden State Valkyries,Atlanta Dream,2026-06-27T02:10:00Z,player_assists,fanduel,Angel Reese,Under,2.5,100,2026-06-27T00:03:17Z
2aa029b6f16580a4239f7e91f62f69fa,Golden State Valkyries,Atlanta Dream,2026-06-27T02:10:00Z,player_assists,betrivers,Veronica Burton,Over,5.5,-129,2026-06-27T00:02:53Z
2aa029b6f16580a4239f7e91f62f69fa,Golden State Valkyries,Atlanta Dream,2026-06-27T02:10:00Z,player_assists,betrivers,Rhyne Howard,Over,3.5,-103,2026-06-27T00:02:53Z
2aa029b6f16580a4239f7e91f62f69fa,Golden State Valkyries,Atlanta Dream,2026-06-27T02:10:00Z,player_assists,betrivers,Jordin Canada,Over,5.5,-162,2026-06-27T00:02:53Z
2aa029b6f16580a4239f7e91f62f69fa,Golden State Valkyries,Atlanta Dream,2026-06-27T02:10:00Z,player_assists,betonlineag,Rhyne Howard,Over,3.5,103,2026-06-27T00:03:11Z
2aa029b6f16580a4239f7e91f62f69fa,Golden State Valkyries,Atlanta Dream,2026-06-27T02:10:00Z,player_assists,betonlineag,Rhyne Howard,Under,3.5,-133,2026-06-27T00:03:11Z
2aa029b6f16580a4239f7e91f62f69fa,Golden State Valkyries,Atlanta Dream,2026-06-27T02:10:00Z,player_assists,betonlineag,Veronica Burton,Over,5.5,-112,2026-06-27T00:03:11Z
2aa029b6f16580a4239f7e91f62f69fa,Golden State Valkyries,Atlanta Dream,2026-06-27T02:10:00Z,player_assists,betonlineag,Veronica Burton,Under,5.5,-115,2026-06-27T00:03:11Z
2aa029b6f16580a4239f7e91f62f69fa,Golden State Valkyries,Atlanta Dream,2026-06-27T02:10:00Z,player_assists,betonlineag,Angel Reese,Over,2.5,-132,2026-06-27T00:03:11Z
2aa029b6f16580a4239f7e91f62f69fa,Golden State Valkyries,Atlanta Dream,2026-06-27T02:10:00Z,player_assists,betonlineag,Angel Reese,Under,2.5,102,2026-06-27T00:03:11Z
2aa029b6f16580a4239f7e91f62f69fa,Golden State Valkyries,Atlanta Dream,2026-06-27T02:10:00Z,player_assists,betonlineag,Gabby Williams,Over,2.5,-118,2026-06-27T00:03:11Z
2aa029b6f16580a4239f7e91f62f69fa,Golden State Valkyries,Atlanta Dream,2026-06-27T02:10:00Z,player_assists,betonlineag,Gabby Williams,Under,2.5,-110,2026-06-27T00:03:11Z
2aa029b6f16580a4239f7e91f62f69fa,Golden State Valkyries,Atlanta Dream,2026-06-27T02:10:00Z,player_assists,betonlineag,Allisha Gray,Over,2.5,149,2026-06-27T00:03:11Z
2aa029b6f16580a4239f7e91f62f69fa,Golden State Valkyries,Atlanta Dream,2026-06-27T02:10:00Z,player_assists,betonlineag,Allisha Gray,Under,2.5,-196,2026-06-27T00:03:11Z
2aa029b6f16580a4239f7e91f62f69fa,Golden State Valkyries,Atlanta Dream,2026-06-27T02:10:00Z,player_assists,betonlineag,Cecilia Zandalasini,Over,2.5,164,2026-06-27T00:03:11Z
2aa029b6f16580a4239f7e91f62f69fa,Golden State Valkyries,Atlanta Dream,2026-06-27T02:10:00Z,player_assists,betonlineag,Cecilia Zandalasini,Under,2.5,-217,2026-06-27T00:03:11Z
2aa029b6f16580a4239f7e91f62f69fa,Golden State Valkyries,Atlanta Dream,2026-06-27T02:10:00Z,player_assists,betonlineag,Jordin Canada,Over,5.5,-159,2026-06-27T00:03:11Z
2aa029b6f16580a4239f7e91f62f69fa,Golden State Valkyries,Atlanta Dream,2026-06-27T02:10:00Z,player_assists,betonlineag,Jordin Canada,Under,5.5,122,2026-06-27T00:03:11Z
2aa029b6f16580a4239f7e91f62f69fa,Golden State Valkyries,Atlanta Dream,2026-06-27T02:10:00Z,player_double_double,draftkings,Angel Reese,Yes,,-146,2026-06-27T00:03:16Z
2aa029b6f16580a4239f7e91f62f69fa,Golden State Valkyries,Atlanta Dream,2026-06-27T02:10:00Z,player_double_double,draftkings,Jordin Canada,Yes,,920,2026-06-27T00:03:16Z
2aa029b6f16580a4239f7e91f62f69fa,Golden State Valkyries,Atlanta Dream,2026-06-27T02:10:00Z,player_double_double,draftkings,Veronica Burton,Yes,,1240,2026-06-27T00:03:16Z
2aa029b6f16580a4239f7e91f62f69fa,Golden State Valkyries,Atlanta Dream,2026-06-27T02:10:00Z,player_double_double,draftkings,Kayla Thornton,Yes,,1460,2026-06-27T00:03:16Z
2aa029b6f16580a4239f7e91f62f69fa,Golden State Valkyries,Atlanta Dream,2026-06-27T02:10:00Z,player_double_double,draftkings,Naz Hillmon,Yes,,1480,2026-06-27T00:03:16Z
2aa029b6f16580a4239f7e91f62f69fa,Golden State Valkyries,Atlanta Dream,2026-06-27T02:10:00Z,player_double_double,draftkings,Rhyne Howard,Yes,,1660,2026-06-27T00:03:16Z
2aa029b6f16580a4239f7e91f62f69fa,Golden State Valkyries,Atlanta Dream,2026-06-27T02:10:00Z,player_double_double,draftkings,Allisha Gray,Yes,,3200,2026-06-27T00:03:16Z
2aa029b6f16580a4239f7e91f62f69fa,Golden State Valkyries,Atlanta Dream,2026-06-27T02:10:00Z,player_double_double,draftkings,Gabby Williams,Yes,,3900,2026-06-27T00:03:16Z
2aa029b6f16580a4239f7e91f62f69fa,Golden State Valkyries,Atlanta Dream,2026-06-27T02:10:00Z,player_double_double,fanatics,Rhyne Howard,Yes,,2800,2026-06-27T00:02:28Z
2aa029b6f16580a4239f7e91f62f69fa,Golden State Valkyries,Atlanta Dream,2026-06-27T02:10:00Z,player_double_double,fanatics,Angel Reese,Yes,,-140,2026-06-27T00:02:28Z
2aa029b6f16580a4239f7e91f62f69fa,Golden State Valkyries,Atlanta Dream,2026-06-27T02:10:00Z,player_double_double,fanatics,Jordin Canada,Yes,,850,2026-06-27T00:02:28Z
2aa029b6f16580a4239f7e91f62f69fa,Golden State Valkyries,Atlanta Dream,2026-06-27T02:10:00Z,player_double_double,fanatics,Veronica Burton,Yes,,1050,2026-06-27T00:02:28Z
2aa029b6f16580a4239f7e91f62f69fa,Golden State Valkyries,Atlanta Dream,2026-06-27T02:10:00Z,player_double_double,williamhill_us,Angel Reese,Yes,,-170,2026-06-27T00:02:29Z
2aa029b6f16580a4239f7e91f62f69fa,Golden State Valkyries,Atlanta Dream,2026-06-27T02:10:00Z,player_double_double,williamhill_us,Jordin Canada,Yes,,950,2026-06-27T00:02:29Z
2aa029b6f16580a4239f7e91f62f69fa,Golden State Valkyries,Atlanta Dream,2026-06-27T02:10:00Z,player_double_double,williamhill_us,Veronica Burton,Yes,,1100,2026-06-27T00:02:29Z
2aa029b6f16580a4239f7e91f62f69fa,Golden State Valkyries,Atlanta Dream,2026-06-27T02:10:00Z,player_double_double,williamhill_us,Kayla Thornton,Yes,,1300,2026-06-27T00:02:29Z
2aa029b6f16580a4239f7e91f62f69fa,Golden State Valkyries,Atlanta Dream,2026-06-27T02:10:00Z,player_double_double,williamhill_us,Naz Hillmon,Yes,,1500,2026-06-27T00:02:29Z
2aa029b6f16580a4239f7e91f62f69fa,Golden State Valkyries,Atlanta Dream,2026-06-27T02:10:00Z,player_double_double,williamhill_us,Rhyne Howard,Yes,,1900,2026-06-27T00:02:29Z
2aa029b6f16580a4239f7e91f62f69fa,Golden State Valkyries,Atlanta Dream,2026-06-27T02:10:00Z,player_double_double,fanduel,Angel Reese,Yes,,-170,2026-06-27T00:03:17Z
2aa029b6f16580a4239f7e91f62f69fa,Golden State Valkyries,Atlanta Dream,2026-06-27T02:10:00Z,player_double_double,fanduel,Jordin Canada,Yes,,1200,2026-06-27T00:03:17Z
2aa029b6f16580a4239f7e91f62f69fa,Golden State Valkyries,Atlanta Dream,2026-06-27T02:10:00Z,player_double_double,fanduel,Kayla Thornton,Yes,,1200,2026-06-27T00:03:17Z
2aa029b6f16580a4239f7e91f62f69fa,Golden State Valkyries,Atlanta Dream,2026-06-27T02:10:00Z,player_double_double,fanduel,Veronica Burton,Yes,,1300,2026-06-27T00:03:17Z
2aa029b6f16580a4239f7e91f62f69fa,Golden State Valkyries,Atlanta Dream,2026-06-27T02:10:00Z,player_double_double,fanduel,Naz Hillmon,Yes,,1800,2026-06-27T00:03:17Z
2aa029b6f16580a4239f7e91f62f69fa,Golden State Valkyries,Atlanta Dream,2026-06-27T02:10:00Z,player_points,draftkings,Allisha Gray,Over,18.5,-109,2026-06-27T00:03:16Z
2aa029b6f16580a4239f7e91f62f69fa,Golden State Valkyries,Atlanta Dream,2026-06-27T02:10:00Z,player_points,draftkings,Allisha Gray,Under,18.5,-122,2026-06-27T00:03:16Z
2aa029b6f16580a4239f7e91f62f69fa,Golden State Valkyries,Atlanta Dream,2026-06-27T02:10:00Z,player_points,draftkings,Rhyne Howard,Over,17.5,-129,2026-06-27T00:03:16Z
2aa029b6f16580a4239f7e91f62f69fa,Golden State Valkyries,Atlanta Dream,2026-06-27T02:10:00Z,player_points,draftkings,Rhyne Howard,Under,17.5,-103,2026-06-27T00:03:16Z
2aa029b6f16580a4239f7e91f62f69fa,Golden State Valkyries,Atlanta Dream,2026-06-27T02:10:00Z,player_points,draftkings,Gabby Williams,Over,16.5,-105,2026-06-27T00:03:16Z
2aa029b6f16580a4239f7e91f62f69fa,Golden State Valkyries,Atlanta Dream,2026-06-27T02:10:00Z,player_points,draftkings,Gabby Williams,Under,16.5,-127,2026-06-27T00:03:16Z
2aa029b6f16580a4239f7e91f62f69fa,Golden State Valkyries,Atlanta Dream,2026-06-27T02:10:00Z,player_points,draftkings,Angel Reese,Over,12.5,-126,2026-06-27T00:03:16Z
2aa029b6f16580a4239f7e91f62f69fa,Golden State Valkyries,Atlanta Dream,2026-06-27T02:10:00Z,player_points,draftkings,Angel Reese,Under,12.5,-105,2026-06-27T00:03:16Z
2aa029b6f16580a4239f7e91f62f69fa,Golden State Valkyries,Atlanta Dream,2026-06-27T02:10:00Z,player_points,draftkings,Veronica Burton,Over,12.5,-106,2026-06-27T00:03:16Z
2aa029b6f16580a4239f7e91f62f69fa,Golden State Valkyries,Atlanta Dream,2026-06-27T02:10:00Z,player_points,draftkings,Veronica Burton,Under,12.5,-125,2026-06-27T00:03:16Z
2aa029b6f16580a4239f7e91f62f69fa,Golden State Valkyries,Atlanta Dream,2026-06-27T02:10:00Z,player_points,draftkings,Jordin Canada,Over,11.5,-101,2026-06-27T00:03:16Z
2aa029b6f16580a4239f7e91f62f69fa,Golden State Valkyries,Atlanta Dream,2026-06-27T02:10:00Z,player_points,draftkings,Jordin Canada,Under,11.5,-131,2026-06-27T00:03:16Z
2aa029b6f16580a4239f7e91f62f69fa,Golden State Valkyries,Atlanta Dream,2026-06-27T02:10:00Z,player_points,draftkings,Janelle Salaun,Over,9.5,-104,2026-06-27T00:03:16Z
2aa029b6f16580a4239f7e91f62f69fa,Golden State Valkyries,Atlanta Dream,2026-06-27T02:10:00Z,player_points,draftkings,Janelle Salaun,Under,9.5,-128,2026-06-27T00:03:16Z
2aa029b6f16580a4239f7e91f62f69fa,Golden State Valkyries,Atlanta Dream,2026-06-27T02:10:00Z,player_points,draftkings,Cecilia Zandalasini,Over,9.5,-102,2026-06-27T00:03:16Z
2aa029b6f16580a4239f7e91f62f69fa,Golden State Valkyries,Atlanta Dream,2026-06-27T02:10:00Z,player_points,draftkings,Cecilia Zandalasini,Under,9.5,-130,2026-06-27T00:03:16Z
2aa029b6f16580a4239f7e91f62f69fa,Golden State Valkyries,Atlanta Dream,2026-06-27T02:10:00Z,player_points,draftkings,Kayla Thornton,Over,8.5,-125,2026-06-27T00:03:16Z
2aa029b6f16580a4239f7e91f62f69fa,Golden State Valkyries,Atlanta Dream,2026-06-27T02:10:00Z,player_points,draftkings,Kayla Thornton,Under,8.5,-106,2026-06-27T00:03:16Z
2aa029b6f16580a4239f7e91f62f69fa,Golden State Valkyries,Atlanta Dream,2026-06-27T02:10:00Z,player_points,draftkings,Naz Hillmon,Over,8.5,-109,2026-06-27T00:03:16Z
2aa029b6f16580a4239f7e91f62f69fa,Golden State Valkyries,Atlanta Dream,2026-06-27T02:10:00Z,player_points,draftkings,Naz Hillmon,Under,8.5,-122,2026-06-27T00:03:16Z
2aa029b6f16580a4239f7e91f62f69fa,Golden State Valkyries,Atlanta Dream,2026-06-27T02:10:00Z,player_points,williamhill_us,Naz Hillmon,Over,8.5,102,2026-06-27T00:02:29Z
2aa029b6f16580a4239f7e91f62f69fa,Golden State Valkyries,Atlanta Dream,2026-06-27T02:10:00Z,player_points,williamhill_us,Naz Hillmon,Under,8.5,-138,2026-06-27T00:02:29Z
2aa029b6f16580a4239f7e91f62f69fa,Golden State Valkyries,Atlanta Dream,2026-06-27T02:10:00Z,player_points,williamhill_us,Angel Reese,Over,12.5,-127,2026-06-27T00:02:29Z
2aa029b6f16580a4239f7e91f62f69fa,Golden State Valkyries,Atlanta Dream,2026-06-27T02:10:00Z,player_points,williamhill_us,Angel Reese,Under,12.5,-107,2026-06-27T00:02:29Z
2aa029b6f16580a4239f7e91f62f69fa,Golden State Valkyries,Atlanta Dream,2026-06-27T02:10:00Z,player_points,williamhill_us,Rhyne Howard,Over,17.5,-121,2026-06-27T00:02:29Z
2aa029b6f16580a4239f7e91f62f69fa,Golden State Valkyries,Atlanta Dream,2026-06-27T02:10:00Z,player_points,williamhill_us,Rhyne Howard,Under,17.5,-110,2026-06-27T00:02:29Z
2aa029b6f16580a4239f7e91f62f69fa,Golden State Valkyries,Atlanta Dream,2026-06-27T02:10:00Z,player_points,williamhill_us,Cecilia Zandalasini,Over,9.5,100,2026-06-27T00:02:29Z
2aa029b6f16580a4239f7e91f62f69fa,Golden State Valkyries,Atlanta Dream,2026-06-27T02:10:00Z,player_points,williamhill_us,Cecilia Zandalasini,Under,9.5,-130,2026-06-27T00:02:29Z
2aa029b6f16580a4239f7e91f62f69fa,Golden State Valkyries,Atlanta Dream,2026-06-27T02:10:00Z,player_points,williamhill_us,Allisha Gray,Over,18.5,-108,2026-06-27T00:02:29Z
2aa029b6f16580a4239f7e91f62f69fa,Golden State Valkyries,Atlanta Dream,2026-06-27T02:10:00Z,player_points,williamhill_us,Allisha Gray,Under,18.5,-124,2026-06-27T00:02:29Z
2aa029b6f16580a4239f7e91f62f69fa,Golden State Valkyries,Atlanta Dream,2026-06-27T02:10:00Z,player_points,williamhill_us,Kayla Thornton,Over,8.5,-125,2026-06-27T00:02:29Z
2aa029b6f16580a4239f7e91f62f69fa,Golden State Valkyries,Atlanta Dream,2026-06-27T02:10:00Z,player_points,williamhill_us,Kayla Thornton,Under,8.5,-110,2026-06-27T00:02:29Z
2aa029b6f16580a4239f7e91f62f69fa,Golden State Valkyries,Atlanta Dream,2026-06-27T02:10:00Z,player_points,williamhill_us,Janelle Salaun,Over,9.5,-108,2026-06-27T00:02:29Z
2aa029b6f16580a4239f7e91f62f69fa,Golden State Valkyries,Atlanta Dream,2026-06-27T02:10:00Z,player_points,williamhill_us,Janelle Salaun,Under,9.5,-124,2026-06-27T00:02:29Z
2aa029b6f16580a4239f7e91f62f69fa,Golden State Valkyries,Atlanta Dream,2026-06-27T02:10:00Z,player_points,williamhill_us,Veronica Burton,Over,12.5,-108,2026-06-27T00:02:29Z
2aa029b6f16580a4239f7e91f62f69fa,Golden State Valkyries,Atlanta Dream,2026-06-27T02:10:00Z,player_points,williamhill_us,Veronica Burton,Under,12.5,-124,2026-06-27T00:02:29Z
2aa029b6f16580a4239f7e91f62f69fa,Golden State Valkyries,Atlanta Dream,2026-06-27T02:10:00Z,player_points,williamhill_us,Gabby Williams,Over,16.5,-102,2026-06-27T00:02:29Z
2aa029b6f16580a4239f7e91f62f69fa,Golden State Valkyries,Atlanta Dream,2026-06-27T02:10:00Z,player_points,williamhill_us,Gabby Williams,Under,16.5,-130,2026-06-27T00:02:29Z
2aa029b6f16580a4239f7e91f62f69fa,Golden State Valkyries,Atlanta Dream,2026-06-27T02:10:00Z,player_points,williamhill_us,Jordin Canada,Over,10.5,-127,2026-06-27T00:02:29Z
2aa029b6f16580a4239f7e91f62f69fa,Golden State Valkyries,Atlanta Dream,2026-06-27T02:10:00Z,player_points,williamhill_us,Jordin Canada,Under,10.5,-108,2026-06-27T00:02:29Z
2aa029b6f16580a4239f7e91f62f69fa,Golden State Valkyries,Atlanta Dream,2026-06-27T02:10:00Z,player_points,fanduel,Cecilia Zandalasini,Over,9.5,-108,2026-06-27T00:03:17Z
2aa029b6f16580a4239f7e91f62f69fa,Golden State Valkyries,Atlanta Dream,2026-06-27T02:10:00Z,player_points,fanduel,Cecilia Zandalasini,Under,9.5,-120,2026-06-27T00:03:17Z
2aa029b6f16580a4239f7e91f62f69fa,Golden State Valkyries,Atlanta Dream,2026-06-27T02:10:00Z,player_points,fanduel,Veronica Burton,Over,12.5,-106,2026-06-27T00:03:17Z
2aa029b6f16580a4239f7e91f62f69fa,Golden State Valkyries,Atlanta Dream,2026-06-27T02:10:00Z,player_points,fanduel,Veronica Burton,Under,12.5,-122,2026-06-27T00:03:17Z
2aa029b6f16580a4239f7e91f62f69fa,Golden State Valkyries,Atlanta Dream,2026-06-27T02:10:00Z,player_points,fanduel,Kayla Thornton,Over,8.5,-128,2026-06-27T00:03:17Z
2aa029b6f16580a4239f7e91f62f69fa,Golden State Valkyries,Atlanta Dream,2026-06-27T02:10:00Z,player_points,fanduel,Kayla Thornton,Under,8.5,-102,2026-06-27T00:03:17Z
2aa029b6f16580a4239f7e91f62f69fa,Golden State Valkyries,Atlanta Dream,2026-06-27T02:10:00Z,player_points,fanduel,Naz Hillmon,Over,8.5,104,2026-06-27T00:03:17Z
2aa029b6f16580a4239f7e91f62f69fa,Golden State Valkyries,Atlanta Dream,2026-06-27T02:10:00Z,player_points,fanduel,Naz Hillmon,Under,8.5,-138,2026-06-27T00:03:17Z
2aa029b6f16580a4239f7e91f62f69fa,Golden State Valkyries,Atlanta Dream,2026-06-27T02:10:00Z,player_points,fanduel,Jordin Canada,Over,10.5,-114,2026-06-27T00:03:17Z
2aa029b6f16580a4239f7e91f62f69fa,Golden State Valkyries,Atlanta Dream,2026-06-27T02:10:00Z,player_points,fanduel,Jordin Canada,Under,10.5,-114,2026-06-27T00:03:17Z
2aa029b6f16580a4239f7e91f62f69fa,Golden State Valkyries,Atlanta Dream,2026-06-27T02:10:00Z,player_points,fanduel,Gabby Williams,Over,16.5,102,2026-06-27T00:03:17Z
2aa029b6f16580a4239f7e91f62f69fa,Golden State Valkyries,Atlanta Dream,2026-06-27T02:10:00Z,player_points,fanduel,Gabby Williams,Under,16.5,-132,2026-06-27T00:03:17Z
2aa029b6f16580a4239f7e91f62f69fa,Golden State Valkyries,Atlanta Dream,2026-06-27T02:10:00Z,player_points,fanduel,Rhyne Howard,Over,17.5,-120,2026-06-27T00:03:17Z
2aa029b6f16580a4239f7e91f62f69fa,Golden State Valkyries,Atlanta Dream,2026-06-27T02:10:00Z,player_points,fanduel,Rhyne Howard,Under,17.5,-110,2026-06-27T00:03:17Z
2aa029b6f16580a4239f7e91f62f69fa,Golden State Valkyries,Atlanta Dream,2026-06-27T02:10:00Z,player_points,fanduel,Angel Reese,Over,12.5,-128,2026-06-27T00:03:17Z
2aa029b6f16580a4239f7e91f62f69fa,Golden State Valkyries,Atlanta Dream,2026-06-27T02:10:00Z,player_points,fanduel,Angel Reese,Under,12.5,-102,2026-06-27T00:03:17Z
2aa029b6f16580a4239f7e91f62f69fa,Golden State Valkyries,Atlanta Dream,2026-06-27T02:10:00Z,player_points,fanduel,Allisha Gray,Over,18.5,100,2026-06-27T00:03:17Z
2aa029b6f16580a4239f7e91f62f69fa,Golden State Valkyries,Atlanta Dream,2026-06-27T02:10:00Z,player_points,fanduel,Allisha Gray,Under,18.5,-130,2026-06-27T00:03:17Z
2aa029b6f16580a4239f7e91f62f69fa,Golden State Valkyries,Atlanta Dream,2026-06-27T02:10:00Z,player_points,fanduel,Janelle Salaun,Over,9.5,-102,2026-06-27T00:03:17Z
2aa029b6f16580a4239f7e91f62f69fa,Golden State Valkyries,Atlanta Dream,2026-06-27T02:10:00Z,player_points,fanduel,Janelle Salaun,Under,9.5,-128,2026-06-27T00:03:17Z
2aa029b6f16580a4239f7e91f62f69fa,Golden State Valkyries,Atlanta Dream,2026-06-27T02:10:00Z,player_points,betrivers,Cecilia Zandalasini,Over,8.5,-130,2026-06-27T00:02:53Z
2aa029b6f16580a4239f7e91f62f69fa,Golden State Valkyries,Atlanta Dream,2026-06-27T02:10:00Z,player_points,betrivers,Angel Reese,Over,14.5,123,2026-06-27T00:02:53Z
2aa029b6f16580a4239f7e91f62f69fa,Golden State Valkyries,Atlanta Dream,2026-06-27T02:10:00Z,player_points,betrivers,Cecilia Zandalasini,Over,9.5,106,2026-06-27T00:02:53Z
2aa029b6f16580a4239f7e91f62f69fa,Golden State Valkyries,Atlanta Dream,2026-06-27T02:10:00Z,player_points,betrivers,Rhyne Howard,Over,19.5,115,2026-06-27T00:02:53Z
2aa029b6f16580a4239f7e91f62f69fa,Golden State Valkyries,Atlanta Dream,2026-06-27T02:10:00Z,player_points,betrivers,Jordin Canada,Over,10.5,-137,2026-06-27T00:02:53Z
2aa029b6f16580a4239f7e91f62f69fa,Golden State Valkyries,Atlanta Dream,2026-06-27T02:10:00Z,player_points,betrivers,Naz Hillmon,Over,8.5,102,2026-06-27T00:02:53Z
2aa029b6f16580a4239f7e91f62f69fa,Golden State Valkyries,Atlanta Dream,2026-06-27T02:10:00Z,player_points,betrivers,Rhyne Howard,Over,17.5,-143,2026-06-27T00:02:53Z
2aa029b6f16580a4239f7e91f62f69fa,Golden State Valkyries,Atlanta Dream,2026-06-27T02:10:00Z,player_points,betrivers,Angel Reese,Over,12.5,-150,2026-06-27T00:02:53Z
2aa029b6f16580a4239f7e91f62f69fa,Golden State Valkyries,Atlanta Dream,2026-06-27T02:10:00Z,player_points,betrivers,Kayla Thornton,Over,8.5,-155,2026-06-27T00:02:53Z
2aa029b6f16580a4239f7e91f62f69fa,Golden State Valkyries,Atlanta Dream,2026-06-27T02:10:00Z,player_points,betrivers,Janelle Salaun,Over,9.5,-118,2026-06-27T00:02:53Z
2aa029b6f16580a4239f7e91f62f69fa,Golden State Valkyries,Atlanta Dream,2026-06-27T02:10:00Z,player_points,betrivers,Janelle Salaun,Over,10.5,114,2026-06-27T00:02:53Z
2aa029b6f16580a4239f7e91f62f69fa,Golden State Valkyries,Atlanta Dream,2026-06-27T02:10:00Z,player_points,betrivers,Gabby Williams,Over,16.5,-103,2026-06-27T00:02:53Z
2aa029b6f16580a4239f7e91f62f69fa,Golden State Valkyries,Atlanta Dream,2026-06-27T02:10:00Z,player_points,betrivers,Veronica Burton,Over,12.5,-112,2026-06-27T00:02:53Z
2aa029b6f16580a4239f7e91f62f69fa,Golden State Valkyries,Atlanta Dream,2026-06-27T02:10:00Z,player_points,betrivers,Naz Hillmon,Over,7.5,-143,2026-06-27T00:02:53Z
2aa029b6f16580a4239f7e91f62f69fa,Golden State Valkyries,Atlanta Dream,2026-06-27T02:10:00Z,player_points,betrivers,Veronica Burton,Over,11.5,-152,2026-06-27T00:02:53Z
2aa029b6f16580a4239f7e91f62f69fa,Golden State Valkyries,Atlanta Dream,2026-06-27T02:10:00Z,player_points,betrivers,Veronica Burton,Over,13.5,120,2026-06-27T00:02:53Z
2aa029b6f16580a4239f7e91f62f69fa,Golden State Valkyries,Atlanta Dream,2026-06-27T02:10:00Z,player_points,betrivers,Janelle Salaun,Over,8.5,-165,2026-06-27T00:02:53Z
2aa029b6f16580a4239f7e91f62f69fa,Golden State Valkyries,Atlanta Dream,2026-06-27T02:10:00Z,player_points,betrivers,Jordin Canada,Over,11.5,102,2026-06-27T00:02:53Z
2aa029b6f16580a4239f7e91f62f69fa,Golden State Valkyries,Atlanta Dream,2026-06-27T02:10:00Z,player_points,betrivers,Allisha Gray,Over,16.5,-167,2026-06-27T00:02:53Z
2aa029b6f16580a4239f7e91f62f69fa,Golden State Valkyries,Atlanta Dream,2026-06-27T02:10:00Z,player_points,betrivers,Kayla Thornton,Over,9.5,-110,2026-06-27T00:02:53Z
2aa029b6f16580a4239f7e91f62f69fa,Golden State Valkyries,Atlanta Dream,2026-06-27T02:10:00Z,player_points,betrivers,Allisha Gray,Over,17.5,-127,2026-06-27T00:02:53Z
2aa029b6f16580a4239f7e91f62f69fa,Golden State Valkyries,Atlanta Dream,2026-06-27T02:10:00Z,player_points,betrivers,Gabby Williams,Over,15.5,-134,2026-06-27T00:02:53Z
2aa029b6f16580a4239f7e91f62f69fa,Golden State Valkyries,Atlanta Dream,2026-06-27T02:10:00Z,player_points,betrivers,Allisha Gray,Over,18.5,102,2026-06-27T00:02:53Z
2aa029b6f16580a4239f7e91f62f69fa,Golden State Valkyries,Atlanta Dream,2026-06-27T02:10:00Z,player_points,betrivers,Rhyne Howard,Over,18.5,-112,2026-06-27T00:02:53Z
2aa029b6f16580a4239f7e91f62f69fa,Golden State Valkyries,Atlanta Dream,2026-06-27T02:10:00Z,player_points,betrivers,Angel Reese,Over,13.5,-113,2026-06-27T00:02:53Z
2aa029b6f16580a4239f7e91f62f69fa,Golden State Valkyries,Atlanta Dream,2026-06-27T02:10:00Z,player_points,betonlineag,Allisha Gray,Over,18.5,-101,2026-06-27T00:03:11Z
2aa029b6f16580a4239f7e91f62f69fa,Golden State Valkyries,Atlanta Dream,2026-06-27T02:10:00Z,player_points,betonlineag,Allisha Gray,Under,18.5,-128,2026-06-27T00:03:11Z
2aa029b6f16580a4239f7e91f62f69fa,Golden State Valkyries,Atlanta Dream,2026-06-27T02:10:00Z,player_points,betonlineag,Veronica Burton,Over,12.5,-103,2026-06-27T00:03:11Z
2aa029b6f16580a4239f7e91f62f69fa,Golden State Valkyries,Atlanta Dream,2026-06-27T02:10:00Z,player_points,betonlineag,Veronica Burton,Under,12.5,-125,2026-06-27T00:03:11Z
2aa029b6f16580a4239f7e91f62f69fa,Golden State Valkyries,Atlanta Dream,2026-06-27T02:10:00Z,player_points,betonlineag,Kayla Thornton,Over,8.5,-125,2026-06-27T00:03:11Z
2aa029b6f16580a4239f7e91f62f69fa,Golden State Valkyries,Atlanta Dream,2026-06-27T02:10:00Z,player_points,betonlineag,Kayla Thornton,Under,8.5,-103,2026-06-27T00:03:11Z
2aa029b6f16580a4239f7e91f62f69fa,Golden State Valkyries,Atlanta Dream,2026-06-27T02:10:00Z,player_points,betonlineag,Gabby Williams,Over,16.5,100,2026-06-27T00:03:11Z
2aa029b6f16580a4239f7e91f62f69fa,Golden State Valkyries,Atlanta Dream,2026-06-27T02:10:00Z,player_points,betonlineag,Gabby Williams,Under,16.5,-130,2026-06-27T00:03:11Z
2aa029b6f16580a4239f7e91f62f69fa,Golden State Valkyries,Atlanta Dream,2026-06-27T02:10:00Z,player_points,betonlineag,Rhyne Howard,Over,17.5,-120,2026-06-27T00:03:11Z
2aa029b6f16580a4239f7e91f62f69fa,Golden State Valkyries,Atlanta Dream,2026-06-27T02:10:00Z,player_points,betonlineag,Rhyne Howard,Under,17.5,-108,2026-06-27T00:03:11Z
2aa029b6f16580a4239f7e91f62f69fa,Golden State Valkyries,Atlanta Dream,2026-06-27T02:10:00Z,player_points,betonlineag,Cecilia Zandalasini,Over,9.5,-102,2026-06-27T00:03:11Z
2aa029b6f16580a4239f7e91f62f69fa,Golden State Valkyries,Atlanta Dream,2026-06-27T02:10:00Z,player_points,betonlineag,Cecilia Zandalasini,Under,9.5,-127,2026-06-27T00:03:11Z
2aa029b6f16580a4239f7e91f62f69fa,Golden State Valkyries,Atlanta Dream,2026-06-27T02:10:00Z,player_points,betonlineag,Naz Hillmon,Over,8.5,100,2026-06-27T00:03:11Z
2aa029b6f16580a4239f7e91f62f69fa,Golden State Valkyries,Atlanta Dream,2026-06-27T02:10:00Z,player_points,betonlineag,Naz Hillmon,Under,8.5,-130,2026-06-27T00:03:11Z
2aa029b6f16580a4239f7e91f62f69fa,Golden State Valkyries,Atlanta Dream,2026-06-27T02:10:00Z,player_points,betonlineag,Janelle Salaun,Over,9.5,100,2026-06-27T00:03:11Z
2aa029b6f16580a4239f7e91f62f69fa,Golden State Valkyries,Atlanta Dream,2026-06-27T02:10:00Z,player_points,betonlineag,Janelle Salaun,Under,9.5,-130,2026-06-27T00:03:11Z
2aa029b6f16580a4239f7e91f62f69fa,Golden State Valkyries,Atlanta Dream,2026-06-27T02:10:00Z,player_points,betonlineag,Angel Reese,Over,12.5,-116,2026-06-27T00:03:11Z
2aa029b6f16580a4239f7e91f62f69fa,Golden State Valkyries,Atlanta Dream,2026-06-27T02:10:00Z,player_points,betonlineag,Angel Reese,Under,12.5,-111,2026-06-27T00:03:11Z
2aa029b6f16580a4239f7e91f62f69fa,Golden State Valkyries,Atlanta Dream,2026-06-27T02:10:00Z,player_points,betonlineag,Jordin Canada,Over,10.5,-120,2026-06-27T00:03:11Z
2aa029b6f16580a4239f7e91f62f69fa,Golden State Valkyries,Atlanta Dream,2026-06-27T02:10:00Z,player_points,betonlineag,Jordin Canada,Under,10.5,-108,2026-06-27T00:03:11Z
2aa029b6f16580a4239f7e91f62f69fa,Golden State Valkyries,Atlanta Dream,2026-06-27T02:10:00Z,player_points_rebounds_assists,draftkings,Angel Reese,Over,27.5,-119,2026-06-27T00:03:16Z
2aa029b6f16580a4239f7e91f62f69fa,Golden State Valkyries,Atlanta Dream,2026-06-27T02:10:00Z,player_points_rebounds_assists,draftkings,Angel Reese,Under,27.5,-114,2026-06-27T00:03:16Z
2aa029b6f16580a4239f7e91f62f69fa,Golden State Valkyries,Atlanta Dream,2026-06-27T02:10:00Z,player_points_rebounds_assists,draftkings,Rhyne Howard,Over,25.5,-129,2026-06-27T00:03:16Z
2aa029b6f16580a4239f7e91f62f69fa,Golden State Valkyries,Atlanta Dream,2026-06-27T02:10:00Z,player_points_rebounds_assists,draftkings,Rhyne Howard,Under,25.5,-105,2026-06-27T00:03:16Z
2aa029b6f16580a4239f7e91f62f69fa,Golden State Valkyries,Atlanta Dream,2026-06-27T02:10:00Z,player_points_rebounds_assists,draftkings,Allisha Gray,Over,24.5,-111,2026-06-27T00:03:16Z
2aa029b6f16580a4239f7e91f62f69fa,Golden State Valkyries,Atlanta Dream,2026-06-27T02:10:00Z,player_points_rebounds_assists,draftkings,Allisha Gray,Under,24.5,-122,2026-06-27T00:03:16Z
2aa029b6f16580a4239f7e91f62f69fa,Golden State Valkyries,Atlanta Dream,2026-06-27T02:10:00Z,player_points_rebounds_assists,draftkings,Gabby Williams,Over,22.5,-122,2026-06-27T00:03:16Z
2aa029b6f16580a4239f7e91f62f69fa,Golden State Valkyries,Atlanta Dream,2026-06-27T02:10:00Z,player_points_rebounds_assists,draftkings,Gabby Williams,Under,22.5,-111,2026-06-27T00:03:16Z
2aa029b6f16580a4239f7e91f62f69fa,Golden State Valkyries,Atlanta Dream,2026-06-27T02:10:00Z,player_points_rebounds_assists,draftkings,Veronica Burton,Over,21.5,-119,2026-06-27T00:03:16Z
2aa029b6f16580a4239f7e91f62f69fa,Golden State Valkyries,Atlanta Dream,2026-06-27T02:10:00Z,player_points_rebounds_assists,draftkings,Veronica Burton,Under,21.5,-114,2026-06-27T00:03:16Z
2aa029b6f16580a4239f7e91f62f69fa,Golden State Valkyries,Atlanta Dream,2026-06-27T02:10:00Z,player_points_rebounds_assists,draftkings,Jordin Canada,Over,20.5,-131,2026-06-27T00:03:16Z
2aa029b6f16580a4239f7e91f62f69fa,Golden State Valkyries,Atlanta Dream,2026-06-27T02:10:00Z,player_points_rebounds_assists,draftkings,Jordin Canada,Under,20.5,-104,2026-06-27T00:03:16Z
2aa029b6f16580a4239f7e91f62f69fa,Golden State Valkyries,Atlanta Dream,2026-06-27T02:10:00Z,player_points_rebounds_assists,fanduel,Angel Reese,Over,27.5,-118,2026-06-27T00:03:17Z
2aa029b6f16580a4239f7e91f62f69fa,Golden State Valkyries,Atlanta Dream,2026-06-27T02:10:00Z,player_points_rebounds_assists,fanduel,Angel Reese,Under,27.5,-112,2026-06-27T00:03:17Z
2aa029b6f16580a4239f7e91f62f69fa,Golden State Valkyries,Atlanta Dream,2026-06-27T02:10:00Z,player_points_rebounds_assists,fanduel,Rhyne Howard,Over,25.5,-120,2026-06-27T00:03:17Z
2aa029b6f16580a4239f7e91f62f69fa,Golden State Valkyries,Atlanta Dream,2026-06-27T02:10:00Z,player_points_rebounds_assists,fanduel,Rhyne Howard,Under,25.5,-110,2026-06-27T00:03:17Z
2aa029b6f16580a4239f7e91f62f69fa,Golden State Valkyries,Atlanta Dream,2026-06-27T02:10:00Z,player_points_rebounds_assists,fanduel,Gabby Williams,Over,22.5,-118,2026-06-27T00:03:17Z
2aa029b6f16580a4239f7e91f62f69fa,Golden State Valkyries,Atlanta Dream,2026-06-27T02:10:00Z,player_points_rebounds_assists,fanduel,Gabby Williams,Under,22.5,-112,2026-06-27T00:03:17Z
2aa029b6f16580a4239f7e91f62f69fa,Golden State Valkyries,Atlanta Dream,2026-06-27T02:10:00Z,player_points_rebounds_assists,fanduel,Veronica Burton,Over,21.5,-118,2026-06-27T00:03:17Z
2aa029b6f16580a4239f7e91f62f69fa,Golden State Valkyries,Atlanta Dream,2026-06-27T02:10:00Z,player_points_rebounds_assists,fanduel,Veronica Burton,Under,21.5,-112,2026-06-27T00:03:17Z
2aa029b6f16580a4239f7e91f62f69fa,Golden State Valkyries,Atlanta Dream,2026-06-27T02:10:00Z,player_points_rebounds_assists,fanduel,Cecilia Zandalasini,Over,13.5,-112,2026-06-27T00:03:17Z
2aa029b6f16580a4239f7e91f62f69fa,Golden State Valkyries,Atlanta Dream,2026-06-27T02:10:00Z,player_points_rebounds_assists,fanduel,Cecilia Zandalasini,Under,13.5,-118,2026-06-27T00:03:17Z
2aa029b6f16580a4239f7e91f62f69fa,Golden State Valkyries,Atlanta Dream,2026-06-27T02:10:00Z,player_points_rebounds_assists,fanduel,Jordin Canada,Over,20.5,-104,2026-06-27T00:03:17Z
2aa029b6f16580a4239f7e91f62f69fa,Golden State Valkyries,Atlanta Dream,2026-06-27T02:10:00Z,player_points_rebounds_assists,fanduel,Jordin Canada,Under,20.5,-128,2026-06-27T00:03:17Z
2aa029b6f16580a4239f7e91f62f69fa,Golden State Valkyries,Atlanta Dream,2026-06-27T02:10:00Z,player_points_rebounds_assists,fanduel,Allisha Gray,Over,23.5,-130,2026-06-27T00:03:17Z
2aa029b6f16580a4239f7e91f62f69fa,Golden State Valkyries,Atlanta Dream,2026-06-27T02:10:00Z,player_points_rebounds_assists,fanduel,Allisha Gray,Under,23.5,-102,2026-06-27T00:03:17Z
2aa029b6f16580a4239f7e91f62f69fa,Golden State Valkyries,Atlanta Dream,2026-06-27T02:10:00Z,player_points_rebounds_assists,betrivers,Rhyne Howard,Over,26.5,-110,2026-06-27T00:02:53Z
2aa029b6f16580a4239f7e91f62f69fa,Golden State Valkyries,Atlanta Dream,2026-06-27T02:10:00Z,player_points_rebounds_assists,betrivers,Jordin Canada,Over,20.5,-132,2026-06-27T00:02:53Z
2aa029b6f16580a4239f7e91f62f69fa,Golden State Valkyries,Atlanta Dream,2026-06-27T02:10:00Z,player_points_rebounds_assists,betrivers,Veronica Burton,Over,21.5,-125,2026-06-27T00:02:53Z
2aa029b6f16580a4239f7e91f62f69fa,Golden State Valkyries,Atlanta Dream,2026-06-27T02:10:00Z,player_points_rebounds_assists,betonlineag,Rhyne Howard,Over,26.5,104,2026-06-27T00:03:11Z
2aa029b6f16580a4239f7e91f62f69fa,Golden State Valkyries,Atlanta Dream,2026-06-27T02:10:00Z,player_points_rebounds_assists,betonlineag,Rhyne Howard,Under,26.5,-135,2026-06-27T00:03:11Z
2aa029b6f16580a4239f7e91f62f69fa,Golden State Valkyries,Atlanta Dream,2026-06-27T02:10:00Z,player_points_rebounds_assists,betonlineag,Veronica Burton,Over,21.5,-116,2026-06-27T00:03:11Z
2aa029b6f16580a4239f7e91f62f69fa,Golden State Valkyries,Atlanta Dream,2026-06-27T02:10:00Z,player_points_rebounds_assists,betonlineag,Veronica Burton,Under,21.5,-111,2026-06-27T00:03:11Z
2aa029b6f16580a4239f7e91f62f69fa,Golden State Valkyries,Atlanta Dream,2026-06-27T02:10:00Z,player_points_rebounds_assists,betonlineag,Gabby Williams,Over,22.5,-112,2026-06-27T00:03:11Z
2aa029b6f16580a4239f7e91f62f69fa,Golden State Valkyries,Atlanta Dream,2026-06-27T02:10:00Z,player_points_rebounds_assists,betonlineag,Gabby Williams,Under,22.5,-115,2026-06-27T00:03:11Z
2aa029b6f16580a4239f7e91f62f69fa,Golden State Valkyries,Atlanta Dream,2026-06-27T02:10:00Z,player_points_rebounds_assists,betonlineag,Allisha Gray,Over,24.5,-105,2026-06-27T00:03:11Z
2aa029b6f16580a4239f7e91f62f69fa,Golden State Valkyries,Atlanta Dream,2026-06-27T02:10:00Z,player_points_rebounds_assists,betonlineag,Allisha Gray,Under,24.5,-123,2026-06-27T00:03:11Z
2aa029b6f16580a4239f7e91f62f69fa,Golden State Valkyries,Atlanta Dream,2026-06-27T02:10:00Z,player_points_rebounds_assists,betonlineag,Cecilia Zandalasini,Over,13.5,-112,2026-06-27T00:03:11Z
2aa029b6f16580a4239f7e91f62f69fa,Golden State Valkyries,Atlanta Dream,2026-06-27T02:10:00Z,player_points_rebounds_assists,betonlineag,Cecilia Zandalasini,Under,13.5,-115,2026-06-27T00:03:11Z
2aa029b6f16580a4239f7e91f62f69fa,Golden State Valkyries,Atlanta Dream,2026-06-27T02:10:00Z,player_points_rebounds_assists,betonlineag,Jordin Canada,Over,20.5,-114,2026-06-27T00:03:11Z
2aa029b6f16580a4239f7e91f62f69fa,Golden State Valkyries,Atlanta Dream,2026-06-27T02:10:00Z,player_points_rebounds_assists,betonlineag,Jordin Canada,Under,20.5,-114,2026-06-27T00:03:11Z
2aa029b6f16580a4239f7e91f62f69fa,Golden State Valkyries,Atlanta Dream,2026-06-27T02:10:00Z,player_points_rebounds_assists,betonlineag,Angel Reese,Over,27.5,-114,2026-06-27T00:03:11Z
2aa029b6f16580a4239f7e91f62f69fa,Golden State Valkyries,Atlanta Dream,2026-06-27T02:10:00Z,player_points_rebounds_assists,betonlineag,Angel Reese,Under,27.5,-114,2026-06-27T00:03:11Z
2aa029b6f16580a4239f7e91f62f69fa,Golden State Valkyries,Atlanta Dream,2026-06-27T02:10:00Z,player_rebounds,draftkings,Angel Reese,Over,11.5,-131,2026-06-27T00:02:49Z
2aa029b6f16580a4239f7e91f62f69fa,Golden State Valkyries,Atlanta Dream,2026-06-27T02:10:00Z,player_rebounds,draftkings,Angel Reese,Under,11.5,-104,2026-06-27T00:02:49Z
2aa029b6f16580a4239f7e91f62f69fa,Golden State Valkyries,Atlanta Dream,2026-06-27T02:10:00Z,player_rebounds,draftkings,Naz Hillmon,Over,5.5,-125,2026-06-27T00:02:49Z
2aa029b6f16580a4239f7e91f62f69fa,Golden State Valkyries,Atlanta Dream,2026-06-27T02:10:00Z,player_rebounds,draftkings,Naz Hillmon,Under,5.5,-108,2026-06-27T00:02:49Z
2aa029b6f16580a4239f7e91f62f69fa,Golden State Valkyries,Atlanta Dream,2026-06-27T02:10:00Z,player_rebounds,draftkings,Kayla Thornton,Over,5.5,-111,2026-06-27T00:02:49Z
2aa029b6f16580a4239f7e91f62f69fa,Golden State Valkyries,Atlanta Dream,2026-06-27T02:10:00Z,player_rebounds,draftkings,Kayla Thornton,Under,5.5,-122,2026-06-27T00:02:49Z
2aa029b6f16580a4239f7e91f62f69fa,Golden State Valkyries,Atlanta Dream,2026-06-27T02:10:00Z,player_rebounds,draftkings,Rhyne Howard,Over,4.5,106,2026-06-27T00:02:49Z
2aa029b6f16580a4239f7e91f62f69fa,Golden State Valkyries,Atlanta Dream,2026-06-27T02:10:00Z,player_rebounds,draftkings,Rhyne Howard,Under,4.5,-144,2026-06-27T00:02:49Z
2aa029b6f16580a4239f7e91f62f69fa,Golden State Valkyries,Atlanta Dream,2026-06-27T02:10:00Z,player_rebounds,draftkings,Gabby Williams,Over,3.5,-131,2026-06-27T00:02:49Z
2aa029b6f16580a4239f7e91f62f69fa,Golden State Valkyries,Atlanta Dream,2026-06-27T02:10:00Z,player_rebounds,draftkings,Gabby Williams,Under,3.5,-103,2026-06-27T00:02:49Z
2aa029b6f16580a4239f7e91f62f69fa,Golden State Valkyries,Atlanta Dream,2026-06-27T02:10:00Z,player_rebounds,draftkings,Allisha Gray,Over,3.5,-119,2026-06-27T00:02:49Z
2aa029b6f16580a4239f7e91f62f69fa,Golden State Valkyries,Atlanta Dream,2026-06-27T02:10:00Z,player_rebounds,draftkings,Allisha Gray,Under,3.5,-114,2026-06-27T00:02:49Z
2aa029b6f16580a4239f7e91f62f69fa,Golden State Valkyries,Atlanta Dream,2026-06-27T02:10:00Z,player_rebounds,draftkings,Jordin Canada,Over,3.5,-109,2026-06-27T00:02:49Z
2aa029b6f16580a4239f7e91f62f69fa,Golden State Valkyries,Atlanta Dream,2026-06-27T02:10:00Z,player_rebounds,draftkings,Jordin Canada,Under,3.5,-125,2026-06-27T00:02:49Z
2aa029b6f16580a4239f7e91f62f69fa,Golden State Valkyries,Atlanta Dream,2026-06-27T02:10:00Z,player_rebounds,draftkings,Veronica Burton,Over,3.5,-104,2026-06-27T00:02:49Z
2aa029b6f16580a4239f7e91f62f69fa,Golden State Valkyries,Atlanta Dream,2026-06-27T02:10:00Z,player_rebounds,draftkings,Veronica Burton,Under,3.5,-130,2026-06-27T00:02:49Z
2aa029b6f16580a4239f7e91f62f69fa,Golden State Valkyries,Atlanta Dream,2026-06-27T02:10:00Z,player_rebounds,williamhill_us,Kayla Thornton,Over,5.5,-110,2026-06-27T00:02:29Z
2aa029b6f16580a4239f7e91f62f69fa,Golden State Valkyries,Atlanta Dream,2026-06-27T02:10:00Z,player_rebounds,williamhill_us,Kayla Thornton,Under,5.5,-121,2026-06-27T00:02:29Z
2aa029b6f16580a4239f7e91f62f69fa,Golden State Valkyries,Atlanta Dream,2026-06-27T02:10:00Z,player_rebounds,williamhill_us,Gabby Williams,Over,3.5,-124,2026-06-27T00:02:29Z
2aa029b6f16580a4239f7e91f62f69fa,Golden State Valkyries,Atlanta Dream,2026-06-27T02:10:00Z,player_rebounds,williamhill_us,Gabby Williams,Under,3.5,-108,2026-06-27T00:02:29Z
2aa029b6f16580a4239f7e91f62f69fa,Golden State Valkyries,Atlanta Dream,2026-06-27T02:10:00Z,player_rebounds,williamhill_us,Allisha Gray,Over,3.5,-121,2026-06-27T00:02:29Z
2aa029b6f16580a4239f7e91f62f69fa,Golden State Valkyries,Atlanta Dream,2026-06-27T02:10:00Z,player_rebounds,williamhill_us,Allisha Gray,Under,3.5,-110,2026-06-27T00:02:29Z
2aa029b6f16580a4239f7e91f62f69fa,Golden State Valkyries,Atlanta Dream,2026-06-27T02:10:00Z,player_rebounds,williamhill_us,Jordin Canada,Over,3.5,-106,2026-06-27T00:02:29Z
2aa029b6f16580a4239f7e91f62f69fa,Golden State Valkyries,Atlanta Dream,2026-06-27T02:10:00Z,player_rebounds,williamhill_us,Jordin Canada,Under,3.5,-125,2026-06-27T00:02:29Z
2aa029b6f16580a4239f7e91f62f69fa,Golden State Valkyries,Atlanta Dream,2026-06-27T02:10:00Z,player_rebounds,williamhill_us,Angel Reese,Over,11.5,-132,2026-06-27T00:02:29Z
2aa029b6f16580a4239f7e91f62f69fa,Golden State Valkyries,Atlanta Dream,2026-06-27T02:10:00Z,player_rebounds,williamhill_us,Angel Reese,Under,11.5,-102,2026-06-27T00:02:29Z
2aa029b6f16580a4239f7e91f62f69fa,Golden State Valkyries,Atlanta Dream,2026-06-27T02:10:00Z,player_rebounds,williamhill_us,Naz Hillmon,Over,5.5,-128,2026-06-27T00:02:29Z
2aa029b6f16580a4239f7e91f62f69fa,Golden State Valkyries,Atlanta Dream,2026-06-27T02:10:00Z,player_rebounds,williamhill_us,Naz Hillmon,Under,5.5,-105,2026-06-27T00:02:29Z
2aa029b6f16580a4239f7e91f62f69fa,Golden State Valkyries,Atlanta Dream,2026-06-27T02:10:00Z,player_rebounds,williamhill_us,Rhyne Howard,Over,4.5,118,2026-06-27T00:02:29Z
2aa029b6f16580a4239f7e91f62f69fa,Golden State Valkyries,Atlanta Dream,2026-06-27T02:10:00Z,player_rebounds,williamhill_us,Rhyne Howard,Under,4.5,-165,2026-06-27T00:02:29Z
2aa029b6f16580a4239f7e91f62f69fa,Golden State Valkyries,Atlanta Dream,2026-06-27T02:10:00Z,player_rebounds,williamhill_us,Veronica Burton,Over,3.5,-109,2026-06-27T00:02:29Z
2aa029b6f16580a4239f7e91f62f69fa,Golden State Valkyries,Atlanta Dream,2026-06-27T02:10:00Z,player_rebounds,williamhill_us,Veronica Burton,Under,3.5,-122,2026-06-27T00:02:29Z
2aa029b6f16580a4239f7e91f62f69fa,Golden State Valkyries,Atlanta Dream,2026-06-27T02:10:00Z,player_rebounds,fanduel,Jordin Canada,Over,3.5,-104,2026-06-27T00:03:17Z
2aa029b6f16580a4239f7e91f62f69fa,Golden State Valkyries,Atlanta Dream,2026-06-27T02:10:00Z,player_rebounds,fanduel,Jordin Canada,Under,3.5,-128,2026-06-27T00:03:17Z
2aa029b6f16580a4239f7e91f62f69fa,Golden State Valkyries,Atlanta Dream,2026-06-27T02:10:00Z,player_rebounds,fanduel,Veronica Burton,Over,3.5,-110,2026-06-27T00:03:17Z
2aa029b6f16580a4239f7e91f62f69fa,Golden State Valkyries,Atlanta Dream,2026-06-27T02:10:00Z,player_rebounds,fanduel,Veronica Burton,Under,3.5,-120,2026-06-27T00:03:17Z
2aa029b6f16580a4239f7e91f62f69fa,Golden State Valkyries,Atlanta Dream,2026-06-27T02:10:00Z,player_rebounds,fanduel,Angel Reese,Over,11.5,-130,2026-06-27T00:03:17Z
2aa029b6f16580a4239f7e91f62f69fa,Golden State Valkyries,Atlanta Dream,2026-06-27T02:10:00Z,player_rebounds,fanduel,Angel Reese,Under,11.5,-102,2026-06-27T00:03:17Z
2aa029b6f16580a4239f7e91f62f69fa,Golden State Valkyries,Atlanta Dream,2026-06-27T02:10:00Z,player_rebounds,fanduel,Allisha Gray,Over,3.5,-114,2026-06-27T00:03:17Z
2aa029b6f16580a4239f7e91f62f69fa,Golden State Valkyries,Atlanta Dream,2026-06-27T02:10:00Z,player_rebounds,fanduel,Allisha Gray,Under,3.5,-114,2026-06-27T00:03:17Z
2aa029b6f16580a4239f7e91f62f69fa,Golden State Valkyries,Atlanta Dream,2026-06-27T02:10:00Z,player_rebounds,fanduel,Kayla Thornton,Over,5.5,-110,2026-06-27T00:03:17Z
2aa029b6f16580a4239f7e91f62f69fa,Golden State Valkyries,Atlanta Dream,2026-06-27T02:10:00Z,player_rebounds,fanduel,Kayla Thornton,Under,5.5,-118,2026-06-27T00:03:17Z
2aa029b6f16580a4239f7e91f62f69fa,Golden State Valkyries,Atlanta Dream,2026-06-27T02:10:00Z,player_rebounds,fanduel,Gabby Williams,Over,3.5,-125,2026-06-27T00:03:17Z
2aa029b6f16580a4239f7e91f62f69fa,Golden State Valkyries,Atlanta Dream,2026-06-27T02:10:00Z,player_rebounds,fanduel,Gabby Williams,Under,3.5,-106,2026-06-27T00:03:17Z
2aa029b6f16580a4239f7e91f62f69fa,Golden State Valkyries,Atlanta Dream,2026-06-27T02:10:00Z,player_rebounds,fanduel,Rhyne Howard,Over,4.5,118,2026-06-27T00:03:17Z
2aa029b6f16580a4239f7e91f62f69fa,Golden State Valkyries,Atlanta Dream,2026-06-27T02:10:00Z,player_rebounds,fanduel,Rhyne Howard,Under,4.5,-158,2026-06-27T00:03:17Z
2aa029b6f16580a4239f7e91f62f69fa,Golden State Valkyries,Atlanta Dream,2026-06-27T02:10:00Z,player_rebounds,fanduel,Naz Hillmon,Over,5.5,-130,2026-06-27T00:03:17Z
2aa029b6f16580a4239f7e91f62f69fa,Golden State Valkyries,Atlanta Dream,2026-06-27T02:10:00Z,player_rebounds,fanduel,Naz Hillmon,Under,5.5,-102,2026-06-27T00:03:17Z
2aa029b6f16580a4239f7e91f62f69fa,Golden State Valkyries,Atlanta Dream,2026-06-27T02:10:00Z,player_rebounds,betrivers,Kayla Thornton,Over,5.5,-109,2026-06-27T00:02:53Z
2aa029b6f16580a4239f7e91f62f69fa,Golden State Valkyries,Atlanta Dream,2026-06-27T02:10:00Z,player_rebounds,betrivers,Naz Hillmon,Over,5.5,-129,2026-06-27T00:02:53Z
2aa029b6f16580a4239f7e91f62f69fa,Golden State Valkyries,Atlanta Dream,2026-06-27T02:10:00Z,player_rebounds,betrivers,Veronica Burton,Over,3.5,-107,2026-06-27T00:02:53Z
2aa029b6f16580a4239f7e91f62f69fa,Golden State Valkyries,Atlanta Dream,2026-06-27T02:10:00Z,player_rebounds,betrivers,Gabby Williams,Over,3.5,-121,2026-06-27T00:02:53Z
2aa029b6f16580a4239f7e91f62f69fa,Golden State Valkyries,Atlanta Dream,2026-06-27T02:10:00Z,player_rebounds,betrivers,Allisha Gray,Over,3.5,-115,2026-06-27T00:02:53Z
2aa029b6f16580a4239f7e91f62f69fa,Golden State Valkyries,Atlanta Dream,2026-06-27T02:10:00Z,player_rebounds,betrivers,Angel Reese,Over,11.5,-136,2026-06-27T00:02:53Z
2aa029b6f16580a4239f7e91f62f69fa,Golden State Valkyries,Atlanta Dream,2026-06-27T02:10:00Z,player_rebounds,betrivers,Jordin Canada,Over,3.5,-124,2026-06-27T00:02:53Z
2aa029b6f16580a4239f7e91f62f69fa,Golden State Valkyries,Atlanta Dream,2026-06-27T02:10:00Z,player_rebounds,betrivers,Rhyne Howard,Over,4.5,110,2026-06-27T00:02:53Z
2aa029b6f16580a4239f7e91f62f69fa,Golden State Valkyries,Atlanta Dream,2026-06-27T02:10:00Z,player_rebounds,betonlineag,Rhyne Howard,Over,4.5,120,2026-06-27T00:03:11Z
2aa029b6f16580a4239f7e91f62f69fa,Golden State Valkyries,Atlanta Dream,2026-06-27T02:10:00Z,player_rebounds,betonlineag,Rhyne Howard,Under,4.5,-156,2026-06-27T00:03:11Z
2aa029b6f16580a4239f7e91f62f69fa,Golden State Valkyries,Atlanta Dream,2026-06-27T02:10:00Z,player_rebounds,betonlineag,Allisha Gray,Over,3.5,-116,2026-06-27T00:03:11Z
2aa029b6f16580a4239f7e91f62f69fa,Golden State Valkyries,Atlanta Dream,2026-06-27T02:10:00Z,player_rebounds,betonlineag,Allisha Gray,Under,3.5,-111,2026-06-27T00:03:11Z
2aa029b6f16580a4239f7e91f62f69fa,Golden State Valkyries,Atlanta Dream,2026-06-27T02:10:00Z,player_rebounds,betonlineag,Jordin Canada,Over,3.5,-105,2026-06-27T00:03:11Z
2aa029b6f16580a4239f7e91f62f69fa,Golden State Valkyries,Atlanta Dream,2026-06-27T02:10:00Z,player_rebounds,betonlineag,Jordin Canada,Under,3.5,-123,2026-06-27T00:03:11Z
2aa029b6f16580a4239f7e91f62f69fa,Golden State Valkyries,Atlanta Dream,2026-06-27T02:10:00Z,player_rebounds,betonlineag,Veronica Burton,Over,3.5,-105,2026-06-27T00:03:11Z
2aa029b6f16580a4239f7e91f62f69fa,Golden State Valkyries,Atlanta Dream,2026-06-27T02:10:00Z,player_rebounds,betonlineag,Veronica Burton,Under,3.5,-123,2026-06-27T00:03:11Z
2aa029b6f16580a4239f7e91f62f69fa,Golden State Valkyries,Atlanta Dream,2026-06-27T02:10:00Z,player_rebounds,betonlineag,Kayla Thornton,Over,5.5,-108,2026-06-27T00:03:11Z
2aa029b6f16580a4239f7e91f62f69fa,Golden State Valkyries,Atlanta Dream,2026-06-27T02:10:00Z,player_rebounds,betonlineag,Kayla Thornton,Under,5.5,-120,2026-06-27T00:03:11Z
2aa029b6f16580a4239f7e91f62f69fa,Golden State Valkyries,Atlanta Dream,2026-06-27T02:10:00Z,player_rebounds,betonlineag,Gabby Williams,Over,3.5,-123,2026-06-27T00:03:11Z
2aa029b6f16580a4239f7e91f62f69fa,Golden State Valkyries,Atlanta Dream,2026-06-27T02:10:00Z,player_rebounds,betonlineag,Gabby Williams,Under,3.5,-105,2026-06-27T00:03:11Z
2aa029b6f16580a4239f7e91f62f69fa,Golden State Valkyries,Atlanta Dream,2026-06-27T02:10:00Z,player_rebounds,betonlineag,Angel Reese,Over,11.5,-127,2026-06-27T00:03:11Z
2aa029b6f16580a4239f7e91f62f69fa,Golden State Valkyries,Atlanta Dream,2026-06-27T02:10:00Z,player_rebounds,betonlineag,Angel Reese,Under,11.5,-102,2026-06-27T00:03:11Z
2aa029b6f16580a4239f7e91f62f69fa,Golden State Valkyries,Atlanta Dream,2026-06-27T02:10:00Z,player_rebounds,betonlineag,Naz Hillmon,Over,5.5,-130,2026-06-27T00:03:11Z
2aa029b6f16580a4239f7e91f62f69fa,Golden State Valkyries,Atlanta Dream,2026-06-27T02:10:00Z,player_rebounds,betonlineag,Naz Hillmon,Under,5.5,100,2026-06-27T00:03:11Z
2aa029b6f16580a4239f7e91f62f69fa,Golden State Valkyries,Atlanta Dream,2026-06-27T02:10:00Z,player_rebounds,betonlineag,Cecilia Zandalasini,Over,2.5,132,2026-06-27T00:03:11Z
2aa029b6f16580a4239f7e91f62f69fa,Golden State Valkyries,Atlanta Dream,2026-06-27T02:10:00Z,player_rebounds,betonlineag,Cecilia Zandalasini,Under,2.5,-172,2026-06-27T00:03:11Z
2aa029b6f16580a4239f7e91f62f69fa,Golden State Valkyries,Atlanta Dream,2026-06-27T02:10:00Z,player_rebounds,betonlineag,Janelle Salaun,Over,3.5,110,2026-06-27T00:03:11Z
2aa029b6f16580a4239f7e91f62f69fa,Golden State Valkyries,Atlanta Dream,2026-06-27T02:10:00Z,player_rebounds,betonlineag,Janelle Salaun,Under,3.5,-143,2026-06-27T00:03:11Z
2aa029b6f16580a4239f7e91f62f69fa,Golden State Valkyries,Atlanta Dream,2026-06-27T02:10:00Z,player_threes,draftkings,Rhyne Howard,Over,2.5,-165,2026-06-27T00:03:16Z
2aa029b6f16580a4239f7e91f62f69fa,Golden State Valkyries,Atlanta Dream,2026-06-27T02:10:00Z,player_threes,draftkings,Rhyne Howard,Under,2.5,121,2026-06-27T00:03:16Z
2aa029b6f16580a4239f7e91f62f69fa,Golden State Valkyries,Atlanta Dream,2026-06-27T02:10:00Z,player_threes,draftkings,Gabby Williams,Over,1.5,-158,2026-06-27T00:03:16Z
2aa029b6f16580a4239f7e91f62f69fa,Golden State Valkyries,Atlanta Dream,2026-06-27T02:10:00Z,player_threes,draftkings,Gabby Williams,Under,1.5,116,2026-06-27T00:03:16Z
2aa029b6f16580a4239f7e91f62f69fa,Golden State Valkyries,Atlanta Dream,2026-06-27T02:10:00Z,player_threes,draftkings,Allisha Gray,Over,1.5,-150,2026-06-27T00:03:16Z
2aa029b6f16580a4239f7e91f62f69fa,Golden State Valkyries,Atlanta Dream,2026-06-27T02:10:00Z,player_threes,draftkings,Allisha Gray,Under,1.5,110,2026-06-27T00:03:16Z
2aa029b6f16580a4239f7e91f62f69fa,Golden State Valkyries,Atlanta Dream,2026-06-27T02:10:00Z,player_threes,draftkings,Kayla Thornton,Over,1.5,111,2026-06-27T00:03:16Z
2aa029b6f16580a4239f7e91f62f69fa,Golden State Valkyries,Atlanta Dream,2026-06-27T02:10:00Z,player_threes,draftkings,Kayla Thornton,Under,1.5,-151,2026-06-27T00:03:16Z
2aa029b6f16580a4239f7e91f62f69fa,Golden State Valkyries,Atlanta Dream,2026-06-27T02:10:00Z,player_threes,draftkings,Veronica Burton,Over,1.5,120,2026-06-27T00:03:16Z
2aa029b6f16580a4239f7e91f62f69fa,Golden State Valkyries,Atlanta Dream,2026-06-27T02:10:00Z,player_threes,draftkings,Veronica Burton,Under,1.5,-163,2026-06-27T00:03:16Z
2aa029b6f16580a4239f7e91f62f69fa,Golden State Valkyries,Atlanta Dream,2026-06-27T02:10:00Z,player_threes,draftkings,Cecilia Zandalasini,Over,1.5,122,2026-06-27T00:03:16Z
2aa029b6f16580a4239f7e91f62f69fa,Golden State Valkyries,Atlanta Dream,2026-06-27T02:10:00Z,player_threes,draftkings,Cecilia Zandalasini,Under,1.5,-166,2026-06-27T00:03:16Z
2aa029b6f16580a4239f7e91f62f69fa,Golden State Valkyries,Atlanta Dream,2026-06-27T02:10:00Z,player_threes,williamhill_us,Kayla Thornton,Over,1.5,108,2026-06-27T00:02:29Z
2aa029b6f16580a4239f7e91f62f69fa,Golden State Valkyries,Atlanta Dream,2026-06-27T02:10:00Z,player_threes,williamhill_us,Kayla Thornton,Under,1.5,-137,2026-06-27T00:02:29Z
2aa029b6f16580a4239f7e91f62f69fa,Golden State Valkyries,Atlanta Dream,2026-06-27T02:10:00Z,player_threes,williamhill_us,Gabby Williams,Over,1.5,-155,2026-06-27T00:02:29Z
2aa029b6f16580a4239f7e91f62f69fa,Golden State Valkyries,Atlanta Dream,2026-06-27T02:10:00Z,player_threes,williamhill_us,Gabby Williams,Under,1.5,118,2026-06-27T00:02:29Z
2aa029b6f16580a4239f7e91f62f69fa,Golden State Valkyries,Atlanta Dream,2026-06-27T02:10:00Z,player_threes,williamhill_us,Veronica Burton,Over,1.5,110,2026-06-27T00:02:29Z
2aa029b6f16580a4239f7e91f62f69fa,Golden State Valkyries,Atlanta Dream,2026-06-27T02:10:00Z,player_threes,williamhill_us,Veronica Burton,Under,1.5,-150,2026-06-27T00:02:29Z
2aa029b6f16580a4239f7e91f62f69fa,Golden State Valkyries,Atlanta Dream,2026-06-27T02:10:00Z,player_threes,williamhill_us,Rhyne Howard,Over,2.5,-157,2026-06-27T00:02:29Z
2aa029b6f16580a4239f7e91f62f69fa,Golden State Valkyries,Atlanta Dream,2026-06-27T02:10:00Z,player_threes,williamhill_us,Rhyne Howard,Under,2.5,117,2026-06-27T00:02:29Z
2aa029b6f16580a4239f7e91f62f69fa,Golden State Valkyries,Atlanta Dream,2026-06-27T02:10:00Z,player_threes,williamhill_us,Cecilia Zandalasini,Over,1.5,121,2026-06-27T00:02:29Z
2aa029b6f16580a4239f7e91f62f69fa,Golden State Valkyries,Atlanta Dream,2026-06-27T02:10:00Z,player_threes,williamhill_us,Cecilia Zandalasini,Under,1.5,-162,2026-06-27T00:02:29Z
2aa029b6f16580a4239f7e91f62f69fa,Golden State Valkyries,Atlanta Dream,2026-06-27T02:10:00Z,player_threes,williamhill_us,Allisha Gray,Over,1.5,-152,2026-06-27T00:02:29Z
2aa029b6f16580a4239f7e91f62f69fa,Golden State Valkyries,Atlanta Dream,2026-06-27T02:10:00Z,player_threes,williamhill_us,Allisha Gray,Under,1.5,114,2026-06-27T00:02:29Z
2aa029b6f16580a4239f7e91f62f69fa,Golden State Valkyries,Atlanta Dream,2026-06-27T02:10:00Z,player_threes,fanduel,Rhyne Howard,Over,2.5,-154,2026-06-27T00:03:17Z
2aa029b6f16580a4239f7e91f62f69fa,Golden State Valkyries,Atlanta Dream,2026-06-27T02:10:00Z,player_threes,fanduel,Rhyne Howard,Under,2.5,116,2026-06-27T00:03:17Z
2aa029b6f16580a4239f7e91f62f69fa,Golden State Valkyries,Atlanta Dream,2026-06-27T02:10:00Z,player_threes,fanduel,Gabby Williams,Over,1.5,-154,2026-06-27T00:03:17Z
2aa029b6f16580a4239f7e91f62f69fa,Golden State Valkyries,Atlanta Dream,2026-06-27T02:10:00Z,player_threes,fanduel,Gabby Williams,Under,1.5,116,2026-06-27T00:03:17Z
2aa029b6f16580a4239f7e91f62f69fa,Golden State Valkyries,Atlanta Dream,2026-06-27T02:10:00Z,player_threes,fanduel,Veronica Burton,Over,1.5,108,2026-06-27T00:03:17Z
2aa029b6f16580a4239f7e91f62f69fa,Golden State Valkyries,Atlanta Dream,2026-06-27T02:10:00Z,player_threes,fanduel,Veronica Burton,Under,1.5,-144,2026-06-27T00:03:17Z
2aa029b6f16580a4239f7e91f62f69fa,Golden State Valkyries,Atlanta Dream,2026-06-27T02:10:00Z,player_threes,fanduel,Allisha Gray,Over,1.5,-154,2026-06-27T00:03:17Z
2aa029b6f16580a4239f7e91f62f69fa,Golden State Valkyries,Atlanta Dream,2026-06-27T02:10:00Z,player_threes,fanduel,Allisha Gray,Under,1.5,116,2026-06-27T00:03:17Z
2aa029b6f16580a4239f7e91f62f69fa,Golden State Valkyries,Atlanta Dream,2026-06-27T02:10:00Z,player_threes,fanduel,Kayla Thornton,Over,1.5,108,2026-06-27T00:03:17Z
2aa029b6f16580a4239f7e91f62f69fa,Golden State Valkyries,Atlanta Dream,2026-06-27T02:10:00Z,player_threes,fanduel,Kayla Thornton,Under,1.5,-144,2026-06-27T00:03:17Z
2aa029b6f16580a4239f7e91f62f69fa,Golden State Valkyries,Atlanta Dream,2026-06-27T02:10:00Z,player_threes,fanduel,Cecilia Zandalasini,Over,1.5,118,2026-06-27T00:03:17Z
2aa029b6f16580a4239f7e91f62f69fa,Golden State Valkyries,Atlanta Dream,2026-06-27T02:10:00Z,player_threes,fanduel,Cecilia Zandalasini,Under,1.5,-158,2026-06-27T00:03:17Z
2aa029b6f16580a4239f7e91f62f69fa,Golden State Valkyries,Atlanta Dream,2026-06-27T02:10:00Z,player_threes,betrivers,Cecilia Zandalasini,Over,1.5,120,2026-06-27T00:02:53Z
2aa029b6f16580a4239f7e91f62f69fa,Golden State Valkyries,Atlanta Dream,2026-06-27T02:10:00Z,player_threes,betrivers,Kayla Thornton,Over,1.5,104,2026-06-27T00:02:53Z
2aa029b6f16580a4239f7e91f62f69fa,Golden State Valkyries,Atlanta Dream,2026-06-27T02:10:00Z,player_threes,betrivers,Veronica Burton,Over,1.5,-107,2026-06-27T00:02:53Z
2aa029b6f16580a4239f7e91f62f69fa,Golden State Valkyries,Atlanta Dream,2026-06-27T02:10:00Z,player_threes,betrivers,Gabby Williams,Over,1.5,-182,2026-06-27T00:02:53Z
2aa029b6f16580a4239f7e91f62f69fa,Golden State Valkyries,Atlanta Dream,2026-06-27T02:10:00Z,player_threes,betrivers,Rhyne Howard,Over,2.5,-165,2026-06-27T00:02:53Z
2aa029b6f16580a4239f7e91f62f69fa,Golden State Valkyries,Atlanta Dream,2026-06-27T02:10:00Z,player_threes,betrivers,Allisha Gray,Over,1.5,-162,2026-06-27T00:02:53Z
2aa029b6f16580a4239f7e91f62f69fa,Golden State Valkyries,Atlanta Dream,2026-06-27T02:10:00Z,player_threes,betrivers,Cecilia Zandalasini,Over,1.5,120,2026-06-27T00:02:53Z
2aa029b6f16580a4239f7e91f62f69fa,Golden State Valkyries,Atlanta Dream,2026-06-27T02:10:00Z,player_threes,betrivers,Kayla Thornton,Over,1.5,104,2026-06-27T00:02:53Z
2aa029b6f16580a4239f7e91f62f69fa,Golden State Valkyries,Atlanta Dream,2026-06-27T02:10:00Z,player_threes,betrivers,Veronica Burton,Over,1.5,-107,2026-06-27T00:02:53Z
2aa029b6f16580a4239f7e91f62f69fa,Golden State Valkyries,Atlanta Dream,2026-06-27T02:10:00Z,player_threes,betrivers,Gabby Williams,Over,1.5,-182,2026-06-27T00:02:53Z
2aa029b6f16580a4239f7e91f62f69fa,Golden State Valkyries,Atlanta Dream,2026-06-27T02:10:00Z,player_threes,betrivers,Rhyne Howard,Over,2.5,-165,2026-06-27T00:02:53Z
2aa029b6f16580a4239f7e91f62f69fa,Golden State Valkyries,Atlanta Dream,2026-06-27T02:10:00Z,player_threes,betrivers,Allisha Gray,Over,1.5,-162,2026-06-27T00:02:53Z
2aa029b6f16580a4239f7e91f62f69fa,Golden State Valkyries,Atlanta Dream,2026-06-27T02:10:00Z,player_threes,betonlineag,Allisha Gray,Over,1.5,-143,2026-06-27T00:03:11Z
2aa029b6f16580a4239f7e91f62f69fa,Golden State Valkyries,Atlanta Dream,2026-06-27T02:10:00Z,player_threes,betonlineag,Allisha Gray,Under,1.5,110,2026-06-27T00:03:11Z
2aa029b6f16580a4239f7e91f62f69fa,Golden State Valkyries,Atlanta Dream,2026-06-27T02:10:00Z,player_threes,betonlineag,Rhyne Howard,Over,2.5,-147,2026-06-27T00:03:11Z
2aa029b6f16580a4239f7e91f62f69fa,Golden State Valkyries,Atlanta Dream,2026-06-27T02:10:00Z,player_threes,betonlineag,Rhyne Howard,Under,2.5,113,2026-06-27T00:03:11Z
2aa029b6f16580a4239f7e91f62f69fa,Golden State Valkyries,Atlanta Dream,2026-06-27T02:10:00Z,player_threes,betonlineag,Veronica Burton,Over,1.5,115,2026-06-27T00:03:11Z
2aa029b6f16580a4239f7e91f62f69fa,Golden State Valkyries,Atlanta Dream,2026-06-27T02:10:00Z,player_threes,betonlineag,Veronica Burton,Under,1.5,-149,2026-06-27T00:03:11Z
2aa029b6f16580a4239f7e91f62f69fa,Golden State Valkyries,Atlanta Dream,2026-06-27T02:10:00Z,player_threes,betonlineag,Kayla Thornton,Over,1.5,110,2026-06-27T00:03:11Z
2aa029b6f16580a4239f7e91f62f69fa,Golden State Valkyries,Atlanta Dream,2026-06-27T02:10:00Z,player_threes,betonlineag,Kayla Thornton,Under,1.5,-143,2026-06-27T00:03:11Z
2aa029b6f16580a4239f7e91f62f69fa,Golden State Valkyries,Atlanta Dream,2026-06-27T02:10:00Z,player_threes,betonlineag,Gabby Williams,Over,1.5,-159,2026-06-27T00:03:11Z
2aa029b6f16580a4239f7e91f62f69fa,Golden State Valkyries,Atlanta Dream,2026-06-27T02:10:00Z,player_threes,betonlineag,Gabby Williams,Under,1.5,122,2026-06-27T00:03:11Z
2aa029b6f16580a4239f7e91f62f69fa,Golden State Valkyries,Atlanta Dream,2026-06-27T02:10:00Z,player_threes,betonlineag,Cecilia Zandalasini,Over,1.5,110,2026-06-27T00:03:11Z
2aa029b6f16580a4239f7e91f62f69fa,Golden State Valkyries,Atlanta Dream,2026-06-27T02:10:00Z,player_threes,betonlineag,Cecilia Zandalasini,Under,1.5,-143,2026-06-27T00:03:11Z
2aa029b6f16580a4239f7e91f62f69fa,Golden State Valkyries,Atlanta Dream,2026-06-27T02:10:00Z,player_threes,betonlineag,Naz Hillmon,Over,1.5,195,2026-06-27T00:03:11Z
2aa029b6f16580a4239f7e91f62f69fa,Golden State Valkyries,Atlanta Dream,2026-06-27T02:10:00Z,player_threes,betonlineag,Naz Hillmon,Under,1.5,-263,2026-06-27T00:03:11Z
2aa029b6f16580a4239f7e91f62f69fa,Golden State Valkyries,Atlanta Dream,2026-06-27T02:10:00Z,player_threes,betonlineag,Jordin Canada,Over,0.5,-185,2026-06-27T00:03:11Z
2aa029b6f16580a4239f7e91f62f69fa,Golden State Valkyries,Atlanta Dream,2026-06-27T02:10:00Z,player_threes,betonlineag,Jordin Canada,Under,0.5,141,2026-06-27T00:03:11Z
2aa029b6f16580a4239f7e91f62f69fa,Golden State Valkyries,Atlanta Dream,2026-06-27T02:10:00Z,player_threes,betonlineag,Janelle Salaun,Over,1.5,-161,2026-06-27T00:03:11Z
2aa029b6f16580a4239f7e91f62f69fa,Golden State Valkyries,Atlanta Dream,2026-06-27T02:10:00Z,player_threes,betonlineag,Janelle Salaun,Under,1.5,124,2026-06-27T00:03:11Z
a165b90e332745018d845c613a964600,Toronto Tempo,Phoenix Mercury,2026-06-27T18:00:00Z,player_assists,fanduel,Marina Mabrey,Over,4.5,116,2026-06-27T00:02:34Z
a165b90e332745018d845c613a964600,Toronto Tempo,Phoenix Mercury,2026-06-27T18:00:00Z,player_assists,fanduel,Marina Mabrey,Under,4.5,-154,2026-06-27T00:02:34Z
a165b90e332745018d845c613a964600,Toronto Tempo,Phoenix Mercury,2026-06-27T18:00:00Z,player_assists,draftkings,Marina Mabrey,Over,4.5,104,2026-06-27T00:03:01Z
a165b90e332745018d845c613a964600,Toronto Tempo,Phoenix Mercury,2026-06-27T18:00:00Z,player_assists,draftkings,Marina Mabrey,Under,4.5,-141,2026-06-27T00:03:01Z
a165b90e332745018d845c613a964600,Toronto Tempo,Phoenix Mercury,2026-06-27T18:00:00Z,player_assists,betonlineag,Marina Mabrey,Over,4.5,112,2026-06-27T00:02:46Z
a165b90e332745018d845c613a964600,Toronto Tempo,Phoenix Mercury,2026-06-27T18:00:00Z,player_assists,betonlineag,Marina Mabrey,Under,4.5,-145,2026-06-27T00:02:46Z
a165b90e332745018d845c613a964600,Toronto Tempo,Phoenix Mercury,2026-06-27T18:00:00Z,player_double_double,fanduel,DeWanna Bonner,Yes,,600,2026-06-27T00:02:34Z
a165b90e332745018d845c613a964600,Toronto Tempo,Phoenix Mercury,2026-06-27T18:00:00Z,player_double_double,fanduel,Isabelle Harrison,Yes,,800,2026-06-27T00:02:34Z
a165b90e332745018d845c613a964600,Toronto Tempo,Phoenix Mercury,2026-06-27T18:00:00Z,player_double_double,fanatics,Marina Mabrey,Yes,,2500,2026-06-27T00:02:44Z
a165b90e332745018d845c613a964600,Toronto Tempo,Phoenix Mercury,2026-06-27T18:00:00Z,player_double_double,draftkings,Marina Mabrey,Yes,,1820,2026-06-27T00:03:01Z
a165b90e332745018d845c613a964600,Toronto Tempo,Phoenix Mercury,2026-06-27T18:00:00Z,player_points,fanduel,Kahleah Copper,Over,21.5,-122,2026-06-27T00:02:34Z
a165b90e332745018d845c613a964600,Toronto Tempo,Phoenix Mercury,2026-06-27T18:00:00Z,player_points,fanduel,Kahleah Copper,Under,21.5,-106,2026-06-27T00:02:34Z
a165b90e332745018d845c613a964600,Toronto Tempo,Phoenix Mercury,2026-06-27T18:00:00Z,player_points,fanduel,Isabelle Harrison,Over,13.5,100,2026-06-27T00:02:34Z
a165b90e332745018d845c613a964600,Toronto Tempo,Phoenix Mercury,2026-06-27T18:00:00Z,player_points,fanduel,Isabelle Harrison,Under,13.5,-130,2026-06-27T00:02:34Z
a165b90e332745018d845c613a964600,Toronto Tempo,Phoenix Mercury,2026-06-27T18:00:00Z,player_points,fanduel,Marina Mabrey,Over,22.5,-122,2026-06-27T00:02:34Z
a165b90e332745018d845c613a964600,Toronto Tempo,Phoenix Mercury,2026-06-27T18:00:00Z,player_points,fanduel,Marina Mabrey,Under,22.5,-106,2026-06-27T00:02:34Z
a165b90e332745018d845c613a964600,Toronto Tempo,Phoenix Mercury,2026-06-27T18:00:00Z,player_points,fanduel,DeWanna Bonner,Over,13.5,-108,2026-06-27T00:02:34Z
a165b90e332745018d845c613a964600,Toronto Tempo,Phoenix Mercury,2026-06-27T18:00:00Z,player_points,fanduel,DeWanna Bonner,Under,13.5,-120,2026-06-27T00:02:34Z
a165b90e332745018d845c613a964600,Toronto Tempo,Phoenix Mercury,2026-06-27T18:00:00Z,player_points,draftkings,Marina Mabrey,Over,22.5,-116,2026-06-27T00:03:01Z
a165b90e332745018d845c613a964600,Toronto Tempo,Phoenix Mercury,2026-06-27T18:00:00Z,player_points,draftkings,Marina Mabrey,Under,22.5,-114,2026-06-27T00:03:01Z
a165b90e332745018d845c613a964600,Toronto Tempo,Phoenix Mercury,2026-06-27T18:00:00Z,player_points,draftkings,Kahleah Copper,Over,21.5,-121,2026-06-27T00:03:01Z
a165b90e332745018d845c613a964600,Toronto Tempo,Phoenix Mercury,2026-06-27T18:00:00Z,player_points,draftkings,Kahleah Copper,Under,21.5,-110,2026-06-27T00:03:01Z
a165b90e332745018d845c613a964600,Toronto Tempo,Phoenix Mercury,2026-06-27T18:00:00Z,player_points,draftkings,DeWanna Bonner,Over,13.5,-103,2026-06-27T00:03:01Z
a165b90e332745018d845c613a964600,Toronto Tempo,Phoenix Mercury,2026-06-27T18:00:00Z,player_points,draftkings,DeWanna Bonner,Under,13.5,-129,2026-06-27T00:03:01Z
a165b90e332745018d845c613a964600,Toronto Tempo,Phoenix Mercury,2026-06-27T18:00:00Z,player_points,williamhill_us,Kahleah Copper,Over,21.5,-124,2026-06-27T00:02:35Z
a165b90e332745018d845c613a964600,Toronto Tempo,Phoenix Mercury,2026-06-27T18:00:00Z,player_points,williamhill_us,Kahleah Copper,Under,21.5,-108,2026-06-27T00:02:35Z
a165b90e332745018d845c613a964600,Toronto Tempo,Phoenix Mercury,2026-06-27T18:00:00Z,player_points,williamhill_us,DeWanna Bonner,Over,13.5,-112,2026-06-27T00:02:35Z
a165b90e332745018d845c613a964600,Toronto Tempo,Phoenix Mercury,2026-06-27T18:00:00Z,player_points,williamhill_us,DeWanna Bonner,Under,13.5,-120,2026-06-27T00:02:35Z
a165b90e332745018d845c613a964600,Toronto Tempo,Phoenix Mercury,2026-06-27T18:00:00Z,player_points,betonlineag,Marina Mabrey,Over,22.5,-122,2026-06-27T00:02:46Z
a165b90e332745018d845c613a964600,Toronto Tempo,Phoenix Mercury,2026-06-27T18:00:00Z,player_points,betonlineag,Marina Mabrey,Under,22.5,-106,2026-06-27T00:02:46Z
a165b90e332745018d845c613a964600,Toronto Tempo,Phoenix Mercury,2026-06-27T18:00:00Z,player_points,betonlineag,Isabelle Harrison,Over,12.5,-125,2026-06-27T00:02:46Z
a165b90e332745018d845c613a964600,Toronto Tempo,Phoenix Mercury,2026-06-27T18:00:00Z,player_points,betonlineag,Isabelle Harrison,Under,12.5,-103,2026-06-27T00:02:46Z
a165b90e332745018d845c613a964600,Toronto Tempo,Phoenix Mercury,2026-06-27T18:00:00Z,player_points,betonlineag,DeWanna Bonner,Over,13.5,105,2026-06-27T00:02:46Z
a165b90e332745018d845c613a964600,Toronto Tempo,Phoenix Mercury,2026-06-27T18:00:00Z,player_points,betonlineag,DeWanna Bonner,Under,13.5,-135,2026-06-27T00:02:46Z
a165b90e332745018d845c613a964600,Toronto Tempo,Phoenix Mercury,2026-06-27T18:00:00Z,player_points,betonlineag,Kahleah Copper,Over,21.5,-123,2026-06-27T00:02:46Z
a165b90e332745018d845c613a964600,Toronto Tempo,Phoenix Mercury,2026-06-27T18:00:00Z,player_points,betonlineag,Kahleah Copper,Under,21.5,-105,2026-06-27T00:02:46Z
a165b90e332745018d845c613a964600,Toronto Tempo,Phoenix Mercury,2026-06-27T18:00:00Z,player_points_rebounds_assists,fanduel,Marina Mabrey,Over,30.5,-122,2026-06-27T00:02:34Z
a165b90e332745018d845c613a964600,Toronto Tempo,Phoenix Mercury,2026-06-27T18:00:00Z,player_points_rebounds_assists,fanduel,Marina Mabrey,Under,30.5,-108,2026-06-27T00:02:34Z
a165b90e332745018d845c613a964600,Toronto Tempo,Phoenix Mercury,2026-06-27T18:00:00Z,player_points_rebounds_assists,draftkings,Marina Mabrey,Over,30.5,-119,2026-06-27T00:03:01Z
a165b90e332745018d845c613a964600,Toronto Tempo,Phoenix Mercury,2026-06-27T18:00:00Z,player_points_rebounds_assists,draftkings,Marina Mabrey,Under,30.5,-114,2026-06-27T00:03:01Z
a165b90e332745018d845c613a964600,Toronto Tempo,Phoenix Mercury,2026-06-27T18:00:00Z,player_points_rebounds_assists,betonlineag,Marina Mabrey,Over,30.5,-115,2026-06-27T00:02:46Z
a165b90e332745018d845c613a964600,Toronto Tempo,Phoenix Mercury,2026-06-27T18:00:00Z,player_points_rebounds_assists,betonlineag,Marina Mabrey,Under,30.5,-112,2026-06-27T00:02:46Z
a165b90e332745018d845c613a964600,Toronto Tempo,Phoenix Mercury,2026-06-27T18:00:00Z,player_rebounds,fanduel,Kahleah Copper,Over,3.5,-125,2026-06-27T00:02:34Z
a165b90e332745018d845c613a964600,Toronto Tempo,Phoenix Mercury,2026-06-27T18:00:00Z,player_rebounds,fanduel,Kahleah Copper,Under,3.5,-106,2026-06-27T00:02:34Z
a165b90e332745018d845c613a964600,Toronto Tempo,Phoenix Mercury,2026-06-27T18:00:00Z,player_rebounds,fanduel,Isabelle Harrison,Over,5.5,-132,2026-06-27T00:02:34Z
a165b90e332745018d845c613a964600,Toronto Tempo,Phoenix Mercury,2026-06-27T18:00:00Z,player_rebounds,fanduel,Isabelle Harrison,Under,5.5,100,2026-06-27T00:02:34Z
a165b90e332745018d845c613a964600,Toronto Tempo,Phoenix Mercury,2026-06-27T18:00:00Z,player_rebounds,fanduel,Marina Mabrey,Over,3.5,-104,2026-06-27T00:02:34Z
a165b90e332745018d845c613a964600,Toronto Tempo,Phoenix Mercury,2026-06-27T18:00:00Z,player_rebounds,fanduel,Marina Mabrey,Under,3.5,-128,2026-06-27T00:02:34Z
a165b90e332745018d845c613a964600,Toronto Tempo,Phoenix Mercury,2026-06-27T18:00:00Z,player_rebounds,fanduel,DeWanna Bonner,Over,6.5,108,2026-06-27T00:02:34Z
a165b90e332745018d845c613a964600,Toronto Tempo,Phoenix Mercury,2026-06-27T18:00:00Z,player_rebounds,fanduel,DeWanna Bonner,Under,6.5,-144,2026-06-27T00:02:34Z
a165b90e332745018d845c613a964600,Toronto Tempo,Phoenix Mercury,2026-06-27T18:00:00Z,player_rebounds,draftkings,DeWanna Bonner,Over,6.5,108,2026-06-27T00:03:01Z
a165b90e332745018d845c613a964600,Toronto Tempo,Phoenix Mercury,2026-06-27T18:00:00Z,player_rebounds,draftkings,DeWanna Bonner,Under,6.5,-146,2026-06-27T00:03:01Z
a165b90e332745018d845c613a964600,Toronto Tempo,Phoenix Mercury,2026-06-27T18:00:00Z,player_rebounds,draftkings,Kahleah Copper,Over,3.5,-125,2026-06-27T00:03:01Z
a165b90e332745018d845c613a964600,Toronto Tempo,Phoenix Mercury,2026-06-27T18:00:00Z,player_rebounds,draftkings,Kahleah Copper,Under,3.5,-109,2026-06-27T00:03:01Z
a165b90e332745018d845c613a964600,Toronto Tempo,Phoenix Mercury,2026-06-27T18:00:00Z,player_rebounds,draftkings,Marina Mabrey,Over,3.5,-108,2026-06-27T00:03:01Z
a165b90e332745018d845c613a964600,Toronto Tempo,Phoenix Mercury,2026-06-27T18:00:00Z,player_rebounds,draftkings,Marina Mabrey,Under,3.5,-125,2026-06-27T00:03:01Z
a165b90e332745018d845c613a964600,Toronto Tempo,Phoenix Mercury,2026-06-27T18:00:00Z,player_rebounds,betonlineag,Kahleah Copper,Over,3.5,-123,2026-06-27T00:02:46Z
a165b90e332745018d845c613a964600,Toronto Tempo,Phoenix Mercury,2026-06-27T18:00:00Z,player_rebounds,betonlineag,Kahleah Copper,Under,3.5,-104,2026-06-27T00:02:46Z
a165b90e332745018d845c613a964600,Toronto Tempo,Phoenix Mercury,2026-06-27T18:00:00Z,player_rebounds,betonlineag,Marina Mabrey,Over,3.5,100,2026-06-27T00:02:46Z
a165b90e332745018d845c613a964600,Toronto Tempo,Phoenix Mercury,2026-06-27T18:00:00Z,player_rebounds,betonlineag,Marina Mabrey,Under,3.5,-130,2026-06-27T00:02:46Z
a165b90e332745018d845c613a964600,Toronto Tempo,Phoenix Mercury,2026-06-27T18:00:00Z,player_rebounds,betonlineag,Isabelle Harrison,Over,5.5,-132,2026-06-27T00:02:46Z
a165b90e332745018d845c613a964600,Toronto Tempo,Phoenix Mercury,2026-06-27T18:00:00Z,player_rebounds,betonlineag,Isabelle Harrison,Under,5.5,102,2026-06-27T00:02:46Z
a165b90e332745018d845c613a964600,Toronto Tempo,Phoenix Mercury,2026-06-27T18:00:00Z,player_rebounds,betonlineag,DeWanna Bonner,Over,6.5,112,2026-06-27T00:02:46Z
a165b90e332745018d845c613a964600,Toronto Tempo,Phoenix Mercury,2026-06-27T18:00:00Z,player_rebounds,betonlineag,DeWanna Bonner,Under,6.5,-145,2026-06-27T00:02:46Z
a165b90e332745018d845c613a964600,Toronto Tempo,Phoenix Mercury,2026-06-27T18:00:00Z,player_threes,fanduel,Kahleah Copper,Over,1.5,-172,2026-06-27T00:02:34Z
a165b90e332745018d845c613a964600,Toronto Tempo,Phoenix Mercury,2026-06-27T18:00:00Z,player_threes,fanduel,Kahleah Copper,Under,1.5,128,2026-06-27T00:02:34Z
a165b90e332745018d845c613a964600,Toronto Tempo,Phoenix Mercury,2026-06-27T18:00:00Z,player_threes,fanduel,Marina Mabrey,Over,3.5,128,2026-06-27T00:02:34Z
a165b90e332745018d845c613a964600,Toronto Tempo,Phoenix Mercury,2026-06-27T18:00:00Z,player_threes,fanduel,Marina Mabrey,Under,3.5,-172,2026-06-27T00:02:34Z
a165b90e332745018d845c613a964600,Toronto Tempo,Phoenix Mercury,2026-06-27T18:00:00Z,player_threes,fanduel,DeWanna Bonner,Over,1.5,104,2026-06-27T00:02:34Z
a165b90e332745018d845c613a964600,Toronto Tempo,Phoenix Mercury,2026-06-27T18:00:00Z,player_threes,fanduel,DeWanna Bonner,Under,1.5,-138,2026-06-27T00:02:34Z
a165b90e332745018d845c613a964600,Toronto Tempo,Phoenix Mercury,2026-06-27T18:00:00Z,player_threes,draftkings,Marina Mabrey,Over,2.5,-181,2026-06-27T00:03:01Z
a165b90e332745018d845c613a964600,Toronto Tempo,Phoenix Mercury,2026-06-27T18:00:00Z,player_threes,draftkings,Marina Mabrey,Under,2.5,132,2026-06-27T00:03:01Z
a165b90e332745018d845c613a964600,Toronto Tempo,Phoenix Mercury,2026-06-27T18:00:00Z,player_threes,draftkings,Kahleah Copper,Over,1.5,-154,2026-06-27T00:03:01Z
a165b90e332745018d845c613a964600,Toronto Tempo,Phoenix Mercury,2026-06-27T18:00:00Z,player_threes,draftkings,Kahleah Copper,Under,1.5,113,2026-06-27T00:03:01Z
a165b90e332745018d845c613a964600,Toronto Tempo,Phoenix Mercury,2026-06-27T18:00:00Z,player_threes,draftkings,DeWanna Bonner,Over,1.5,122,2026-06-27T00:03:01Z
a165b90e332745018d845c613a964600,Toronto Tempo,Phoenix Mercury,2026-06-27T18:00:00Z,player_threes,draftkings,DeWanna Bonner,Under,1.5,-166,2026-06-27T00:03:01Z
a165b90e332745018d845c613a964600,Toronto Tempo,Phoenix Mercury,2026-06-27T18:00:00Z,player_threes,betonlineag,Kahleah Copper,Over,1.5,-161,2026-06-27T00:02:46Z
a165b90e332745018d845c613a964600,Toronto Tempo,Phoenix Mercury,2026-06-27T18:00:00Z,player_threes,betonlineag,Kahleah Copper,Under,1.5,123,2026-06-27T00:02:46Z
a165b90e332745018d845c613a964600,Toronto Tempo,Phoenix Mercury,2026-06-27T18:00:00Z,player_threes,betonlineag,Marina Mabrey,Over,3.5,132,2026-06-27T00:02:46Z
a165b90e332745018d845c613a964600,Toronto Tempo,Phoenix Mercury,2026-06-27T18:00:00Z,player_threes,betonlineag,Marina Mabrey,Under,3.5,-172,2026-06-27T00:02:46Z
a165b90e332745018d845c613a964600,Toronto Tempo,Phoenix Mercury,2026-06-27T18:00:00Z,player_threes,betonlineag,DeWanna Bonner,Over,1.5,118,2026-06-27T00:02:46Z
a165b90e332745018d845c613a964600,Toronto Tempo,Phoenix Mercury,2026-06-27T18:00:00Z,player_threes,betonlineag,DeWanna Bonner,Under,1.5,-154,2026-06-27T00:02:46Z
2976904bb157e89760ef6add768dbb97,Indiana Fever,Los Angeles Sparks,2026-06-28T00:00:00Z,player_assists,fanduel,Nneka Ogwumike,Over,2.5,-102,2026-06-27T00:03:08Z
2976904bb157e89760ef6add768dbb97,Indiana Fever,Los Angeles Sparks,2026-06-28T00:00:00Z,player_assists,fanduel,Nneka Ogwumike,Under,2.5,-130,2026-06-27T00:03:08Z
2976904bb157e89760ef6add768dbb97,Indiana Fever,Los Angeles Sparks,2026-06-28T00:00:00Z,player_assists,fanduel,Dearica Hamby,Over,3.5,142,2026-06-27T00:03:08Z
2976904bb157e89760ef6add768dbb97,Indiana Fever,Los Angeles Sparks,2026-06-28T00:00:00Z,player_assists,fanduel,Dearica Hamby,Under,3.5,-192,2026-06-27T00:03:08Z
2976904bb157e89760ef6add768dbb97,Indiana Fever,Los Angeles Sparks,2026-06-28T00:00:00Z,player_assists,fanduel,Aliyah Boston,Over,4.5,122,2026-06-27T00:03:08Z
2976904bb157e89760ef6add768dbb97,Indiana Fever,Los Angeles Sparks,2026-06-28T00:00:00Z,player_assists,fanduel,Aliyah Boston,Under,4.5,-162,2026-06-27T00:03:08Z
2976904bb157e89760ef6add768dbb97,Indiana Fever,Los Angeles Sparks,2026-06-28T00:00:00Z,player_assists,fanduel,Erica Wheeler,Over,5.5,104,2026-06-27T00:03:08Z
2976904bb157e89760ef6add768dbb97,Indiana Fever,Los Angeles Sparks,2026-06-28T00:00:00Z,player_assists,fanduel,Erica Wheeler,Under,5.5,-138,2026-06-27T00:03:08Z
2976904bb157e89760ef6add768dbb97,Indiana Fever,Los Angeles Sparks,2026-06-28T00:00:00Z,player_assists,fanduel,Kelsey Mitchell,Over,4.5,134,2026-06-27T00:03:08Z
2976904bb157e89760ef6add768dbb97,Indiana Fever,Los Angeles Sparks,2026-06-28T00:00:00Z,player_assists,fanduel,Kelsey Mitchell,Under,4.5,-180,2026-06-27T00:03:08Z
2976904bb157e89760ef6add768dbb97,Indiana Fever,Los Angeles Sparks,2026-06-28T00:00:00Z,player_assists,draftkings,Kelsey Mitchell,Over,3.5,-167,2026-06-27T00:03:23Z
2976904bb157e89760ef6add768dbb97,Indiana Fever,Los Angeles Sparks,2026-06-28T00:00:00Z,player_assists,draftkings,Kelsey Mitchell,Under,3.5,123,2026-06-27T00:03:23Z
2976904bb157e89760ef6add768dbb97,Indiana Fever,Los Angeles Sparks,2026-06-28T00:00:00Z,player_assists,draftkings,Aliyah Boston,Over,3.5,-157,2026-06-27T00:03:23Z
2976904bb157e89760ef6add768dbb97,Indiana Fever,Los Angeles Sparks,2026-06-28T00:00:00Z,player_assists,draftkings,Aliyah Boston,Under,3.5,115,2026-06-27T00:03:23Z
2976904bb157e89760ef6add768dbb97,Indiana Fever,Los Angeles Sparks,2026-06-28T00:00:00Z,player_assists,draftkings,Dearica Hamby,Over,3.5,113,2026-06-27T00:03:23Z
2976904bb157e89760ef6add768dbb97,Indiana Fever,Los Angeles Sparks,2026-06-28T00:00:00Z,player_assists,draftkings,Dearica Hamby,Under,3.5,-153,2026-06-27T00:03:23Z
2976904bb157e89760ef6add768dbb97,Indiana Fever,Los Angeles Sparks,2026-06-28T00:00:00Z,player_assists,betonlineag,Dearica Hamby,Over,3.5,128,2026-06-27T00:02:50Z
2976904bb157e89760ef6add768dbb97,Indiana Fever,Los Angeles Sparks,2026-06-28T00:00:00Z,player_assists,betonlineag,Dearica Hamby,Under,3.5,-167,2026-06-27T00:02:50Z
2976904bb157e89760ef6add768dbb97,Indiana Fever,Los Angeles Sparks,2026-06-28T00:00:00Z,player_assists,betonlineag,Kelsey Mitchell,Over,3.5,-161,2026-06-27T00:02:50Z
2976904bb157e89760ef6add768dbb97,Indiana Fever,Los Angeles Sparks,2026-06-28T00:00:00Z,player_assists,betonlineag,Kelsey Mitchell,Under,3.5,123,2026-06-27T00:02:50Z
2976904bb157e89760ef6add768dbb97,Indiana Fever,Los Angeles Sparks,2026-06-28T00:00:00Z,player_assists,betonlineag,Nneka Ogwumike,Over,2.5,104,2026-06-27T00:02:50Z
2976904bb157e89760ef6add768dbb97,Indiana Fever,Los Angeles Sparks,2026-06-28T00:00:00Z,player_assists,betonlineag,Nneka Ogwumike,Under,2.5,-135,2026-06-27T00:02:50Z
2976904bb157e89760ef6add768dbb97,Indiana Fever,Los Angeles Sparks,2026-06-28T00:00:00Z,player_assists,betonlineag,Erica Wheeler,Over,5.5,106,2026-06-27T00:02:50Z
2976904bb157e89760ef6add768dbb97,Indiana Fever,Los Angeles Sparks,2026-06-28T00:00:00Z,player_assists,betonlineag,Erica Wheeler,Under,5.5,-137,2026-06-27T00:02:50Z
2976904bb157e89760ef6add768dbb97,Indiana Fever,Los Angeles Sparks,2026-06-28T00:00:00Z,player_assists,betonlineag,Aliyah Boston,Over,4.5,122,2026-06-27T00:02:50Z
2976904bb157e89760ef6add768dbb97,Indiana Fever,Los Angeles Sparks,2026-06-28T00:00:00Z,player_assists,betonlineag,Aliyah Boston,Under,4.5,-159,2026-06-27T00:02:50Z
2976904bb157e89760ef6add768dbb97,Indiana Fever,Los Angeles Sparks,2026-06-28T00:00:00Z,player_double_double,fanduel,Aliyah Boston,Yes,,100,2026-06-27T00:03:08Z
2976904bb157e89760ef6add768dbb97,Indiana Fever,Los Angeles Sparks,2026-06-28T00:00:00Z,player_double_double,fanduel,Nneka Ogwumike,Yes,,150,2026-06-27T00:03:08Z
2976904bb157e89760ef6add768dbb97,Indiana Fever,Los Angeles Sparks,2026-06-28T00:00:00Z,player_double_double,fanduel,Dearica Hamby,Yes,,230,2026-06-27T00:03:08Z
2976904bb157e89760ef6add768dbb97,Indiana Fever,Los Angeles Sparks,2026-06-28T00:00:00Z,player_double_double,fanduel,Erica Wheeler,Yes,,1700,2026-06-27T00:03:08Z
2976904bb157e89760ef6add768dbb97,Indiana Fever,Los Angeles Sparks,2026-06-28T00:00:00Z,player_double_double,fanduel,Monique Billings,Yes,,2000,2026-06-27T00:03:08Z
2976904bb157e89760ef6add768dbb97,Indiana Fever,Los Angeles Sparks,2026-06-28T00:00:00Z,player_double_double,fanatics,Nneka Ogwumike,Yes,,185,2026-06-27T00:02:44Z
2976904bb157e89760ef6add768dbb97,Indiana Fever,Los Angeles Sparks,2026-06-28T00:00:00Z,player_double_double,fanatics,Dearica Hamby,Yes,,300,2026-06-27T00:02:44Z
2976904bb157e89760ef6add768dbb97,Indiana Fever,Los Angeles Sparks,2026-06-28T00:00:00Z,player_double_double,draftkings,Aliyah Boston,Yes,,106,2026-06-27T00:03:23Z
2976904bb157e89760ef6add768dbb97,Indiana Fever,Los Angeles Sparks,2026-06-28T00:00:00Z,player_double_double,draftkings,Dearica Hamby,Yes,,234,2026-06-27T00:03:23Z
2976904bb157e89760ef6add768dbb97,Indiana Fever,Los Angeles Sparks,2026-06-28T00:00:00Z,player_points,fanduel,Nneka Ogwumike,Over,18.5,-102,2026-06-27T00:03:08Z
2976904bb157e89760ef6add768dbb97,Indiana Fever,Los Angeles Sparks,2026-06-28T00:00:00Z,player_points,fanduel,Nneka Ogwumike,Under,18.5,-128,2026-06-27T00:03:08Z
2976904bb157e89760ef6add768dbb97,Indiana Fever,Los Angeles Sparks,2026-06-28T00:00:00Z,player_points,fanduel,Sophie Cunningham,Over,10.5,-108,2026-06-27T00:03:08Z
2976904bb157e89760ef6add768dbb97,Indiana Fever,Los Angeles Sparks,2026-06-28T00:00:00Z,player_points,fanduel,Sophie Cunningham,Under,10.5,-120,2026-06-27T00:03:08Z
2976904bb157e89760ef6add768dbb97,Indiana Fever,Los Angeles Sparks,2026-06-28T00:00:00Z,player_points,fanduel,Lexie Hull,Over,8.5,-130,2026-06-27T00:03:08Z
2976904bb157e89760ef6add768dbb97,Indiana Fever,Los Angeles Sparks,2026-06-28T00:00:00Z,player_points,fanduel,Lexie Hull,Under,8.5,100,2026-06-27T00:03:08Z
2976904bb157e89760ef6add768dbb97,Indiana Fever,Los Angeles Sparks,2026-06-28T00:00:00Z,player_points,fanduel,Kelsey Mitchell,Over,23.5,-104,2026-06-27T00:03:08Z
2976904bb157e89760ef6add768dbb97,Indiana Fever,Los Angeles Sparks,2026-06-28T00:00:00Z,player_points,fanduel,Kelsey Mitchell,Under,23.5,-125,2026-06-27T00:03:08Z
2976904bb157e89760ef6add768dbb97,Indiana Fever,Los Angeles Sparks,2026-06-28T00:00:00Z,player_points,fanduel,Dearica Hamby,Over,14.5,-108,2026-06-27T00:03:08Z
2976904bb157e89760ef6add768dbb97,Indiana Fever,Los Angeles Sparks,2026-06-28T00:00:00Z,player_points,fanduel,Dearica Hamby,Under,14.5,-120,2026-06-27T00:03:08Z
2976904bb157e89760ef6add768dbb97,Indiana Fever,Los Angeles Sparks,2026-06-28T00:00:00Z,player_points,fanduel,Erica Wheeler,Over,10.5,-113,2026-06-27T00:03:08Z
2976904bb157e89760ef6add768dbb97,Indiana Fever,Los Angeles Sparks,2026-06-28T00:00:00Z,player_points,fanduel,Erica Wheeler,Under,10.5,-115,2026-06-27T00:03:08Z
2976904bb157e89760ef6add768dbb97,Indiana Fever,Los Angeles Sparks,2026-06-28T00:00:00Z,player_points,fanduel,Rae Burrell,Over,14.5,-122,2026-06-27T00:03:08Z
2976904bb157e89760ef6add768dbb97,Indiana Fever,Los Angeles Sparks,2026-06-28T00:00:00Z,player_points,fanduel,Rae Burrell,Under,14.5,-106,2026-06-27T00:03:08Z
2976904bb157e89760ef6add768dbb97,Indiana Fever,Los Angeles Sparks,2026-06-28T00:00:00Z,player_points,fanduel,Aliyah Boston,Over,16.5,-108,2026-06-27T00:03:08Z
2976904bb157e89760ef6add768dbb97,Indiana Fever,Los Angeles Sparks,2026-06-28T00:00:00Z,player_points,fanduel,Aliyah Boston,Under,16.5,-120,2026-06-27T00:03:08Z
2976904bb157e89760ef6add768dbb97,Indiana Fever,Los Angeles Sparks,2026-06-28T00:00:00Z,player_points,draftkings,Kelsey Mitchell,Over,23.5,-105,2026-06-27T00:03:23Z
2976904bb157e89760ef6add768dbb97,Indiana Fever,Los Angeles Sparks,2026-06-28T00:00:00Z,player_points,draftkings,Kelsey Mitchell,Under,23.5,-127,2026-06-27T00:03:23Z
2976904bb157e89760ef6add768dbb97,Indiana Fever,Los Angeles Sparks,2026-06-28T00:00:00Z,player_points,draftkings,Nneka Ogwumike,Over,18.5,-111,2026-06-27T00:03:23Z
2976904bb157e89760ef6add768dbb97,Indiana Fever,Los Angeles Sparks,2026-06-28T00:00:00Z,player_points,draftkings,Nneka Ogwumike,Under,18.5,-120,2026-06-27T00:03:23Z
2976904bb157e89760ef6add768dbb97,Indiana Fever,Los Angeles Sparks,2026-06-28T00:00:00Z,player_points,draftkings,Aliyah Boston,Over,16.5,-118,2026-06-27T00:03:23Z
2976904bb157e89760ef6add768dbb97,Indiana Fever,Los Angeles Sparks,2026-06-28T00:00:00Z,player_points,draftkings,Aliyah Boston,Under,16.5,-113,2026-06-27T00:03:23Z
2976904bb157e89760ef6add768dbb97,Indiana Fever,Los Angeles Sparks,2026-06-28T00:00:00Z,player_points,draftkings,Dearica Hamby,Over,14.5,-128,2026-06-27T00:03:23Z
2976904bb157e89760ef6add768dbb97,Indiana Fever,Los Angeles Sparks,2026-06-28T00:00:00Z,player_points,draftkings,Dearica Hamby,Under,14.5,-103,2026-06-27T00:03:23Z
2976904bb157e89760ef6add768dbb97,Indiana Fever,Los Angeles Sparks,2026-06-28T00:00:00Z,player_points,betonlineag,Aliyah Boston,Over,16.5,-110,2026-06-27T00:02:50Z
2976904bb157e89760ef6add768dbb97,Indiana Fever,Los Angeles Sparks,2026-06-28T00:00:00Z,player_points,betonlineag,Aliyah Boston,Under,16.5,-118,2026-06-27T00:02:50Z
2976904bb157e89760ef6add768dbb97,Indiana Fever,Los Angeles Sparks,2026-06-28T00:00:00Z,player_points,betonlineag,Dearica Hamby,Over,14.5,-112,2026-06-27T00:02:50Z
2976904bb157e89760ef6add768dbb97,Indiana Fever,Los Angeles Sparks,2026-06-28T00:00:00Z,player_points,betonlineag,Dearica Hamby,Under,14.5,-115,2026-06-27T00:02:50Z
2976904bb157e89760ef6add768dbb97,Indiana Fever,Los Angeles Sparks,2026-06-28T00:00:00Z,player_points,betonlineag,Nneka Ogwumike,Over,18.5,-102,2026-06-27T00:02:50Z
2976904bb157e89760ef6add768dbb97,Indiana Fever,Los Angeles Sparks,2026-06-28T00:00:00Z,player_points,betonlineag,Nneka Ogwumike,Under,18.5,-127,2026-06-27T00:02:50Z
2976904bb157e89760ef6add768dbb97,Indiana Fever,Los Angeles Sparks,2026-06-28T00:00:00Z,player_points,betonlineag,Rae Burrell,Over,14.5,-123,2026-06-27T00:02:50Z
2976904bb157e89760ef6add768dbb97,Indiana Fever,Los Angeles Sparks,2026-06-28T00:00:00Z,player_points,betonlineag,Rae Burrell,Under,14.5,-104,2026-06-27T00:02:50Z
2976904bb157e89760ef6add768dbb97,Indiana Fever,Los Angeles Sparks,2026-06-28T00:00:00Z,player_points,betonlineag,Kelsey Mitchell,Over,23.5,-101,2026-06-27T00:02:50Z
2976904bb157e89760ef6add768dbb97,Indiana Fever,Los Angeles Sparks,2026-06-28T00:00:00Z,player_points,betonlineag,Kelsey Mitchell,Under,23.5,-128,2026-06-27T00:02:50Z
2976904bb157e89760ef6add768dbb97,Indiana Fever,Los Angeles Sparks,2026-06-28T00:00:00Z,player_points,betonlineag,Erica Wheeler,Over,10.5,-112,2026-06-27T00:02:50Z
2976904bb157e89760ef6add768dbb97,Indiana Fever,Los Angeles Sparks,2026-06-28T00:00:00Z,player_points,betonlineag,Erica Wheeler,Under,10.5,-115,2026-06-27T00:02:50Z
2976904bb157e89760ef6add768dbb97,Indiana Fever,Los Angeles Sparks,2026-06-28T00:00:00Z,player_points,betonlineag,Sophie Cunningham,Over,10.5,100,2026-06-27T00:02:50Z
2976904bb157e89760ef6add768dbb97,Indiana Fever,Los Angeles Sparks,2026-06-28T00:00:00Z,player_points,betonlineag,Sophie Cunningham,Under,10.5,-130,2026-06-27T00:02:50Z
2976904bb157e89760ef6add768dbb97,Indiana Fever,Los Angeles Sparks,2026-06-28T00:00:00Z,player_points,betonlineag,Lexie Hull,Over,8.5,-132,2026-06-27T00:02:50Z
2976904bb157e89760ef6add768dbb97,Indiana Fever,Los Angeles Sparks,2026-06-28T00:00:00Z,player_points,betonlineag,Lexie Hull,Under,8.5,102,2026-06-27T00:02:50Z
2976904bb157e89760ef6add768dbb97,Indiana Fever,Los Angeles Sparks,2026-06-28T00:00:00Z,player_points_rebounds_assists,fanduel,Dearica Hamby,Over,25.5,-112,2026-06-27T00:03:08Z
2976904bb157e89760ef6add768dbb97,Indiana Fever,Los Angeles Sparks,2026-06-28T00:00:00Z,player_points_rebounds_assists,fanduel,Dearica Hamby,Under,25.5,-118,2026-06-27T00:03:08Z
2976904bb157e89760ef6add768dbb97,Indiana Fever,Los Angeles Sparks,2026-06-28T00:00:00Z,player_points_rebounds_assists,fanduel,Aliyah Boston,Over,29.5,-130,2026-06-27T00:03:08Z
2976904bb157e89760ef6add768dbb97,Indiana Fever,Los Angeles Sparks,2026-06-28T00:00:00Z,player_points_rebounds_assists,fanduel,Aliyah Boston,Under,29.5,-102,2026-06-27T00:03:08Z
2976904bb157e89760ef6add768dbb97,Indiana Fever,Los Angeles Sparks,2026-06-28T00:00:00Z,player_points_rebounds_assists,fanduel,Nneka Ogwumike,Over,29.5,-112,2026-06-27T00:03:08Z
2976904bb157e89760ef6add768dbb97,Indiana Fever,Los Angeles Sparks,2026-06-28T00:00:00Z,player_points_rebounds_assists,fanduel,Nneka Ogwumike,Under,29.5,-118,2026-06-27T00:03:08Z
2976904bb157e89760ef6add768dbb97,Indiana Fever,Los Angeles Sparks,2026-06-28T00:00:00Z,player_points_rebounds_assists,fanduel,Kelsey Mitchell,Over,29.5,-110,2026-06-27T00:03:08Z
2976904bb157e89760ef6add768dbb97,Indiana Fever,Los Angeles Sparks,2026-06-28T00:00:00Z,player_points_rebounds_assists,fanduel,Kelsey Mitchell,Under,29.5,-120,2026-06-27T00:03:08Z
2976904bb157e89760ef6add768dbb97,Indiana Fever,Los Angeles Sparks,2026-06-28T00:00:00Z,player_points_rebounds_assists,draftkings,Aliyah Boston,Over,30.5,-111,2026-06-27T00:03:23Z
2976904bb157e89760ef6add768dbb97,Indiana Fever,Los Angeles Sparks,2026-06-28T00:00:00Z,player_points_rebounds_assists,draftkings,Aliyah Boston,Under,30.5,-122,2026-06-27T00:03:23Z
2976904bb157e89760ef6add768dbb97,Indiana Fever,Los Angeles Sparks,2026-06-28T00:00:00Z,player_points_rebounds_assists,draftkings,Dearica Hamby,Over,26.5,-110,2026-06-27T00:03:23Z
2976904bb157e89760ef6add768dbb97,Indiana Fever,Los Angeles Sparks,2026-06-28T00:00:00Z,player_points_rebounds_assists,draftkings,Dearica Hamby,Under,26.5,-124,2026-06-27T00:03:23Z
2976904bb157e89760ef6add768dbb97,Indiana Fever,Los Angeles Sparks,2026-06-28T00:00:00Z,player_points_rebounds_assists,betonlineag,Aliyah Boston,Over,30.5,-108,2026-06-27T00:02:50Z
2976904bb157e89760ef6add768dbb97,Indiana Fever,Los Angeles Sparks,2026-06-28T00:00:00Z,player_points_rebounds_assists,betonlineag,Aliyah Boston,Under,30.5,-120,2026-06-27T00:02:50Z
2976904bb157e89760ef6add768dbb97,Indiana Fever,Los Angeles Sparks,2026-06-28T00:00:00Z,player_points_rebounds_assists,betonlineag,Dearica Hamby,Over,25.5,-111,2026-06-27T00:02:50Z
2976904bb157e89760ef6add768dbb97,Indiana Fever,Los Angeles Sparks,2026-06-28T00:00:00Z,player_points_rebounds_assists,betonlineag,Dearica Hamby,Under,25.5,-116,2026-06-27T00:02:50Z
2976904bb157e89760ef6add768dbb97,Indiana Fever,Los Angeles Sparks,2026-06-28T00:00:00Z,player_points_rebounds_assists,betonlineag,Nneka Ogwumike,Over,29.5,-108,2026-06-27T00:02:50Z
2976904bb157e89760ef6add768dbb97,Indiana Fever,Los Angeles Sparks,2026-06-28T00:00:00Z,player_points_rebounds_assists,betonlineag,Nneka Ogwumike,Under,29.5,-120,2026-06-27T00:02:50Z
2976904bb157e89760ef6add768dbb97,Indiana Fever,Los Angeles Sparks,2026-06-28T00:00:00Z,player_points_rebounds_assists,betonlineag,Kelsey Mitchell,Over,29.5,100,2026-06-27T00:02:50Z
2976904bb157e89760ef6add768dbb97,Indiana Fever,Los Angeles Sparks,2026-06-28T00:00:00Z,player_points_rebounds_assists,betonlineag,Kelsey Mitchell,Under,29.5,-130,2026-06-27T00:02:50Z
2976904bb157e89760ef6add768dbb97,Indiana Fever,Los Angeles Sparks,2026-06-28T00:00:00Z,player_rebounds,fanduel,Sophie Cunningham,Over,3.5,-106,2026-06-27T00:03:08Z
2976904bb157e89760ef6add768dbb97,Indiana Fever,Los Angeles Sparks,2026-06-28T00:00:00Z,player_rebounds,fanduel,Sophie Cunningham,Under,3.5,-125,2026-06-27T00:03:08Z
2976904bb157e89760ef6add768dbb97,Indiana Fever,Los Angeles Sparks,2026-06-28T00:00:00Z,player_rebounds,fanduel,Dearica Hamby,Over,7.5,-122,2026-06-27T00:03:08Z
2976904bb157e89760ef6add768dbb97,Indiana Fever,Los Angeles Sparks,2026-06-28T00:00:00Z,player_rebounds,fanduel,Dearica Hamby,Under,7.5,-108,2026-06-27T00:03:08Z
2976904bb157e89760ef6add768dbb97,Indiana Fever,Los Angeles Sparks,2026-06-28T00:00:00Z,player_rebounds,fanduel,Monique Billings,Over,5.5,108,2026-06-27T00:03:08Z
2976904bb157e89760ef6add768dbb97,Indiana Fever,Los Angeles Sparks,2026-06-28T00:00:00Z,player_rebounds,fanduel,Monique Billings,Under,5.5,-144,2026-06-27T00:03:08Z
2976904bb157e89760ef6add768dbb97,Indiana Fever,Los Angeles Sparks,2026-06-28T00:00:00Z,player_rebounds,fanduel,Lexie Hull,Over,4.5,-136,2026-06-27T00:03:08Z
2976904bb157e89760ef6add768dbb97,Indiana Fever,Los Angeles Sparks,2026-06-28T00:00:00Z,player_rebounds,fanduel,Lexie Hull,Under,4.5,102,2026-06-27T00:03:08Z
2976904bb157e89760ef6add768dbb97,Indiana Fever,Los Angeles Sparks,2026-06-28T00:00:00Z,player_rebounds,fanduel,Nneka Ogwumike,Over,8.5,104,2026-06-27T00:03:08Z
2976904bb157e89760ef6add768dbb97,Indiana Fever,Los Angeles Sparks,2026-06-28T00:00:00Z,player_rebounds,fanduel,Nneka Ogwumike,Under,8.5,-138,2026-06-27T00:03:08Z
2976904bb157e89760ef6add768dbb97,Indiana Fever,Los Angeles Sparks,2026-06-28T00:00:00Z,player_rebounds,fanduel,Aliyah Boston,Over,9.5,-112,2026-06-27T00:03:08Z
2976904bb157e89760ef6add768dbb97,Indiana Fever,Los Angeles Sparks,2026-06-28T00:00:00Z,player_rebounds,fanduel,Aliyah Boston,Under,9.5,-118,2026-06-27T00:03:08Z
2976904bb157e89760ef6add768dbb97,Indiana Fever,Los Angeles Sparks,2026-06-28T00:00:00Z,player_rebounds,draftkings,Aliyah Boston,Over,9.5,-113,2026-06-27T00:03:23Z
2976904bb157e89760ef6add768dbb97,Indiana Fever,Los Angeles Sparks,2026-06-28T00:00:00Z,player_rebounds,draftkings,Aliyah Boston,Under,9.5,-120,2026-06-27T00:03:23Z
2976904bb157e89760ef6add768dbb97,Indiana Fever,Los Angeles Sparks,2026-06-28T00:00:00Z,player_rebounds,draftkings,Nneka Ogwumike,Over,8.5,-104,2026-06-27T00:03:23Z
2976904bb157e89760ef6add768dbb97,Indiana Fever,Los Angeles Sparks,2026-06-28T00:00:00Z,player_rebounds,draftkings,Nneka Ogwumike,Under,8.5,-130,2026-06-27T00:03:23Z
2976904bb157e89760ef6add768dbb97,Indiana Fever,Los Angeles Sparks,2026-06-28T00:00:00Z,player_rebounds,draftkings,Dearica Hamby,Over,7.5,-131,2026-06-27T00:03:23Z
2976904bb157e89760ef6add768dbb97,Indiana Fever,Los Angeles Sparks,2026-06-28T00:00:00Z,player_rebounds,draftkings,Dearica Hamby,Under,7.5,-104,2026-06-27T00:03:23Z
2976904bb157e89760ef6add768dbb97,Indiana Fever,Los Angeles Sparks,2026-06-28T00:00:00Z,player_rebounds,betonlineag,Dearica Hamby,Over,7.5,-125,2026-06-27T00:02:50Z
2976904bb157e89760ef6add768dbb97,Indiana Fever,Los Angeles Sparks,2026-06-28T00:00:00Z,player_rebounds,betonlineag,Dearica Hamby,Under,7.5,-103,2026-06-27T00:02:50Z
2976904bb157e89760ef6add768dbb97,Indiana Fever,Los Angeles Sparks,2026-06-28T00:00:00Z,player_rebounds,betonlineag,Aliyah Boston,Over,9.5,-109,2026-06-27T00:02:50Z
2976904bb157e89760ef6add768dbb97,Indiana Fever,Los Angeles Sparks,2026-06-28T00:00:00Z,player_rebounds,betonlineag,Aliyah Boston,Under,9.5,-119,2026-06-27T00:02:50Z
2976904bb157e89760ef6add768dbb97,Indiana Fever,Los Angeles Sparks,2026-06-28T00:00:00Z,player_rebounds,betonlineag,Nneka Ogwumike,Over,8.5,104,2026-06-27T00:02:50Z
2976904bb157e89760ef6add768dbb97,Indiana Fever,Los Angeles Sparks,2026-06-28T00:00:00Z,player_rebounds,betonlineag,Nneka Ogwumike,Under,8.5,-135,2026-06-27T00:02:50Z
2976904bb157e89760ef6add768dbb97,Indiana Fever,Los Angeles Sparks,2026-06-28T00:00:00Z,player_rebounds,betonlineag,Sophie Cunningham,Over,3.5,100,2026-06-27T00:02:50Z
2976904bb157e89760ef6add768dbb97,Indiana Fever,Los Angeles Sparks,2026-06-28T00:00:00Z,player_rebounds,betonlineag,Sophie Cunningham,Under,3.5,-130,2026-06-27T00:02:50Z
2976904bb157e89760ef6add768dbb97,Indiana Fever,Los Angeles Sparks,2026-06-28T00:00:00Z,player_rebounds,betonlineag,Lexie Hull,Over,4.5,-135,2026-06-27T00:02:50Z
2976904bb157e89760ef6add768dbb97,Indiana Fever,Los Angeles Sparks,2026-06-28T00:00:00Z,player_rebounds,betonlineag,Lexie Hull,Under,4.5,104,2026-06-27T00:02:50Z
2976904bb157e89760ef6add768dbb97,Indiana Fever,Los Angeles Sparks,2026-06-28T00:00:00Z,player_rebounds,betonlineag,Monique Billings,Over,5.5,110,2026-06-27T00:02:50Z
2976904bb157e89760ef6add768dbb97,Indiana Fever,Los Angeles Sparks,2026-06-28T00:00:00Z,player_rebounds,betonlineag,Monique Billings,Under,5.5,-143,2026-06-27T00:02:50Z
2976904bb157e89760ef6add768dbb97,Indiana Fever,Los Angeles Sparks,2026-06-28T00:00:00Z,player_threes,fanduel,Sophie Cunningham,Over,1.5,-166,2026-06-27T00:03:08Z
2976904bb157e89760ef6add768dbb97,Indiana Fever,Los Angeles Sparks,2026-06-28T00:00:00Z,player_threes,fanduel,Sophie Cunningham,Under,1.5,124,2026-06-27T00:03:08Z
2976904bb157e89760ef6add768dbb97,Indiana Fever,Los Angeles Sparks,2026-06-28T00:00:00Z,player_threes,fanduel,Nneka Ogwumike,Over,1.5,100,2026-06-27T00:03:08Z
2976904bb157e89760ef6add768dbb97,Indiana Fever,Los Angeles Sparks,2026-06-28T00:00:00Z,player_threes,fanduel,Nneka Ogwumike,Under,1.5,-132,2026-06-27T00:03:08Z
2976904bb157e89760ef6add768dbb97,Indiana Fever,Los Angeles Sparks,2026-06-28T00:00:00Z,player_threes,fanduel,Kelsey Mitchell,Over,2.5,-114,2026-06-27T00:03:08Z
2976904bb157e89760ef6add768dbb97,Indiana Fever,Los Angeles Sparks,2026-06-28T00:00:00Z,player_threes,fanduel,Kelsey Mitchell,Under,2.5,-114,2026-06-27T00:03:08Z
2976904bb157e89760ef6add768dbb97,Indiana Fever,Los Angeles Sparks,2026-06-28T00:00:00Z,player_threes,fanduel,Rae Burrell,Over,1.5,102,2026-06-27T00:03:08Z
2976904bb157e89760ef6add768dbb97,Indiana Fever,Los Angeles Sparks,2026-06-28T00:00:00Z,player_threes,fanduel,Rae Burrell,Under,1.5,-136,2026-06-27T00:03:08Z
2976904bb157e89760ef6add768dbb97,Indiana Fever,Los Angeles Sparks,2026-06-28T00:00:00Z,player_threes,draftkings,Kelsey Mitchell,Over,2.5,-117,2026-06-27T00:03:23Z
2976904bb157e89760ef6add768dbb97,Indiana Fever,Los Angeles Sparks,2026-06-28T00:00:00Z,player_threes,draftkings,Kelsey Mitchell,Under,2.5,-116,2026-06-27T00:03:23Z
2976904bb157e89760ef6add768dbb97,Indiana Fever,Los Angeles Sparks,2026-06-28T00:00:00Z,player_threes,draftkings,Nneka Ogwumike,Over,1.5,-106,2026-06-27T00:03:23Z
2976904bb157e89760ef6add768dbb97,Indiana Fever,Los Angeles Sparks,2026-06-28T00:00:00Z,player_threes,draftkings,Nneka Ogwumike,Under,1.5,-128,2026-06-27T00:03:23Z
2976904bb157e89760ef6add768dbb97,Indiana Fever,Los Angeles Sparks,2026-06-28T00:00:00Z,player_threes,williamhill_us,Sophie Cunningham,Over,1.5,-170,2026-06-27T00:03:17Z
2976904bb157e89760ef6add768dbb97,Indiana Fever,Los Angeles Sparks,2026-06-28T00:00:00Z,player_threes,williamhill_us,Sophie Cunningham,Under,1.5,125,2026-06-27T00:03:17Z
2976904bb157e89760ef6add768dbb97,Indiana Fever,Los Angeles Sparks,2026-06-28T00:00:00Z,player_threes,williamhill_us,Rae Burrell,Over,1.5,101,2026-06-27T00:03:17Z
2976904bb157e89760ef6add768dbb97,Indiana Fever,Los Angeles Sparks,2026-06-28T00:00:00Z,player_threes,williamhill_us,Rae Burrell,Under,1.5,-134,2026-06-27T00:03:17Z
2976904bb157e89760ef6add768dbb97,Indiana Fever,Los Angeles Sparks,2026-06-28T00:00:00Z,player_threes,betonlineag,Kelsey Mitchell,Over,2.5,-109,2026-06-27T00:02:50Z
2976904bb157e89760ef6add768dbb97,Indiana Fever,Los Angeles Sparks,2026-06-28T00:00:00Z,player_threes,betonlineag,Kelsey Mitchell,Under,2.5,-119,2026-06-27T00:02:50Z
2976904bb157e89760ef6add768dbb97,Indiana Fever,Los Angeles Sparks,2026-06-28T00:00:00Z,player_threes,betonlineag,Nneka Ogwumike,Over,1.5,104,2026-06-27T00:02:50Z
2976904bb157e89760ef6add768dbb97,Indiana Fever,Los Angeles Sparks,2026-06-28T00:00:00Z,player_threes,betonlineag,Nneka Ogwumike,Under,1.5,-135,2026-06-27T00:02:50Z
2976904bb157e89760ef6add768dbb97,Indiana Fever,Los Angeles Sparks,2026-06-28T00:00:00Z,player_threes,betonlineag,Rae Burrell,Over,1.5,104,2026-06-27T00:02:50Z
2976904bb157e89760ef6add768dbb97,Indiana Fever,Los Angeles Sparks,2026-06-28T00:00:00Z,player_threes,betonlineag,Rae Burrell,Under,1.5,-135,2026-06-27T00:02:50Z
2976904bb157e89760ef6add768dbb97,Indiana Fever,Los Angeles Sparks,2026-06-28T00:00:00Z,player_threes,betonlineag,Sophie Cunningham,Over,1.5,-167,2026-06-27T00:02:50Z
2976904bb157e89760ef6add768dbb97,Indiana Fever,Los Angeles Sparks,2026-06-28T00:00:00Z,player_threes,betonlineag,Sophie Cunningham,Under,1.5,128,2026-06-27T00:02:50Z
2976904bb157e89760ef6add768dbb97,Indiana Fever,Los Angeles Sparks,2026-06-28T00:00:00Z,player_threes,betonlineag,Lexie Hull,Over,1.5,164,2026-06-27T00:02:50Z
2976904bb157e89760ef6add768dbb97,Indiana Fever,Los Angeles Sparks,2026-06-28T00:00:00Z,player_threes,betonlineag,Lexie Hull,Under,1.5,-217,2026-06-27T00:02:50Z
