matchup,status,home,away,book,player,stat,line,over_price,fetched_at
NOR @ CIV,Full Time,Norway,Ivory Coast,self-edge,Ismaël Koné,shots,1,-110,2026-06-30T20:05:02.929516+00:00
NOR @ CIV,Full Time,Norway,Ivory Coast,self-edge,Ismaël Koné,fouls,1,-110,2026-06-30T20:05:02.929516+00:00
NOR @ CIV,Full Time,Norway,Ivory Coast,self-edge,Wilfried Singo,assists,0.5,-110,2026-06-30T20:05:02.929516+00:00
NOR @ CIV,Full Time,Norway,Ivory Coast,self-edge,Wilfried Singo,shots,1,-110,2026-06-30T20:05:02.929516+00:00
NOR @ CIV,Full Time,Norway,Ivory Coast,self-edge,Wilfried Singo,fouls,1,-110,2026-06-30T20:05:02.929516+00:00
NOR @ CIV,Full Time,Norway,Ivory Coast,self-edge,Ghislain Konan,shots,1,-110,2026-06-30T20:05:02.929516+00:00
NOR @ CIV,Full Time,Norway,Ivory Coast,self-edge,Guela Doué,fouls,2,-110,2026-06-30T20:05:02.929516+00:00
NOR @ CIV,Full Time,Norway,Ivory Coast,self-edge,Guela Doué,cards,0.5,-110,2026-06-30T20:05:02.929516+00:00
NOR @ CIV,Full Time,Norway,Ivory Coast,self-edge,Seko Fofana,shots_on_target,1,-110,2026-06-30T20:05:02.929516+00:00
NOR @ CIV,Full Time,Norway,Ivory Coast,self-edge,Seko Fofana,shots,3,-110,2026-06-30T20:05:02.929516+00:00
NOR @ CIV,Full Time,Norway,Ivory Coast,self-edge,Seko Fofana,fouls,1,-110,2026-06-30T20:05:02.929516+00:00
NOR @ CIV,Full Time,Norway,Ivory Coast,self-edge,Seko Fofana,cards,0.5,-110,2026-06-30T20:05:02.929516+00:00
NOR @ CIV,Full Time,Norway,Ivory Coast,self-edge,Franck Kessié,fouls,2,-110,2026-06-30T20:05:02.929516+00:00
NOR @ CIV,Full Time,Norway,Ivory Coast,self-edge,Franck Kessié,cards,0.5,-110,2026-06-30T20:05:02.929516+00:00
NOR @ CIV,Full Time,Norway,Ivory Coast,self-edge,Yan Diomande,shots,1,-110,2026-06-30T20:05:02.929516+00:00
NOR @ CIV,Full Time,Norway,Ivory Coast,self-edge,Elye Wahi,shots_on_target,1,-110,2026-06-30T20:05:02.929516+00:00
NOR @ CIV,Full Time,Norway,Ivory Coast,self-edge,Elye Wahi,shots,1,-110,2026-06-30T20:05:02.929516+00:00
NOR @ CIV,Full Time,Norway,Ivory Coast,self-edge,Nicolas Pépé,shots,1,-110,2026-06-30T20:05:02.929516+00:00
NOR @ CIV,Full Time,Norway,Ivory Coast,self-edge,Christ Inao Oulaï,shots,1,-110,2026-06-30T20:05:02.929516+00:00
NOR @ CIV,Full Time,Norway,Ivory Coast,self-edge,Christ Inao Oulaï,fouls,1,-110,2026-06-30T20:05:02.929516+00:00
NOR @ CIV,Full Time,Norway,Ivory Coast,self-edge,Amad Diallo,goals,0.5,-110,2026-06-30T20:05:02.929516+00:00
NOR @ CIV,Full Time,Norway,Ivory Coast,self-edge,Amad Diallo,shots_on_target,1,-110,2026-06-30T20:05:02.929516+00:00
NOR @ CIV,Full Time,Norway,Ivory Coast,self-edge,Amad Diallo,shots,1,-110,2026-06-30T20:05:02.929516+00:00
NOR @ CIV,Full Time,Norway,Ivory Coast,self-edge,Désiré Doué,shots_on_target,1,-110,2026-06-30T20:05:02.929516+00:00
NOR @ CIV,Full Time,Norway,Ivory Coast,self-edge,Désiré Doué,shots,1,-110,2026-06-30T20:05:02.929516+00:00
NOR @ CIV,Full Time,Norway,Ivory Coast,self-edge,Alban Lafont,shots,1,-110,2026-06-30T20:05:02.929516+00:00
NOR @ CIV,Full Time,Norway,Ivory Coast,self-edge,Alban Lafont,fouls,1,-110,2026-06-30T20:05:02.929516+00:00
NOR @ CIV,Full Time,Norway,Ivory Coast,self-edge,Alban Lafont,tackles,1,-110,2026-06-30T20:05:02.929516+00:00
NOR @ CIV,Full Time,Norway,Ivory Coast,self-edge,Alban Lafont,passes,20,-110,2026-06-30T20:05:02.929516+00:00
NOR @ CIV,Full Time,Norway,Ivory Coast,self-edge,Alban Lafont,corners,2,-110,2026-06-30T20:05:02.929516+00:00
NOR @ CIV,Full Time,Norway,Ivory Coast,self-edge,Ange-Yoan Bonny,shots,1,-110,2026-06-30T20:05:02.929516+00:00
NOR @ CIV,Full Time,Norway,Ivory Coast,self-edge,Ange-Yoan Bonny,fouls,1,-110,2026-06-30T20:05:02.929516+00:00
NOR @ CIV,Full Time,Norway,Ivory Coast,self-edge,Ange-Yoan Bonny,tackles,1,-110,2026-06-30T20:05:02.929516+00:00
NOR @ CIV,Full Time,Norway,Ivory Coast,self-edge,Ange-Yoan Bonny,passes,20,-110,2026-06-30T20:05:02.929516+00:00
NOR @ CIV,Full Time,Norway,Ivory Coast,self-edge,Ange-Yoan Bonny,corners,2,-110,2026-06-30T20:05:02.929516+00:00
NOR @ CIV,Full Time,Norway,Ivory Coast,self-edge,Bazoumana Touré,shots,1,-110,2026-06-30T20:05:02.929516+00:00
NOR @ CIV,Full Time,Norway,Ivory Coast,self-edge,Bazoumana Touré,fouls,1,-110,2026-06-30T20:05:02.929516+00:00
NOR @ CIV,Full Time,Norway,Ivory Coast,self-edge,Bazoumana Touré,tackles,1,-110,2026-06-30T20:05:02.929516+00:00
NOR @ CIV,Full Time,Norway,Ivory Coast,self-edge,Bazoumana Touré,passes,20,-110,2026-06-30T20:05:02.929516+00:00
NOR @ CIV,Full Time,Norway,Ivory Coast,self-edge,Bazoumana Touré,corners,2,-110,2026-06-30T20:05:02.929516+00:00
NOR @ CIV,Full Time,Norway,Ivory Coast,self-edge,Christopher Operi,shots,1,-110,2026-06-30T20:05:02.929516+00:00
NOR @ CIV,Full Time,Norway,Ivory Coast,self-edge,Christopher Operi,fouls,1,-110,2026-06-30T20:05:02.929516+00:00
NOR @ CIV,Full Time,Norway,Ivory Coast,self-edge,Christopher Operi,tackles,1,-110,2026-06-30T20:05:02.929516+00:00
NOR @ CIV,Full Time,Norway,Ivory Coast,self-edge,Christopher Operi,passes,20,-110,2026-06-30T20:05:02.929516+00:00
NOR @ CIV,Full Time,Norway,Ivory Coast,self-edge,Christopher Operi,corners,2,-110,2026-06-30T20:05:02.929516+00:00
NOR @ CIV,Full Time,Norway,Ivory Coast,self-edge,Emmanuel Agbadou,shots,1,-110,2026-06-30T20:05:02.929516+00:00
NOR @ CIV,Full Time,Norway,Ivory Coast,self-edge,Emmanuel Agbadou,fouls,1,-110,2026-06-30T20:05:02.929516+00:00
NOR @ CIV,Full Time,Norway,Ivory Coast,self-edge,Emmanuel Agbadou,tackles,1,-110,2026-06-30T20:05:02.929516+00:00
NOR @ CIV,Full Time,Norway,Ivory Coast,self-edge,Emmanuel Agbadou,passes,20,-110,2026-06-30T20:05:02.929516+00:00
NOR @ CIV,Full Time,Norway,Ivory Coast,self-edge,Emmanuel Agbadou,corners,2,-110,2026-06-30T20:05:02.929516+00:00
NOR @ CIV,Full Time,Norway,Ivory Coast,self-edge,Evan Ndicka,shots,1,-110,2026-06-30T20:05:02.929516+00:00
NOR @ CIV,Full Time,Norway,Ivory Coast,self-edge,Evan Ndicka,fouls,1,-110,2026-06-30T20:05:02.929516+00:00
NOR @ CIV,Full Time,Norway,Ivory Coast,self-edge,Evan Ndicka,tackles,1,-110,2026-06-30T20:05:02.929516+00:00
NOR @ CIV,Full Time,Norway,Ivory Coast,self-edge,Evan Ndicka,passes,20,-110,2026-06-30T20:05:02.929516+00:00
NOR @ CIV,Full Time,Norway,Ivory Coast,self-edge,Evan Ndicka,corners,2,-110,2026-06-30T20:05:02.929516+00:00
NOR @ CIV,Full Time,Norway,Ivory Coast,self-edge,Evann Guessand,shots,1,-110,2026-06-30T20:05:02.929516+00:00
NOR @ CIV,Full Time,Norway,Ivory Coast,self-edge,Evann Guessand,fouls,1,-110,2026-06-30T20:05:02.929516+00:00
NOR @ CIV,Full Time,Norway,Ivory Coast,self-edge,Evann Guessand,tackles,1,-110,2026-06-30T20:05:02.929516+00:00
NOR @ CIV,Full Time,Norway,Ivory Coast,self-edge,Evann Guessand,passes,20,-110,2026-06-30T20:05:02.929516+00:00
NOR @ CIV,Full Time,Norway,Ivory Coast,self-edge,Evann Guessand,corners,2,-110,2026-06-30T20:05:02.929516+00:00
NOR @ CIV,Full Time,Norway,Ivory Coast,self-edge,Ibrahim Sangaré,shots,1,-110,2026-06-30T20:05:02.929516+00:00
NOR @ CIV,Full Time,Norway,Ivory Coast,self-edge,Ibrahim Sangaré,fouls,1,-110,2026-06-30T20:05:02.929516+00:00
NOR @ CIV,Full Time,Norway,Ivory Coast,self-edge,Ibrahim Sangaré,tackles,1,-110,2026-06-30T20:05:02.929516+00:00
NOR @ CIV,Full Time,Norway,Ivory Coast,self-edge,Ibrahim Sangaré,passes,20,-110,2026-06-30T20:05:02.929516+00:00
NOR @ CIV,Full Time,Norway,Ivory Coast,self-edge,Ibrahim Sangaré,corners,2,-110,2026-06-30T20:05:02.929516+00:00
NOR @ CIV,Full Time,Norway,Ivory Coast,self-edge,Jean Michaël Seri,shots,1,-110,2026-06-30T20:05:02.929516+00:00
NOR @ CIV,Full Time,Norway,Ivory Coast,self-edge,Jean Michaël Seri,fouls,1,-110,2026-06-30T20:05:02.929516+00:00
NOR @ CIV,Full Time,Norway,Ivory Coast,self-edge,Jean Michaël Seri,tackles,1,-110,2026-06-30T20:05:02.929516+00:00
NOR @ CIV,Full Time,Norway,Ivory Coast,self-edge,Jean Michaël Seri,passes,20,-110,2026-06-30T20:05:02.929516+00:00
NOR @ CIV,Full Time,Norway,Ivory Coast,self-edge,Jean Michaël Seri,corners,2,-110,2026-06-30T20:05:02.929516+00:00
NOR @ CIV,Full Time,Norway,Ivory Coast,self-edge,Mohamed Koné,shots,1,-110,2026-06-30T20:05:02.929516+00:00
NOR @ CIV,Full Time,Norway,Ivory Coast,self-edge,Mohamed Koné,fouls,1,-110,2026-06-30T20:05:02.929516+00:00
NOR @ CIV,Full Time,Norway,Ivory Coast,self-edge,Mohamed Koné,tackles,1,-110,2026-06-30T20:05:02.929516+00:00
NOR @ CIV,Full Time,Norway,Ivory Coast,self-edge,Mohamed Koné,passes,20,-110,2026-06-30T20:05:02.929516+00:00
NOR @ CIV,Full Time,Norway,Ivory Coast,self-edge,Mohamed Koné,corners,2,-110,2026-06-30T20:05:02.929516+00:00
NOR @ CIV,Full Time,Norway,Ivory Coast,self-edge,Odilon Kossounou,shots,1,-110,2026-06-30T20:05:02.929516+00:00
NOR @ CIV,Full Time,Norway,Ivory Coast,self-edge,Odilon Kossounou,fouls,1,-110,2026-06-30T20:05:02.929516+00:00
NOR @ CIV,Full Time,Norway,Ivory Coast,self-edge,Odilon Kossounou,tackles,1,-110,2026-06-30T20:05:02.929516+00:00
NOR @ CIV,Full Time,Norway,Ivory Coast,self-edge,Odilon Kossounou,passes,20,-110,2026-06-30T20:05:02.929516+00:00
NOR @ CIV,Full Time,Norway,Ivory Coast,self-edge,Odilon Kossounou,corners,2,-110,2026-06-30T20:05:02.929516+00:00
NOR @ CIV,Full Time,Norway,Ivory Coast,self-edge,Oumar Diakité,shots,1,-110,2026-06-30T20:05:02.929516+00:00
NOR @ CIV,Full Time,Norway,Ivory Coast,self-edge,Oumar Diakité,fouls,1,-110,2026-06-30T20:05:02.929516+00:00
NOR @ CIV,Full Time,Norway,Ivory Coast,self-edge,Oumar Diakité,tackles,1,-110,2026-06-30T20:05:02.929516+00:00
NOR @ CIV,Full Time,Norway,Ivory Coast,self-edge,Oumar Diakité,passes,20,-110,2026-06-30T20:05:02.929516+00:00
NOR @ CIV,Full Time,Norway,Ivory Coast,self-edge,Oumar Diakité,corners,2,-110,2026-06-30T20:05:02.929516+00:00
NOR @ CIV,Full Time,Norway,Ivory Coast,self-edge,Ousmane Diomande,shots,1,-110,2026-06-30T20:05:02.929516+00:00
NOR @ CIV,Full Time,Norway,Ivory Coast,self-edge,Ousmane Diomande,fouls,1,-110,2026-06-30T20:05:02.929516+00:00
NOR @ CIV,Full Time,Norway,Ivory Coast,self-edge,Ousmane Diomande,tackles,1,-110,2026-06-30T20:05:02.929516+00:00
NOR @ CIV,Full Time,Norway,Ivory Coast,self-edge,Ousmane Diomande,passes,20,-110,2026-06-30T20:05:02.929516+00:00
NOR @ CIV,Full Time,Norway,Ivory Coast,self-edge,Ousmane Diomande,corners,2,-110,2026-06-30T20:05:02.929516+00:00
NOR @ CIV,Full Time,Norway,Ivory Coast,self-edge,Parfait Guiagon,shots,1,-110,2026-06-30T20:05:02.929516+00:00
NOR @ CIV,Full Time,Norway,Ivory Coast,self-edge,Parfait Guiagon,fouls,1,-110,2026-06-30T20:05:02.929516+00:00
NOR @ CIV,Full Time,Norway,Ivory Coast,self-edge,Parfait Guiagon,tackles,1,-110,2026-06-30T20:05:02.929516+00:00
NOR @ CIV,Full Time,Norway,Ivory Coast,self-edge,Parfait Guiagon,passes,20,-110,2026-06-30T20:05:02.929516+00:00
NOR @ CIV,Full Time,Norway,Ivory Coast,self-edge,Parfait Guiagon,corners,2,-110,2026-06-30T20:05:02.929516+00:00
NOR @ CIV,Full Time,Norway,Ivory Coast,self-edge,Simon Adingra,shots,1,-110,2026-06-30T20:05:02.929516+00:00
NOR @ CIV,Full Time,Norway,Ivory Coast,self-edge,Simon Adingra,fouls,1,-110,2026-06-30T20:05:02.929516+00:00
NOR @ CIV,Full Time,Norway,Ivory Coast,self-edge,Simon Adingra,tackles,1,-110,2026-06-30T20:05:02.929516+00:00
NOR @ CIV,Full Time,Norway,Ivory Coast,self-edge,Simon Adingra,passes,20,-110,2026-06-30T20:05:02.929516+00:00
NOR @ CIV,Full Time,Norway,Ivory Coast,self-edge,Simon Adingra,corners,2,-110,2026-06-30T20:05:02.929516+00:00
NOR @ CIV,Full Time,Norway,Ivory Coast,self-edge,Yahia Fofana,shots,1,-110,2026-06-30T20:05:02.929516+00:00
NOR @ CIV,Full Time,Norway,Ivory Coast,self-edge,Yahia Fofana,fouls,1,-110,2026-06-30T20:05:02.929516+00:00
NOR @ CIV,Full Time,Norway,Ivory Coast,self-edge,Yahia Fofana,tackles,1,-110,2026-06-30T20:05:02.929516+00:00
NOR @ CIV,Full Time,Norway,Ivory Coast,self-edge,Yahia Fofana,passes,20,-110,2026-06-30T20:05:02.929516+00:00
NOR @ CIV,Full Time,Norway,Ivory Coast,self-edge,Yahia Fofana,corners,2,-110,2026-06-30T20:05:02.929516+00:00
SWE @ FRA,Scheduled,Sweden,France,self-edge,Ismaël Koné,shots,1,-110,2026-06-30T20:05:02.929516+00:00
SWE @ FRA,Scheduled,Sweden,France,self-edge,Ismaël Koné,fouls,1,-110,2026-06-30T20:05:02.929516+00:00
SWE @ FRA,Scheduled,Sweden,France,self-edge,Guela Doué,fouls,2,-110,2026-06-30T20:05:02.929516+00:00
SWE @ FRA,Scheduled,Sweden,France,self-edge,Guela Doué,cards,0.5,-110,2026-06-30T20:05:02.929516+00:00
SWE @ FRA,Scheduled,Sweden,France,self-edge,Mattias Svanberg,goals,1.5,-110,2026-06-30T20:05:02.929516+00:00
SWE @ FRA,Scheduled,Sweden,France,self-edge,Mattias Svanberg,shots_on_target,1,-110,2026-06-30T20:05:02.929516+00:00
SWE @ FRA,Scheduled,Sweden,France,self-edge,Mattias Svanberg,shots,1,-110,2026-06-30T20:05:02.929516+00:00
SWE @ FRA,Scheduled,Sweden,France,self-edge,Lucas Bergvall,assists,1.5,-110,2026-06-30T20:05:02.929516+00:00
SWE @ FRA,Scheduled,Sweden,France,self-edge,Lucas Bergvall,shots,1,-110,2026-06-30T20:05:02.929516+00:00
SWE @ FRA,Scheduled,Sweden,France,self-edge,Lucas Bergvall,fouls,1,-110,2026-06-30T20:05:02.929516+00:00
SWE @ FRA,Scheduled,Sweden,France,self-edge,Isak Hien,fouls,1,-110,2026-06-30T20:05:02.929516+00:00
SWE @ FRA,Scheduled,Sweden,France,self-edge,Victor Lindelöf,shots,1,-110,2026-06-30T20:05:02.929516+00:00
SWE @ FRA,Scheduled,Sweden,France,self-edge,Victor Lindelöf,fouls,3,-110,2026-06-30T20:05:02.929516+00:00
SWE @ FRA,Scheduled,Sweden,France,self-edge,Jesper Karlström,fouls,1,-110,2026-06-30T20:05:02.929516+00:00
SWE @ FRA,Scheduled,Sweden,France,self-edge,Yasin Ayari,goals,2.5,-110,2026-06-30T20:05:02.929516+00:00
SWE @ FRA,Scheduled,Sweden,France,self-edge,Yasin Ayari,shots_on_target,3,-110,2026-06-30T20:05:02.929516+00:00
SWE @ FRA,Scheduled,Sweden,France,self-edge,Yasin Ayari,shots,3,-110,2026-06-30T20:05:02.929516+00:00
SWE @ FRA,Scheduled,Sweden,France,self-edge,Yasin Ayari,fouls,1,-110,2026-06-30T20:05:02.929516+00:00
SWE @ FRA,Scheduled,Sweden,France,self-edge,Benjamin Nygren,fouls,1,-110,2026-06-30T20:05:02.929516+00:00
SWE @ FRA,Scheduled,Sweden,France,self-edge,Gabriel Gudmundsson,fouls,3,-110,2026-06-30T20:05:02.929516+00:00
SWE @ FRA,Scheduled,Sweden,France,self-edge,Alexander Isak,goals,1.5,-110,2026-06-30T20:05:02.929516+00:00
SWE @ FRA,Scheduled,Sweden,France,self-edge,Alexander Isak,assists,2.5,-110,2026-06-30T20:05:02.929516+00:00
SWE @ FRA,Scheduled,Sweden,France,self-edge,Alexander Isak,shots_on_target,3,-110,2026-06-30T20:05:02.929516+00:00
SWE @ FRA,Scheduled,Sweden,France,self-edge,Alexander Isak,shots,4,-110,2026-06-30T20:05:02.929516+00:00
SWE @ FRA,Scheduled,Sweden,France,self-edge,Alexander Isak,fouls,1,-110,2026-06-30T20:05:02.929516+00:00
SWE @ FRA,Scheduled,Sweden,France,self-edge,Viktor Gyökeres,goals,1.5,-110,2026-06-30T20:05:02.929516+00:00
SWE @ FRA,Scheduled,Sweden,France,self-edge,Viktor Gyökeres,assists,1.5,-110,2026-06-30T20:05:02.929516+00:00
SWE @ FRA,Scheduled,Sweden,France,self-edge,Viktor Gyökeres,shots_on_target,3,-110,2026-06-30T20:05:02.929516+00:00
SWE @ FRA,Scheduled,Sweden,France,self-edge,Viktor Gyökeres,shots,6,-110,2026-06-30T20:05:02.929516+00:00
SWE @ FRA,Scheduled,Sweden,France,self-edge,Dayot Upamecano,fouls,1,-110,2026-06-30T20:05:02.929516+00:00
SWE @ FRA,Scheduled,Sweden,France,self-edge,Theo Hernández,shots,1,-110,2026-06-30T20:05:02.929516+00:00
SWE @ FRA,Scheduled,Sweden,France,self-edge,Jules Koundé,fouls,1,-110,2026-06-30T20:05:02.929516+00:00
SWE @ FRA,Scheduled,Sweden,France,self-edge,Ousmane Dembélé,shots,1,-110,2026-06-30T20:05:02.929516+00:00
SWE @ FRA,Scheduled,Sweden,France,self-edge,Adrien Rabiot,assists,0.5,-110,2026-06-30T20:05:02.929516+00:00
SWE @ FRA,Scheduled,Sweden,France,self-edge,Adrien Rabiot,fouls,1,-110,2026-06-30T20:05:02.929516+00:00
SWE @ FRA,Scheduled,Sweden,France,self-edge,Kylian Mbappé,goals,1.0,-110,2026-06-30T20:05:02.929516+00:00
SWE @ FRA,Scheduled,Sweden,France,self-edge,Kylian Mbappé,shots_on_target,2,-110,2026-06-30T20:05:02.929516+00:00
SWE @ FRA,Scheduled,Sweden,France,self-edge,Kylian Mbappé,shots,2,-110,2026-06-30T20:05:02.929516+00:00
SWE @ FRA,Scheduled,Sweden,France,self-edge,Kylian Mbappé,fouls,1,-110,2026-06-30T20:05:02.929516+00:00
SWE @ FRA,Scheduled,Sweden,France,self-edge,Désiré Doué,shots_on_target,1,-110,2026-06-30T20:05:02.929516+00:00
SWE @ FRA,Scheduled,Sweden,France,self-edge,Désiré Doué,shots,1,-110,2026-06-30T20:05:02.929516+00:00
SWE @ FRA,Scheduled,Sweden,France,self-edge,Michael Olise,assists,0.5,-110,2026-06-30T20:05:02.929516+00:00
SWE @ FRA,Scheduled,Sweden,France,self-edge,Michael Olise,shots_on_target,1,-110,2026-06-30T20:05:02.929516+00:00
SWE @ FRA,Scheduled,Sweden,France,self-edge,Michael Olise,shots,1,-110,2026-06-30T20:05:02.929516+00:00
SWE @ FRA,Scheduled,Sweden,France,self-edge,Bradley Barcola,goals,0.5,-110,2026-06-30T20:05:02.929516+00:00
SWE @ FRA,Scheduled,Sweden,France,self-edge,Bradley Barcola,shots_on_target,1,-110,2026-06-30T20:05:02.929516+00:00
SWE @ FRA,Scheduled,Sweden,France,self-edge,Bradley Barcola,shots,1,-110,2026-06-30T20:05:02.929516+00:00
SWE @ FRA,Scheduled,Sweden,France,self-edge,Alexander Bernhardsson,shots,1,-110,2026-06-30T20:05:02.929516+00:00
SWE @ FRA,Scheduled,Sweden,France,self-edge,Alexander Bernhardsson,fouls,1,-110,2026-06-30T20:05:02.929516+00:00
SWE @ FRA,Scheduled,Sweden,France,self-edge,Alexander Bernhardsson,tackles,1,-110,2026-06-30T20:05:02.929516+00:00
SWE @ FRA,Scheduled,Sweden,France,self-edge,Alexander Bernhardsson,passes,20,-110,2026-06-30T20:05:02.929516+00:00
SWE @ FRA,Scheduled,Sweden,France,self-edge,Alexander Bernhardsson,corners,2,-110,2026-06-30T20:05:02.929516+00:00
SWE @ FRA,Scheduled,Sweden,France,self-edge,Anthony Elanga,shots,1,-110,2026-06-30T20:05:02.929516+00:00
SWE @ FRA,Scheduled,Sweden,France,self-edge,Anthony Elanga,fouls,1,-110,2026-06-30T20:05:02.929516+00:00
SWE @ FRA,Scheduled,Sweden,France,self-edge,Anthony Elanga,tackles,1,-110,2026-06-30T20:05:02.929516+00:00
SWE @ FRA,Scheduled,Sweden,France,self-edge,Anthony Elanga,passes,20,-110,2026-06-30T20:05:02.929516+00:00
SWE @ FRA,Scheduled,Sweden,France,self-edge,Anthony Elanga,corners,2,-110,2026-06-30T20:05:02.929516+00:00
SWE @ FRA,Scheduled,Sweden,France,self-edge,Aurélien Tchouaméni,shots_on_target,1,-110,2026-06-30T20:05:02.929516+00:00
SWE @ FRA,Scheduled,Sweden,France,self-edge,Aurélien Tchouaméni,shots,1,-110,2026-06-30T20:05:02.929516+00:00
SWE @ FRA,Scheduled,Sweden,France,self-edge,Aurélien Tchouaméni,fouls,1,-110,2026-06-30T20:05:02.929516+00:00
SWE @ FRA,Scheduled,Sweden,France,self-edge,Aurélien Tchouaméni,tackles,1,-110,2026-06-30T20:05:02.929516+00:00
SWE @ FRA,Scheduled,Sweden,France,self-edge,Aurélien Tchouaméni,passes,30,-110,2026-06-30T20:05:02.929516+00:00
SWE @ FRA,Scheduled,Sweden,France,self-edge,Aurélien Tchouaméni,corners,3,-110,2026-06-30T20:05:02.929516+00:00
SWE @ FRA,Scheduled,Sweden,France,self-edge,Besfort Zeneli,shots,1,-110,2026-06-30T20:05:02.929516+00:00
SWE @ FRA,Scheduled,Sweden,France,self-edge,Besfort Zeneli,fouls,1,-110,2026-06-30T20:05:02.929516+00:00
SWE @ FRA,Scheduled,Sweden,France,self-edge,Besfort Zeneli,tackles,1,-110,2026-06-30T20:05:02.929516+00:00
SWE @ FRA,Scheduled,Sweden,France,self-edge,Besfort Zeneli,passes,20,-110,2026-06-30T20:05:02.929516+00:00
SWE @ FRA,Scheduled,Sweden,France,self-edge,Besfort Zeneli,corners,2,-110,2026-06-30T20:05:02.929516+00:00
SWE @ FRA,Scheduled,Sweden,France,self-edge,Brice Samba,shots_on_target,1,-110,2026-06-30T20:05:02.929516+00:00
SWE @ FRA,Scheduled,Sweden,France,self-edge,Brice Samba,shots,1,-110,2026-06-30T20:05:02.929516+00:00
SWE @ FRA,Scheduled,Sweden,France,self-edge,Brice Samba,fouls,1,-110,2026-06-30T20:05:02.929516+00:00
SWE @ FRA,Scheduled,Sweden,France,self-edge,Brice Samba,tackles,1,-110,2026-06-30T20:05:02.929516+00:00
SWE @ FRA,Scheduled,Sweden,France,self-edge,Brice Samba,passes,30,-110,2026-06-30T20:05:02.929516+00:00
SWE @ FRA,Scheduled,Sweden,France,self-edge,Brice Samba,corners,3,-110,2026-06-30T20:05:02.929516+00:00
SWE @ FRA,Scheduled,Sweden,France,self-edge,Carl Starfelt,shots,1,-110,2026-06-30T20:05:02.929516+00:00
SWE @ FRA,Scheduled,Sweden,France,self-edge,Carl Starfelt,fouls,1,-110,2026-06-30T20:05:02.929516+00:00
SWE @ FRA,Scheduled,Sweden,France,self-edge,Carl Starfelt,tackles,1,-110,2026-06-30T20:05:02.929516+00:00
SWE @ FRA,Scheduled,Sweden,France,self-edge,Carl Starfelt,passes,20,-110,2026-06-30T20:05:02.929516+00:00
SWE @ FRA,Scheduled,Sweden,France,self-edge,Carl Starfelt,corners,2,-110,2026-06-30T20:05:02.929516+00:00
SWE @ FRA,Scheduled,Sweden,France,self-edge,Daniel Svensson,shots,1,-110,2026-06-30T20:05:02.929516+00:00
SWE @ FRA,Scheduled,Sweden,France,self-edge,Daniel Svensson,fouls,1,-110,2026-06-30T20:05:02.929516+00:00
SWE @ FRA,Scheduled,Sweden,France,self-edge,Daniel Svensson,tackles,1,-110,2026-06-30T20:05:02.929516+00:00
SWE @ FRA,Scheduled,Sweden,France,self-edge,Daniel Svensson,passes,20,-110,2026-06-30T20:05:02.929516+00:00
SWE @ FRA,Scheduled,Sweden,France,self-edge,Daniel Svensson,corners,2,-110,2026-06-30T20:05:02.929516+00:00
SWE @ FRA,Scheduled,Sweden,France,self-edge,Elliot Stroud,shots,1,-110,2026-06-30T20:05:02.929516+00:00
SWE @ FRA,Scheduled,Sweden,France,self-edge,Elliot Stroud,fouls,1,-110,2026-06-30T20:05:02.929516+00:00
SWE @ FRA,Scheduled,Sweden,France,self-edge,Elliot Stroud,tackles,1,-110,2026-06-30T20:05:02.929516+00:00
SWE @ FRA,Scheduled,Sweden,France,self-edge,Elliot Stroud,passes,20,-110,2026-06-30T20:05:02.929516+00:00
SWE @ FRA,Scheduled,Sweden,France,self-edge,Elliot Stroud,corners,2,-110,2026-06-30T20:05:02.929516+00:00
SWE @ FRA,Scheduled,Sweden,France,self-edge,Eric Smith,shots,1,-110,2026-06-30T20:05:02.929516+00:00
SWE @ FRA,Scheduled,Sweden,France,self-edge,Eric Smith,fouls,1,-110,2026-06-30T20:05:02.929516+00:00
SWE @ FRA,Scheduled,Sweden,France,self-edge,Eric Smith,tackles,1,-110,2026-06-30T20:05:02.929516+00:00
SWE @ FRA,Scheduled,Sweden,France,self-edge,Eric Smith,passes,20,-110,2026-06-30T20:05:02.929516+00:00
SWE @ FRA,Scheduled,Sweden,France,self-edge,Eric Smith,corners,2,-110,2026-06-30T20:05:02.929516+00:00
SWE @ FRA,Scheduled,Sweden,France,self-edge,Gustaf Lagerbielke,shots,1,-110,2026-06-30T20:05:02.929516+00:00
SWE @ FRA,Scheduled,Sweden,France,self-edge,Gustaf Lagerbielke,fouls,1,-110,2026-06-30T20:05:02.929516+00:00
SWE @ FRA,Scheduled,Sweden,France,self-edge,Gustaf Lagerbielke,tackles,1,-110,2026-06-30T20:05:02.929516+00:00
SWE @ FRA,Scheduled,Sweden,France,self-edge,Gustaf Lagerbielke,passes,20,-110,2026-06-30T20:05:02.929516+00:00
SWE @ FRA,Scheduled,Sweden,France,self-edge,Gustaf Lagerbielke,corners,2,-110,2026-06-30T20:05:02.929516+00:00
SWE @ FRA,Scheduled,Sweden,France,self-edge,Gustaf Nilsson,shots,1,-110,2026-06-30T20:05:02.929516+00:00
SWE @ FRA,Scheduled,Sweden,France,self-edge,Gustaf Nilsson,fouls,1,-110,2026-06-30T20:05:02.929516+00:00
SWE @ FRA,Scheduled,Sweden,France,self-edge,Gustaf Nilsson,tackles,1,-110,2026-06-30T20:05:02.929516+00:00
SWE @ FRA,Scheduled,Sweden,France,self-edge,Gustaf Nilsson,passes,20,-110,2026-06-30T20:05:02.929516+00:00
SWE @ FRA,Scheduled,Sweden,France,self-edge,Gustaf Nilsson,corners,2,-110,2026-06-30T20:05:02.929516+00:00
SWE @ FRA,Scheduled,Sweden,France,self-edge,Herman Johansson,shots,1,-110,2026-06-30T20:05:02.929516+00:00
SWE @ FRA,Scheduled,Sweden,France,self-edge,Herman Johansson,fouls,1,-110,2026-06-30T20:05:02.929516+00:00
SWE @ FRA,Scheduled,Sweden,France,self-edge,Herman Johansson,tackles,1,-110,2026-06-30T20:05:02.929516+00:00
SWE @ FRA,Scheduled,Sweden,France,self-edge,Herman Johansson,passes,20,-110,2026-06-30T20:05:02.929516+00:00
SWE @ FRA,Scheduled,Sweden,France,self-edge,Herman Johansson,corners,2,-110,2026-06-30T20:05:02.929516+00:00
SWE @ FRA,Scheduled,Sweden,France,self-edge,Hjalmar Ekdal,shots,1,-110,2026-06-30T20:05:02.929516+00:00
SWE @ FRA,Scheduled,Sweden,France,self-edge,Hjalmar Ekdal,fouls,1,-110,2026-06-30T20:05:02.929516+00:00
SWE @ FRA,Scheduled,Sweden,France,self-edge,Hjalmar Ekdal,tackles,1,-110,2026-06-30T20:05:02.929516+00:00
SWE @ FRA,Scheduled,Sweden,France,self-edge,Hjalmar Ekdal,passes,20,-110,2026-06-30T20:05:02.929516+00:00
SWE @ FRA,Scheduled,Sweden,France,self-edge,Hjalmar Ekdal,corners,2,-110,2026-06-30T20:05:02.929516+00:00
SWE @ FRA,Scheduled,Sweden,France,self-edge,Ibrahima Konaté,shots_on_target,1,-110,2026-06-30T20:05:02.929516+00:00
SWE @ FRA,Scheduled,Sweden,France,self-edge,Ibrahima Konaté,shots,1,-110,2026-06-30T20:05:02.929516+00:00
SWE @ FRA,Scheduled,Sweden,France,self-edge,Ibrahima Konaté,fouls,1,-110,2026-06-30T20:05:02.929516+00:00
SWE @ FRA,Scheduled,Sweden,France,self-edge,Ibrahima Konaté,tackles,1,-110,2026-06-30T20:05:02.929516+00:00
SWE @ FRA,Scheduled,Sweden,France,self-edge,Ibrahima Konaté,passes,30,-110,2026-06-30T20:05:02.929516+00:00
SWE @ FRA,Scheduled,Sweden,France,self-edge,Ibrahima Konaté,corners,3,-110,2026-06-30T20:05:02.929516+00:00
SWE @ FRA,Scheduled,Sweden,France,self-edge,Jacob Widell Zetterström,shots,1,-110,2026-06-30T20:05:02.929516+00:00
SWE @ FRA,Scheduled,Sweden,France,self-edge,Jacob Widell Zetterström,fouls,1,-110,2026-06-30T20:05:02.929516+00:00
SWE @ FRA,Scheduled,Sweden,France,self-edge,Jacob Widell Zetterström,tackles,1,-110,2026-06-30T20:05:02.929516+00:00
SWE @ FRA,Scheduled,Sweden,France,self-edge,Jacob Widell Zetterström,passes,20,-110,2026-06-30T20:05:02.929516+00:00
SWE @ FRA,Scheduled,Sweden,France,self-edge,Jacob Widell Zetterström,corners,2,-110,2026-06-30T20:05:02.929516+00:00
SWE @ FRA,Scheduled,Sweden,France,self-edge,Jean-Philippe Mateta,shots_on_target,1,-110,2026-06-30T20:05:02.929516+00:00
SWE @ FRA,Scheduled,Sweden,France,self-edge,Jean-Philippe Mateta,shots,1,-110,2026-06-30T20:05:02.929516+00:00
SWE @ FRA,Scheduled,Sweden,France,self-edge,Jean-Philippe Mateta,fouls,1,-110,2026-06-30T20:05:02.929516+00:00
SWE @ FRA,Scheduled,Sweden,France,self-edge,Jean-Philippe Mateta,tackles,1,-110,2026-06-30T20:05:02.929516+00:00
SWE @ FRA,Scheduled,Sweden,France,self-edge,Jean-Philippe Mateta,passes,30,-110,2026-06-30T20:05:02.929516+00:00
SWE @ FRA,Scheduled,Sweden,France,self-edge,Jean-Philippe Mateta,corners,3,-110,2026-06-30T20:05:02.929516+00:00
SWE @ FRA,Scheduled,Sweden,France,self-edge,Ken Sema,shots,1,-110,2026-06-30T20:05:02.929516+00:00
SWE @ FRA,Scheduled,Sweden,France,self-edge,Ken Sema,fouls,1,-110,2026-06-30T20:05:02.929516+00:00
SWE @ FRA,Scheduled,Sweden,France,self-edge,Ken Sema,tackles,1,-110,2026-06-30T20:05:02.929516+00:00
SWE @ FRA,Scheduled,Sweden,France,self-edge,Ken Sema,passes,20,-110,2026-06-30T20:05:02.929516+00:00
SWE @ FRA,Scheduled,Sweden,France,self-edge,Ken Sema,corners,2,-110,2026-06-30T20:05:02.929516+00:00
SWE @ FRA,Scheduled,Sweden,France,self-edge,Kristoffer Nordfeldt,shots,1,-110,2026-06-30T20:05:02.929516+00:00
SWE @ FRA,Scheduled,Sweden,France,self-edge,Kristoffer Nordfeldt,fouls,1,-110,2026-06-30T20:05:02.929516+00:00
SWE @ FRA,Scheduled,Sweden,France,self-edge,Kristoffer Nordfeldt,tackles,1,-110,2026-06-30T20:05:02.929516+00:00
SWE @ FRA,Scheduled,Sweden,France,self-edge,Kristoffer Nordfeldt,passes,20,-110,2026-06-30T20:05:02.929516+00:00
SWE @ FRA,Scheduled,Sweden,France,self-edge,Kristoffer Nordfeldt,corners,2,-110,2026-06-30T20:05:02.929516+00:00
SWE @ FRA,Scheduled,Sweden,France,self-edge,Lucas Digne,shots_on_target,1,-110,2026-06-30T20:05:02.929516+00:00
SWE @ FRA,Scheduled,Sweden,France,self-edge,Lucas Digne,shots,1,-110,2026-06-30T20:05:02.929516+00:00
SWE @ FRA,Scheduled,Sweden,France,self-edge,Lucas Digne,fouls,1,-110,2026-06-30T20:05:02.929516+00:00
SWE @ FRA,Scheduled,Sweden,France,self-edge,Lucas Digne,tackles,1,-110,2026-06-30T20:05:02.929516+00:00
SWE @ FRA,Scheduled,Sweden,France,self-edge,Lucas Digne,passes,30,-110,2026-06-30T20:05:02.929516+00:00
SWE @ FRA,Scheduled,Sweden,France,self-edge,Lucas Digne,corners,3,-110,2026-06-30T20:05:02.929516+00:00
SWE @ FRA,Scheduled,Sweden,France,self-edge,Lucas Hernández,shots_on_target,1,-110,2026-06-30T20:05:02.929516+00:00
SWE @ FRA,Scheduled,Sweden,France,self-edge,Lucas Hernández,shots,1,-110,2026-06-30T20:05:02.929516+00:00
SWE @ FRA,Scheduled,Sweden,France,self-edge,Lucas Hernández,fouls,1,-110,2026-06-30T20:05:02.929516+00:00
SWE @ FRA,Scheduled,Sweden,France,self-edge,Lucas Hernández,tackles,1,-110,2026-06-30T20:05:02.929516+00:00
SWE @ FRA,Scheduled,Sweden,France,self-edge,Lucas Hernández,passes,30,-110,2026-06-30T20:05:02.929516+00:00
SWE @ FRA,Scheduled,Sweden,France,self-edge,Lucas Hernández,corners,3,-110,2026-06-30T20:05:02.929516+00:00
SWE @ FRA,Scheduled,Sweden,France,self-edge,Maghnes Akliouche,shots_on_target,1,-110,2026-06-30T20:05:02.929516+00:00
SWE @ FRA,Scheduled,Sweden,France,self-edge,Maghnes Akliouche,shots,1,-110,2026-06-30T20:05:02.929516+00:00
SWE @ FRA,Scheduled,Sweden,France,self-edge,Maghnes Akliouche,fouls,1,-110,2026-06-30T20:05:02.929516+00:00
SWE @ FRA,Scheduled,Sweden,France,self-edge,Maghnes Akliouche,tackles,1,-110,2026-06-30T20:05:02.929516+00:00
SWE @ FRA,Scheduled,Sweden,France,self-edge,Maghnes Akliouche,passes,30,-110,2026-06-30T20:05:02.929516+00:00
SWE @ FRA,Scheduled,Sweden,France,self-edge,Maghnes Akliouche,corners,3,-110,2026-06-30T20:05:02.929516+00:00
SWE @ FRA,Scheduled,Sweden,France,self-edge,Malo Gusto,shots_on_target,1,-110,2026-06-30T20:05:02.929516+00:00
SWE @ FRA,Scheduled,Sweden,France,self-edge,Malo Gusto,shots,1,-110,2026-06-30T20:05:02.929516+00:00
SWE @ FRA,Scheduled,Sweden,France,self-edge,Malo Gusto,fouls,1,-110,2026-06-30T20:05:02.929516+00:00
SWE @ FRA,Scheduled,Sweden,France,self-edge,Malo Gusto,tackles,1,-110,2026-06-30T20:05:02.929516+00:00
SWE @ FRA,Scheduled,Sweden,France,self-edge,Malo Gusto,passes,30,-110,2026-06-30T20:05:02.929516+00:00
SWE @ FRA,Scheduled,Sweden,France,self-edge,Malo Gusto,corners,3,-110,2026-06-30T20:05:02.929516+00:00
SWE @ FRA,Scheduled,Sweden,France,self-edge,Manu Koné,shots_on_target,1,-110,2026-06-30T20:05:02.929516+00:00
SWE @ FRA,Scheduled,Sweden,France,self-edge,Manu Koné,shots,1,-110,2026-06-30T20:05:02.929516+00:00
SWE @ FRA,Scheduled,Sweden,France,self-edge,Manu Koné,fouls,1,-110,2026-06-30T20:05:02.929516+00:00
SWE @ FRA,Scheduled,Sweden,France,self-edge,Manu Koné,tackles,1,-110,2026-06-30T20:05:02.929516+00:00
SWE @ FRA,Scheduled,Sweden,France,self-edge,Manu Koné,passes,30,-110,2026-06-30T20:05:02.929516+00:00
SWE @ FRA,Scheduled,Sweden,France,self-edge,Manu Koné,corners,3,-110,2026-06-30T20:05:02.929516+00:00
SWE @ FRA,Scheduled,Sweden,France,self-edge,Marcus Thuram,shots_on_target,1,-110,2026-06-30T20:05:02.929516+00:00
SWE @ FRA,Scheduled,Sweden,France,self-edge,Marcus Thuram,shots,1,-110,2026-06-30T20:05:02.929516+00:00
SWE @ FRA,Scheduled,Sweden,France,self-edge,Marcus Thuram,fouls,1,-110,2026-06-30T20:05:02.929516+00:00
SWE @ FRA,Scheduled,Sweden,France,self-edge,Marcus Thuram,tackles,1,-110,2026-06-30T20:05:02.929516+00:00
SWE @ FRA,Scheduled,Sweden,France,self-edge,Marcus Thuram,passes,30,-110,2026-06-30T20:05:02.929516+00:00
SWE @ FRA,Scheduled,Sweden,France,self-edge,Marcus Thuram,corners,3,-110,2026-06-30T20:05:02.929516+00:00
SWE @ FRA,Scheduled,Sweden,France,self-edge,Maxence Lacroix,shots_on_target,1,-110,2026-06-30T20:05:02.929516+00:00
SWE @ FRA,Scheduled,Sweden,France,self-edge,Maxence Lacroix,shots,1,-110,2026-06-30T20:05:02.929516+00:00
SWE @ FRA,Scheduled,Sweden,France,self-edge,Maxence Lacroix,fouls,1,-110,2026-06-30T20:05:02.929516+00:00
SWE @ FRA,Scheduled,Sweden,France,self-edge,Maxence Lacroix,tackles,1,-110,2026-06-30T20:05:02.929516+00:00
SWE @ FRA,Scheduled,Sweden,France,self-edge,Maxence Lacroix,passes,30,-110,2026-06-30T20:05:02.929516+00:00
SWE @ FRA,Scheduled,Sweden,France,self-edge,Maxence Lacroix,corners,3,-110,2026-06-30T20:05:02.929516+00:00
SWE @ FRA,Scheduled,Sweden,France,self-edge,Mike Maignan,shots_on_target,1,-110,2026-06-30T20:05:02.929516+00:00
SWE @ FRA,Scheduled,Sweden,France,self-edge,Mike Maignan,shots,1,-110,2026-06-30T20:05:02.929516+00:00
SWE @ FRA,Scheduled,Sweden,France,self-edge,Mike Maignan,fouls,1,-110,2026-06-30T20:05:02.929516+00:00
SWE @ FRA,Scheduled,Sweden,France,self-edge,Mike Maignan,tackles,1,-110,2026-06-30T20:05:02.929516+00:00
SWE @ FRA,Scheduled,Sweden,France,self-edge,Mike Maignan,passes,30,-110,2026-06-30T20:05:02.929516+00:00
SWE @ FRA,Scheduled,Sweden,France,self-edge,Mike Maignan,corners,3,-110,2026-06-30T20:05:02.929516+00:00
SWE @ FRA,Scheduled,Sweden,France,self-edge,N'Golo Kanté,shots_on_target,1,-110,2026-06-30T20:05:02.929516+00:00
SWE @ FRA,Scheduled,Sweden,France,self-edge,N'Golo Kanté,shots,1,-110,2026-06-30T20:05:02.929516+00:00
SWE @ FRA,Scheduled,Sweden,France,self-edge,N'Golo Kanté,fouls,1,-110,2026-06-30T20:05:02.929516+00:00
SWE @ FRA,Scheduled,Sweden,France,self-edge,N'Golo Kanté,tackles,1,-110,2026-06-30T20:05:02.929516+00:00
SWE @ FRA,Scheduled,Sweden,France,self-edge,N'Golo Kanté,passes,30,-110,2026-06-30T20:05:02.929516+00:00
SWE @ FRA,Scheduled,Sweden,France,self-edge,N'Golo Kanté,corners,3,-110,2026-06-30T20:05:02.929516+00:00
SWE @ FRA,Scheduled,Sweden,France,self-edge,Rayan Cherki,shots_on_target,1,-110,2026-06-30T20:05:02.929516+00:00
SWE @ FRA,Scheduled,Sweden,France,self-edge,Rayan Cherki,shots,1,-110,2026-06-30T20:05:02.929516+00:00
SWE @ FRA,Scheduled,Sweden,France,self-edge,Rayan Cherki,fouls,1,-110,2026-06-30T20:05:02.929516+00:00
SWE @ FRA,Scheduled,Sweden,France,self-edge,Rayan Cherki,tackles,1,-110,2026-06-30T20:05:02.929516+00:00
SWE @ FRA,Scheduled,Sweden,France,self-edge,Rayan Cherki,passes,30,-110,2026-06-30T20:05:02.929516+00:00
SWE @ FRA,Scheduled,Sweden,France,self-edge,Rayan Cherki,corners,3,-110,2026-06-30T20:05:02.929516+00:00
SWE @ FRA,Scheduled,Sweden,France,self-edge,Robin Risser,shots_on_target,1,-110,2026-06-30T20:05:02.929516+00:00
SWE @ FRA,Scheduled,Sweden,France,self-edge,Robin Risser,shots,1,-110,2026-06-30T20:05:02.929516+00:00
SWE @ FRA,Scheduled,Sweden,France,self-edge,Robin Risser,fouls,1,-110,2026-06-30T20:05:02.929516+00:00
SWE @ FRA,Scheduled,Sweden,France,self-edge,Robin Risser,tackles,1,-110,2026-06-30T20:05:02.929516+00:00
SWE @ FRA,Scheduled,Sweden,France,self-edge,Robin Risser,passes,30,-110,2026-06-30T20:05:02.929516+00:00
SWE @ FRA,Scheduled,Sweden,France,self-edge,Robin Risser,corners,3,-110,2026-06-30T20:05:02.929516+00:00
SWE @ FRA,Scheduled,Sweden,France,self-edge,Taha Ali,shots,1,-110,2026-06-30T20:05:02.929516+00:00
SWE @ FRA,Scheduled,Sweden,France,self-edge,Taha Ali,fouls,1,-110,2026-06-30T20:05:02.929516+00:00
SWE @ FRA,Scheduled,Sweden,France,self-edge,Taha Ali,tackles,1,-110,2026-06-30T20:05:02.929516+00:00
SWE @ FRA,Scheduled,Sweden,France,self-edge,Taha Ali,passes,20,-110,2026-06-30T20:05:02.929516+00:00
SWE @ FRA,Scheduled,Sweden,France,self-edge,Taha Ali,corners,2,-110,2026-06-30T20:05:02.929516+00:00
SWE @ FRA,Scheduled,Sweden,France,self-edge,Viktor Johansson,shots,1,-110,2026-06-30T20:05:02.929516+00:00
SWE @ FRA,Scheduled,Sweden,France,self-edge,Viktor Johansson,fouls,1,-110,2026-06-30T20:05:02.929516+00:00
SWE @ FRA,Scheduled,Sweden,France,self-edge,Viktor Johansson,tackles,1,-110,2026-06-30T20:05:02.929516+00:00
SWE @ FRA,Scheduled,Sweden,France,self-edge,Viktor Johansson,passes,20,-110,2026-06-30T20:05:02.929516+00:00
SWE @ FRA,Scheduled,Sweden,France,self-edge,Viktor Johansson,corners,2,-110,2026-06-30T20:05:02.929516+00:00
SWE @ FRA,Scheduled,Sweden,France,self-edge,Warren Zaïre-Emery,shots_on_target,1,-110,2026-06-30T20:05:02.929516+00:00
SWE @ FRA,Scheduled,Sweden,France,self-edge,Warren Zaïre-Emery,shots,1,-110,2026-06-30T20:05:02.929516+00:00
SWE @ FRA,Scheduled,Sweden,France,self-edge,Warren Zaïre-Emery,fouls,1,-110,2026-06-30T20:05:02.929516+00:00
SWE @ FRA,Scheduled,Sweden,France,self-edge,Warren Zaïre-Emery,tackles,1,-110,2026-06-30T20:05:02.929516+00:00
SWE @ FRA,Scheduled,Sweden,France,self-edge,Warren Zaïre-Emery,passes,30,-110,2026-06-30T20:05:02.929516+00:00
SWE @ FRA,Scheduled,Sweden,France,self-edge,Warren Zaïre-Emery,corners,3,-110,2026-06-30T20:05:02.929516+00:00
SWE @ FRA,Scheduled,Sweden,France,self-edge,William Saliba,shots_on_target,1,-110,2026-06-30T20:05:02.929516+00:00
SWE @ FRA,Scheduled,Sweden,France,self-edge,William Saliba,shots,1,-110,2026-06-30T20:05:02.929516+00:00
SWE @ FRA,Scheduled,Sweden,France,self-edge,William Saliba,fouls,1,-110,2026-06-30T20:05:02.929516+00:00
SWE @ FRA,Scheduled,Sweden,France,self-edge,William Saliba,tackles,1,-110,2026-06-30T20:05:02.929516+00:00
SWE @ FRA,Scheduled,Sweden,France,self-edge,William Saliba,passes,30,-110,2026-06-30T20:05:02.929516+00:00
SWE @ FRA,Scheduled,Sweden,France,self-edge,William Saliba,corners,3,-110,2026-06-30T20:05:02.929516+00:00
ECU @ MEX,Scheduled,Ecuador,Mexico,self-edge,César Montes,fouls,1,-110,2026-06-30T20:05:02.929516+00:00
ECU @ MEX,Scheduled,Ecuador,Mexico,self-edge,César Montes,cards,0.5,-110,2026-06-30T20:05:02.929516+00:00
ECU @ MEX,Scheduled,Ecuador,Mexico,self-edge,Érik Lira,assists,0.5,-110,2026-06-30T20:05:02.929516+00:00
ECU @ MEX,Scheduled,Ecuador,Mexico,self-edge,Jesús Gallardo,shots,1,-110,2026-06-30T20:05:02.929516+00:00
ECU @ MEX,Scheduled,Ecuador,Mexico,self-edge,Jesús Gallardo,fouls,1,-110,2026-06-30T20:05:02.929516+00:00
ECU @ MEX,Scheduled,Ecuador,Mexico,self-edge,Israel Reyes,shots,1,-110,2026-06-30T20:05:02.929516+00:00
ECU @ MEX,Scheduled,Ecuador,Mexico,self-edge,Brian Gutiérrez,shots,3,-110,2026-06-30T20:05:02.929516+00:00
ECU @ MEX,Scheduled,Ecuador,Mexico,self-edge,Brian Gutiérrez,fouls,1,-110,2026-06-30T20:05:02.929516+00:00
ECU @ MEX,Scheduled,Ecuador,Mexico,self-edge,Brian Gutiérrez,cards,0.5,-110,2026-06-30T20:05:02.929516+00:00
ECU @ MEX,Scheduled,Ecuador,Mexico,self-edge,Julián Quiñones,goals,0.5,-110,2026-06-30T20:05:02.929516+00:00
ECU @ MEX,Scheduled,Ecuador,Mexico,self-edge,Julián Quiñones,shots_on_target,1,-110,2026-06-30T20:05:02.929516+00:00
ECU @ MEX,Scheduled,Ecuador,Mexico,self-edge,Julián Quiñones,shots,4,-110,2026-06-30T20:05:02.929516+00:00
ECU @ MEX,Scheduled,Ecuador,Mexico,self-edge,Julián Quiñones,fouls,1,-110,2026-06-30T20:05:02.929516+00:00
ECU @ MEX,Scheduled,Ecuador,Mexico,self-edge,Roberto Alvarado,assists,0.5,-110,2026-06-30T20:05:02.929516+00:00
ECU @ MEX,Scheduled,Ecuador,Mexico,self-edge,Roberto Alvarado,fouls,1,-110,2026-06-30T20:05:02.929516+00:00
ECU @ MEX,Scheduled,Ecuador,Mexico,self-edge,Raúl Jiménez,goals,0.5,-110,2026-06-30T20:05:02.929516+00:00
ECU @ MEX,Scheduled,Ecuador,Mexico,self-edge,Raúl Jiménez,shots_on_target,1,-110,2026-06-30T20:05:02.929516+00:00
ECU @ MEX,Scheduled,Ecuador,Mexico,self-edge,Raúl Jiménez,shots,3,-110,2026-06-30T20:05:02.929516+00:00
ECU @ MEX,Scheduled,Ecuador,Mexico,self-edge,Raúl Jiménez,fouls,1,-110,2026-06-30T20:05:02.929516+00:00
ECU @ MEX,Scheduled,Ecuador,Mexico,self-edge,Luis Chávez,fouls,1,-110,2026-06-30T20:05:02.929516+00:00
ECU @ MEX,Scheduled,Ecuador,Mexico,self-edge,Armando González,fouls,1,-110,2026-06-30T20:05:02.929516+00:00
ECU @ MEX,Scheduled,Ecuador,Mexico,self-edge,Gilberto Mora,fouls,1,-110,2026-06-30T20:05:02.929516+00:00
ECU @ MEX,Scheduled,Ecuador,Mexico,self-edge,Ricardo Rodríguez,fouls,1,-110,2026-06-30T20:05:02.929516+00:00
ECU @ MEX,Scheduled,Ecuador,Mexico,self-edge,Rubén Vargas,shots_on_target,1,-110,2026-06-30T20:05:02.929516+00:00
ECU @ MEX,Scheduled,Ecuador,Mexico,self-edge,Rubén Vargas,shots,2,-110,2026-06-30T20:05:02.929516+00:00
ECU @ MEX,Scheduled,Ecuador,Mexico,self-edge,Rubén Vargas,fouls,1,-110,2026-06-30T20:05:02.929516+00:00
ECU @ MEX,Scheduled,Ecuador,Mexico,self-edge,Willian Pacho,fouls,1,-110,2026-06-30T20:05:02.929516+00:00
ECU @ MEX,Scheduled,Ecuador,Mexico,self-edge,Joel Ordóñez,shots,2,-110,2026-06-30T20:05:02.929516+00:00
ECU @ MEX,Scheduled,Ecuador,Mexico,self-edge,Piero Hincapié,shots,1,-110,2026-06-30T20:05:02.929516+00:00
ECU @ MEX,Scheduled,Ecuador,Mexico,self-edge,Alan Franco,fouls,3,-110,2026-06-30T20:05:02.929516+00:00
ECU @ MEX,Scheduled,Ecuador,Mexico,self-edge,Pedro Vite,shots,1,-110,2026-06-30T20:05:02.929516+00:00
ECU @ MEX,Scheduled,Ecuador,Mexico,self-edge,Moisés Caicedo,shots,1,-110,2026-06-30T20:05:02.929516+00:00
ECU @ MEX,Scheduled,Ecuador,Mexico,self-edge,Moisés Caicedo,fouls,3,-110,2026-06-30T20:05:02.929516+00:00
ECU @ MEX,Scheduled,Ecuador,Mexico,self-edge,Alan Minda,shots,2,-110,2026-06-30T20:05:02.929516+00:00
ECU @ MEX,Scheduled,Ecuador,Mexico,self-edge,John Yeboah,shots,3,-110,2026-06-30T20:05:02.929516+00:00
ECU @ MEX,Scheduled,Ecuador,Mexico,self-edge,Enner Valencia,shots,1,-110,2026-06-30T20:05:02.929516+00:00
ECU @ MEX,Scheduled,Ecuador,Mexico,self-edge,Enner Valencia,fouls,2,-110,2026-06-30T20:05:02.929516+00:00
ECU @ MEX,Scheduled,Ecuador,Mexico,self-edge,Gonzalo Plata,shots_on_target,1,-110,2026-06-30T20:05:02.929516+00:00
ECU @ MEX,Scheduled,Ecuador,Mexico,self-edge,Gonzalo Plata,shots,1,-110,2026-06-30T20:05:02.929516+00:00
ECU @ MEX,Scheduled,Ecuador,Mexico,self-edge,Gonzalo Plata,fouls,1,-110,2026-06-30T20:05:02.929516+00:00
ECU @ MEX,Scheduled,Ecuador,Mexico,self-edge,Nilson Angulo,fouls,1,-110,2026-06-30T20:05:02.929516+00:00
ECU @ MEX,Scheduled,Ecuador,Mexico,self-edge,Jackson Porozo,fouls,2,-110,2026-06-30T20:05:02.929516+00:00
ECU @ MEX,Scheduled,Ecuador,Mexico,self-edge,Jackson Porozo,cards,1.0,-110,2026-06-30T20:05:02.929516+00:00
ECU @ MEX,Scheduled,Ecuador,Mexico,self-edge,Ferran Torres,shots_on_target,1,-110,2026-06-30T20:05:02.929516+00:00
ECU @ MEX,Scheduled,Ecuador,Mexico,self-edge,Ferran Torres,shots,3,-110,2026-06-30T20:05:02.929516+00:00
ECU @ MEX,Scheduled,Ecuador,Mexico,self-edge,Ferran Torres,fouls,1,-110,2026-06-30T20:05:02.929516+00:00
ECU @ MEX,Scheduled,Ecuador,Mexico,self-edge,Brian Rodríguez,shots_on_target,1,-110,2026-06-30T20:05:02.929516+00:00
ECU @ MEX,Scheduled,Ecuador,Mexico,self-edge,Brian Rodríguez,shots,1,-110,2026-06-30T20:05:02.929516+00:00
ECU @ MEX,Scheduled,Ecuador,Mexico,self-edge,Alexis Vega,shots,1,-110,2026-06-30T20:05:02.929516+00:00
ECU @ MEX,Scheduled,Ecuador,Mexico,self-edge,Alexis Vega,fouls,1,-110,2026-06-30T20:05:02.929516+00:00
ECU @ MEX,Scheduled,Ecuador,Mexico,self-edge,Alexis Vega,tackles,1,-110,2026-06-30T20:05:02.929516+00:00
ECU @ MEX,Scheduled,Ecuador,Mexico,self-edge,Alexis Vega,passes,20,-110,2026-06-30T20:05:02.929516+00:00
ECU @ MEX,Scheduled,Ecuador,Mexico,self-edge,Alexis Vega,corners,2,-110,2026-06-30T20:05:02.929516+00:00
ECU @ MEX,Scheduled,Ecuador,Mexico,self-edge,Anthony Valencia,shots,1,-110,2026-06-30T20:05:02.929516+00:00
ECU @ MEX,Scheduled,Ecuador,Mexico,self-edge,Anthony Valencia,fouls,1,-110,2026-06-30T20:05:02.929516+00:00
ECU @ MEX,Scheduled,Ecuador,Mexico,self-edge,Anthony Valencia,tackles,1,-110,2026-06-30T20:05:02.929516+00:00
ECU @ MEX,Scheduled,Ecuador,Mexico,self-edge,Anthony Valencia,passes,20,-110,2026-06-30T20:05:02.929516+00:00
ECU @ MEX,Scheduled,Ecuador,Mexico,self-edge,Anthony Valencia,corners,2,-110,2026-06-30T20:05:02.929516+00:00
ECU @ MEX,Scheduled,Ecuador,Mexico,self-edge,Carlos Acevedo,shots,1,-110,2026-06-30T20:05:02.929516+00:00
ECU @ MEX,Scheduled,Ecuador,Mexico,self-edge,Carlos Acevedo,fouls,1,-110,2026-06-30T20:05:02.929516+00:00
ECU @ MEX,Scheduled,Ecuador,Mexico,self-edge,Carlos Acevedo,tackles,1,-110,2026-06-30T20:05:02.929516+00:00
ECU @ MEX,Scheduled,Ecuador,Mexico,self-edge,Carlos Acevedo,passes,20,-110,2026-06-30T20:05:02.929516+00:00
ECU @ MEX,Scheduled,Ecuador,Mexico,self-edge,Carlos Acevedo,corners,2,-110,2026-06-30T20:05:02.929516+00:00
ECU @ MEX,Scheduled,Ecuador,Mexico,self-edge,César Huerta,shots,1,-110,2026-06-30T20:05:02.929516+00:00
ECU @ MEX,Scheduled,Ecuador,Mexico,self-edge,César Huerta,fouls,1,-110,2026-06-30T20:05:02.929516+00:00
ECU @ MEX,Scheduled,Ecuador,Mexico,self-edge,César Huerta,tackles,1,-110,2026-06-30T20:05:02.929516+00:00
ECU @ MEX,Scheduled,Ecuador,Mexico,self-edge,César Huerta,passes,20,-110,2026-06-30T20:05:02.929516+00:00
ECU @ MEX,Scheduled,Ecuador,Mexico,self-edge,César Huerta,corners,2,-110,2026-06-30T20:05:02.929516+00:00
ECU @ MEX,Scheduled,Ecuador,Mexico,self-edge,Denil Castillo,shots,1,-110,2026-06-30T20:05:02.929516+00:00
ECU @ MEX,Scheduled,Ecuador,Mexico,self-edge,Denil Castillo,fouls,1,-110,2026-06-30T20:05:02.929516+00:00
ECU @ MEX,Scheduled,Ecuador,Mexico,self-edge,Denil Castillo,tackles,1,-110,2026-06-30T20:05:02.929516+00:00
ECU @ MEX,Scheduled,Ecuador,Mexico,self-edge,Denil Castillo,passes,20,-110,2026-06-30T20:05:02.929516+00:00
ECU @ MEX,Scheduled,Ecuador,Mexico,self-edge,Denil Castillo,corners,2,-110,2026-06-30T20:05:02.929516+00:00
ECU @ MEX,Scheduled,Ecuador,Mexico,self-edge,Edson Álvarez,shots,1,-110,2026-06-30T20:05:02.929516+00:00
ECU @ MEX,Scheduled,Ecuador,Mexico,self-edge,Edson Álvarez,fouls,1,-110,2026-06-30T20:05:02.929516+00:00
ECU @ MEX,Scheduled,Ecuador,Mexico,self-edge,Edson Álvarez,tackles,1,-110,2026-06-30T20:05:02.929516+00:00
ECU @ MEX,Scheduled,Ecuador,Mexico,self-edge,Edson Álvarez,passes,20,-110,2026-06-30T20:05:02.929516+00:00
ECU @ MEX,Scheduled,Ecuador,Mexico,self-edge,Edson Álvarez,corners,2,-110,2026-06-30T20:05:02.929516+00:00
ECU @ MEX,Scheduled,Ecuador,Mexico,self-edge,Félix Torres,shots,1,-110,2026-06-30T20:05:02.929516+00:00
ECU @ MEX,Scheduled,Ecuador,Mexico,self-edge,Félix Torres,fouls,1,-110,2026-06-30T20:05:02.929516+00:00
ECU @ MEX,Scheduled,Ecuador,Mexico,self-edge,Félix Torres,tackles,1,-110,2026-06-30T20:05:02.929516+00:00
ECU @ MEX,Scheduled,Ecuador,Mexico,self-edge,Félix Torres,passes,20,-110,2026-06-30T20:05:02.929516+00:00
ECU @ MEX,Scheduled,Ecuador,Mexico,self-edge,Félix Torres,corners,2,-110,2026-06-30T20:05:02.929516+00:00
ECU @ MEX,Scheduled,Ecuador,Mexico,self-edge,Gonzalo Valle,shots,1,-110,2026-06-30T20:05:02.929516+00:00
ECU @ MEX,Scheduled,Ecuador,Mexico,self-edge,Gonzalo Valle,fouls,1,-110,2026-06-30T20:05:02.929516+00:00
ECU @ MEX,Scheduled,Ecuador,Mexico,self-edge,Gonzalo Valle,tackles,1,-110,2026-06-30T20:05:02.929516+00:00
ECU @ MEX,Scheduled,Ecuador,Mexico,self-edge,Gonzalo Valle,passes,20,-110,2026-06-30T20:05:02.929516+00:00
ECU @ MEX,Scheduled,Ecuador,Mexico,self-edge,Gonzalo Valle,corners,2,-110,2026-06-30T20:05:02.929516+00:00
ECU @ MEX,Scheduled,Ecuador,Mexico,self-edge,Guillermo Martínez,shots,1,-110,2026-06-30T20:05:02.929516+00:00
ECU @ MEX,Scheduled,Ecuador,Mexico,self-edge,Guillermo Martínez,fouls,1,-110,2026-06-30T20:05:02.929516+00:00
ECU @ MEX,Scheduled,Ecuador,Mexico,self-edge,Guillermo Martínez,tackles,1,-110,2026-06-30T20:05:02.929516+00:00
ECU @ MEX,Scheduled,Ecuador,Mexico,self-edge,Guillermo Martínez,passes,20,-110,2026-06-30T20:05:02.929516+00:00
ECU @ MEX,Scheduled,Ecuador,Mexico,self-edge,Guillermo Martínez,corners,2,-110,2026-06-30T20:05:02.929516+00:00
ECU @ MEX,Scheduled,Ecuador,Mexico,self-edge,Guillermo Ochoa,shots,1,-110,2026-06-30T20:05:02.929516+00:00
ECU @ MEX,Scheduled,Ecuador,Mexico,self-edge,Guillermo Ochoa,fouls,1,-110,2026-06-30T20:05:02.929516+00:00
ECU @ MEX,Scheduled,Ecuador,Mexico,self-edge,Guillermo Ochoa,tackles,1,-110,2026-06-30T20:05:02.929516+00:00
ECU @ MEX,Scheduled,Ecuador,Mexico,self-edge,Guillermo Ochoa,passes,20,-110,2026-06-30T20:05:02.929516+00:00
ECU @ MEX,Scheduled,Ecuador,Mexico,self-edge,Guillermo Ochoa,corners,2,-110,2026-06-30T20:05:02.929516+00:00
ECU @ MEX,Scheduled,Ecuador,Mexico,self-edge,Hernán Galíndez,shots,1,-110,2026-06-30T20:05:02.929516+00:00
ECU @ MEX,Scheduled,Ecuador,Mexico,self-edge,Hernán Galíndez,fouls,1,-110,2026-06-30T20:05:02.929516+00:00
ECU @ MEX,Scheduled,Ecuador,Mexico,self-edge,Hernán Galíndez,tackles,1,-110,2026-06-30T20:05:02.929516+00:00
ECU @ MEX,Scheduled,Ecuador,Mexico,self-edge,Hernán Galíndez,passes,20,-110,2026-06-30T20:05:02.929516+00:00
ECU @ MEX,Scheduled,Ecuador,Mexico,self-edge,Hernán Galíndez,corners,2,-110,2026-06-30T20:05:02.929516+00:00
ECU @ MEX,Scheduled,Ecuador,Mexico,self-edge,Jeremy Arévalo,shots,1,-110,2026-06-30T20:05:02.929516+00:00
ECU @ MEX,Scheduled,Ecuador,Mexico,self-edge,Jeremy Arévalo,fouls,1,-110,2026-06-30T20:05:02.929516+00:00
ECU @ MEX,Scheduled,Ecuador,Mexico,self-edge,Jeremy Arévalo,tackles,1,-110,2026-06-30T20:05:02.929516+00:00
ECU @ MEX,Scheduled,Ecuador,Mexico,self-edge,Jeremy Arévalo,passes,20,-110,2026-06-30T20:05:02.929516+00:00
ECU @ MEX,Scheduled,Ecuador,Mexico,self-edge,Jeremy Arévalo,corners,2,-110,2026-06-30T20:05:02.929516+00:00
ECU @ MEX,Scheduled,Ecuador,Mexico,self-edge,Johan Vásquez,shots,1,-110,2026-06-30T20:05:02.929516+00:00
ECU @ MEX,Scheduled,Ecuador,Mexico,self-edge,Johan Vásquez,fouls,1,-110,2026-06-30T20:05:02.929516+00:00
ECU @ MEX,Scheduled,Ecuador,Mexico,self-edge,Johan Vásquez,tackles,1,-110,2026-06-30T20:05:02.929516+00:00
ECU @ MEX,Scheduled,Ecuador,Mexico,self-edge,Johan Vásquez,passes,20,-110,2026-06-30T20:05:02.929516+00:00
ECU @ MEX,Scheduled,Ecuador,Mexico,self-edge,Johan Vásquez,corners,2,-110,2026-06-30T20:05:02.929516+00:00
ECU @ MEX,Scheduled,Ecuador,Mexico,self-edge,Jordy Alcívar,shots,1,-110,2026-06-30T20:05:02.929516+00:00
ECU @ MEX,Scheduled,Ecuador,Mexico,self-edge,Jordy Alcívar,fouls,1,-110,2026-06-30T20:05:02.929516+00:00
ECU @ MEX,Scheduled,Ecuador,Mexico,self-edge,Jordy Alcívar,tackles,1,-110,2026-06-30T20:05:02.929516+00:00
ECU @ MEX,Scheduled,Ecuador,Mexico,self-edge,Jordy Alcívar,passes,20,-110,2026-06-30T20:05:02.929516+00:00
ECU @ MEX,Scheduled,Ecuador,Mexico,self-edge,Jordy Alcívar,corners,2,-110,2026-06-30T20:05:02.929516+00:00
ECU @ MEX,Scheduled,Ecuador,Mexico,self-edge,Jordy Caicedo,shots,1,-110,2026-06-30T20:05:02.929516+00:00
ECU @ MEX,Scheduled,Ecuador,Mexico,self-edge,Jordy Caicedo,fouls,1,-110,2026-06-30T20:05:02.929516+00:00
ECU @ MEX,Scheduled,Ecuador,Mexico,self-edge,Jordy Caicedo,tackles,1,-110,2026-06-30T20:05:02.929516+00:00
ECU @ MEX,Scheduled,Ecuador,Mexico,self-edge,Jordy Caicedo,passes,20,-110,2026-06-30T20:05:02.929516+00:00
ECU @ MEX,Scheduled,Ecuador,Mexico,self-edge,Jordy Caicedo,corners,2,-110,2026-06-30T20:05:02.929516+00:00
ECU @ MEX,Scheduled,Ecuador,Mexico,self-edge,Jorge Sánchez,shots,1,-110,2026-06-30T20:05:02.929516+00:00
ECU @ MEX,Scheduled,Ecuador,Mexico,self-edge,Jorge Sánchez,fouls,1,-110,2026-06-30T20:05:02.929516+00:00
ECU @ MEX,Scheduled,Ecuador,Mexico,self-edge,Jorge Sánchez,tackles,1,-110,2026-06-30T20:05:02.929516+00:00
ECU @ MEX,Scheduled,Ecuador,Mexico,self-edge,Jorge Sánchez,passes,20,-110,2026-06-30T20:05:02.929516+00:00
ECU @ MEX,Scheduled,Ecuador,Mexico,self-edge,Jorge Sánchez,corners,2,-110,2026-06-30T20:05:02.929516+00:00
ECU @ MEX,Scheduled,Ecuador,Mexico,self-edge,Kendry Páez,shots,1,-110,2026-06-30T20:05:02.929516+00:00
ECU @ MEX,Scheduled,Ecuador,Mexico,self-edge,Kendry Páez,fouls,1,-110,2026-06-30T20:05:02.929516+00:00
ECU @ MEX,Scheduled,Ecuador,Mexico,self-edge,Kendry Páez,tackles,1,-110,2026-06-30T20:05:02.929516+00:00
ECU @ MEX,Scheduled,Ecuador,Mexico,self-edge,Kendry Páez,passes,20,-110,2026-06-30T20:05:02.929516+00:00
ECU @ MEX,Scheduled,Ecuador,Mexico,self-edge,Kendry Páez,corners,2,-110,2026-06-30T20:05:02.929516+00:00
ECU @ MEX,Scheduled,Ecuador,Mexico,self-edge,Kevin Rodríguez,shots,1,-110,2026-06-30T20:05:02.929516+00:00
ECU @ MEX,Scheduled,Ecuador,Mexico,self-edge,Kevin Rodríguez,fouls,1,-110,2026-06-30T20:05:02.929516+00:00
ECU @ MEX,Scheduled,Ecuador,Mexico,self-edge,Kevin Rodríguez,tackles,1,-110,2026-06-30T20:05:02.929516+00:00
ECU @ MEX,Scheduled,Ecuador,Mexico,self-edge,Kevin Rodríguez,passes,20,-110,2026-06-30T20:05:02.929516+00:00
ECU @ MEX,Scheduled,Ecuador,Mexico,self-edge,Kevin Rodríguez,corners,2,-110,2026-06-30T20:05:02.929516+00:00
ECU @ MEX,Scheduled,Ecuador,Mexico,self-edge,Luis Romo,shots,1,-110,2026-06-30T20:05:02.929516+00:00
ECU @ MEX,Scheduled,Ecuador,Mexico,self-edge,Luis Romo,fouls,1,-110,2026-06-30T20:05:02.929516+00:00
ECU @ MEX,Scheduled,Ecuador,Mexico,self-edge,Luis Romo,tackles,1,-110,2026-06-30T20:05:02.929516+00:00
ECU @ MEX,Scheduled,Ecuador,Mexico,self-edge,Luis Romo,passes,20,-110,2026-06-30T20:05:02.929516+00:00
ECU @ MEX,Scheduled,Ecuador,Mexico,self-edge,Luis Romo,corners,2,-110,2026-06-30T20:05:02.929516+00:00
ECU @ MEX,Scheduled,Ecuador,Mexico,self-edge,Mateo Chávez,shots,1,-110,2026-06-30T20:05:02.929516+00:00
ECU @ MEX,Scheduled,Ecuador,Mexico,self-edge,Mateo Chávez,fouls,1,-110,2026-06-30T20:05:02.929516+00:00
ECU @ MEX,Scheduled,Ecuador,Mexico,self-edge,Mateo Chávez,tackles,1,-110,2026-06-30T20:05:02.929516+00:00
ECU @ MEX,Scheduled,Ecuador,Mexico,self-edge,Mateo Chávez,passes,20,-110,2026-06-30T20:05:02.929516+00:00
ECU @ MEX,Scheduled,Ecuador,Mexico,self-edge,Mateo Chávez,corners,2,-110,2026-06-30T20:05:02.929516+00:00
ECU @ MEX,Scheduled,Ecuador,Mexico,self-edge,Moisés Ramírez,shots,1,-110,2026-06-30T20:05:02.929516+00:00
ECU @ MEX,Scheduled,Ecuador,Mexico,self-edge,Moisés Ramírez,fouls,1,-110,2026-06-30T20:05:02.929516+00:00
ECU @ MEX,Scheduled,Ecuador,Mexico,self-edge,Moisés Ramírez,tackles,1,-110,2026-06-30T20:05:02.929516+00:00
ECU @ MEX,Scheduled,Ecuador,Mexico,self-edge,Moisés Ramírez,passes,20,-110,2026-06-30T20:05:02.929516+00:00
ECU @ MEX,Scheduled,Ecuador,Mexico,self-edge,Moisés Ramírez,corners,2,-110,2026-06-30T20:05:02.929516+00:00
ECU @ MEX,Scheduled,Ecuador,Mexico,self-edge,Obed Vargas,shots,1,-110,2026-06-30T20:05:02.929516+00:00
ECU @ MEX,Scheduled,Ecuador,Mexico,self-edge,Obed Vargas,fouls,1,-110,2026-06-30T20:05:02.929516+00:00
ECU @ MEX,Scheduled,Ecuador,Mexico,self-edge,Obed Vargas,tackles,1,-110,2026-06-30T20:05:02.929516+00:00
ECU @ MEX,Scheduled,Ecuador,Mexico,self-edge,Obed Vargas,passes,20,-110,2026-06-30T20:05:02.929516+00:00
ECU @ MEX,Scheduled,Ecuador,Mexico,self-edge,Obed Vargas,corners,2,-110,2026-06-30T20:05:02.929516+00:00
ECU @ MEX,Scheduled,Ecuador,Mexico,self-edge,Orbelín Pineda,shots,1,-110,2026-06-30T20:05:02.929516+00:00
ECU @ MEX,Scheduled,Ecuador,Mexico,self-edge,Orbelín Pineda,fouls,1,-110,2026-06-30T20:05:02.929516+00:00
ECU @ MEX,Scheduled,Ecuador,Mexico,self-edge,Orbelín Pineda,tackles,1,-110,2026-06-30T20:05:02.929516+00:00
ECU @ MEX,Scheduled,Ecuador,Mexico,self-edge,Orbelín Pineda,passes,20,-110,2026-06-30T20:05:02.929516+00:00
ECU @ MEX,Scheduled,Ecuador,Mexico,self-edge,Orbelín Pineda,corners,2,-110,2026-06-30T20:05:02.929516+00:00
ECU @ MEX,Scheduled,Ecuador,Mexico,self-edge,Pervis Estupiñán,shots,1,-110,2026-06-30T20:05:02.929516+00:00
ECU @ MEX,Scheduled,Ecuador,Mexico,self-edge,Pervis Estupiñán,fouls,1,-110,2026-06-30T20:05:02.929516+00:00
ECU @ MEX,Scheduled,Ecuador,Mexico,self-edge,Pervis Estupiñán,tackles,1,-110,2026-06-30T20:05:02.929516+00:00
ECU @ MEX,Scheduled,Ecuador,Mexico,self-edge,Pervis Estupiñán,passes,20,-110,2026-06-30T20:05:02.929516+00:00
ECU @ MEX,Scheduled,Ecuador,Mexico,self-edge,Pervis Estupiñán,corners,2,-110,2026-06-30T20:05:02.929516+00:00
ECU @ MEX,Scheduled,Ecuador,Mexico,self-edge,Raúl Rangel,shots,1,-110,2026-06-30T20:05:02.929516+00:00
ECU @ MEX,Scheduled,Ecuador,Mexico,self-edge,Raúl Rangel,fouls,1,-110,2026-06-30T20:05:02.929516+00:00
ECU @ MEX,Scheduled,Ecuador,Mexico,self-edge,Raúl Rangel,tackles,1,-110,2026-06-30T20:05:02.929516+00:00
ECU @ MEX,Scheduled,Ecuador,Mexico,self-edge,Raúl Rangel,passes,20,-110,2026-06-30T20:05:02.929516+00:00
ECU @ MEX,Scheduled,Ecuador,Mexico,self-edge,Raúl Rangel,corners,2,-110,2026-06-30T20:05:02.929516+00:00
ECU @ MEX,Scheduled,Ecuador,Mexico,self-edge,Santiago Gimenez,shots,1,-110,2026-06-30T20:05:02.929516+00:00
ECU @ MEX,Scheduled,Ecuador,Mexico,self-edge,Santiago Gimenez,fouls,1,-110,2026-06-30T20:05:02.929516+00:00
ECU @ MEX,Scheduled,Ecuador,Mexico,self-edge,Santiago Gimenez,tackles,1,-110,2026-06-30T20:05:02.929516+00:00
ECU @ MEX,Scheduled,Ecuador,Mexico,self-edge,Santiago Gimenez,passes,20,-110,2026-06-30T20:05:02.929516+00:00
ECU @ MEX,Scheduled,Ecuador,Mexico,self-edge,Santiago Gimenez,corners,2,-110,2026-06-30T20:05:02.929516+00:00
ECU @ MEX,Scheduled,Ecuador,Mexico,self-edge,Yaimar Medina,shots,1,-110,2026-06-30T20:05:02.929516+00:00
ECU @ MEX,Scheduled,Ecuador,Mexico,self-edge,Yaimar Medina,fouls,1,-110,2026-06-30T20:05:02.929516+00:00
ECU @ MEX,Scheduled,Ecuador,Mexico,self-edge,Yaimar Medina,tackles,1,-110,2026-06-30T20:05:02.929516+00:00
ECU @ MEX,Scheduled,Ecuador,Mexico,self-edge,Yaimar Medina,passes,20,-110,2026-06-30T20:05:02.929516+00:00
ECU @ MEX,Scheduled,Ecuador,Mexico,self-edge,Yaimar Medina,corners,2,-110,2026-06-30T20:05:02.929516+00:00
ECU @ MEX,Scheduled,Ecuador,Mexico,self-edge,Álvaro Fidalgo,shots,1,-110,2026-06-30T20:05:02.929516+00:00
ECU @ MEX,Scheduled,Ecuador,Mexico,self-edge,Álvaro Fidalgo,fouls,1,-110,2026-06-30T20:05:02.929516+00:00
ECU @ MEX,Scheduled,Ecuador,Mexico,self-edge,Álvaro Fidalgo,tackles,1,-110,2026-06-30T20:05:02.929516+00:00
ECU @ MEX,Scheduled,Ecuador,Mexico,self-edge,Álvaro Fidalgo,passes,20,-110,2026-06-30T20:05:02.929516+00:00
ECU @ MEX,Scheduled,Ecuador,Mexico,self-edge,Álvaro Fidalgo,corners,2,-110,2026-06-30T20:05:02.929516+00:00
ECU @ MEX,Scheduled,Ecuador,Mexico,self-edge,Ángelo Preciado,shots,1,-110,2026-06-30T20:05:02.929516+00:00
ECU @ MEX,Scheduled,Ecuador,Mexico,self-edge,Ángelo Preciado,fouls,1,-110,2026-06-30T20:05:02.929516+00:00
ECU @ MEX,Scheduled,Ecuador,Mexico,self-edge,Ángelo Preciado,tackles,1,-110,2026-06-30T20:05:02.929516+00:00
ECU @ MEX,Scheduled,Ecuador,Mexico,self-edge,Ángelo Preciado,passes,20,-110,2026-06-30T20:05:02.929516+00:00
ECU @ MEX,Scheduled,Ecuador,Mexico,self-edge,Ángelo Preciado,corners,2,-110,2026-06-30T20:05:02.929516+00:00
